総合順位	No.	氏名	年齢	性別	居住地	総合記録	スイムラップ	S順	バイクラップ	B順	スプリット	通過	ランラップ	R順	ペナルティ	男子順位	女子順位	年代区分	年代順位
1	10	丸尾 公貞	39	男	愛媛県	8:30:47	0:46:39	14	4:13:49	2	5:00:28	2	3:30:19	6		1		M35-39	
2	4	髙橋 正俊	32	男	和歌山県	8:34:36	0:43:41	2	4:35:11	14	5:18:52	8	3:15:44	3		2		M30-34	
3	5	山岸 穂高	27	男	千葉県	8:35:54	0:46:57	16	4:14:56	3	5:01:53	3	3:34:01	13		3		M25-29	
4	421	本田 浩輝	27	男	大阪府	8:40:02	0:51:13	36	4:34:24	11	5:25:37	12	3:14:25	2		4		M25-29	
5	784	林 晃一	33	男	長崎県	8:41:22	0:53:11	52	4:35:34	15	5:28:45	13	3:12:37	1		5		M30-34	
6	694	前田 良孝	52	男	広島県	8:49:54	0:50:56	31	4:34:26	12	5:25:22	11	3:24:32	4		6		M50-54	
7	11	水谷 浩志	37	男	大阪府	8:57:11	0:45:48	8	4:37:23	19	5:23:11	9	3:34:00	12		7		M35-39	
8	374	田中 志宜	45	男	滋賀県	8:58:23	0:51:04	35	4:37:49	20	5:28:53	14	3:29:30	5		8		M45-49	
9	749	亀岡 貴史	43	男	愛媛県	9:01:02	0:50:35	28	4:39:44	23	5:30:19	17	3:30:43	7		9		M40-44	1
10	818	浅井 教夫	48	男	鳥取県	9:02:12	0:57:19	125	4:33:19	10	5:30:38	18	3:31:34	9		10		M45-49	1
11	2	谷 新吾	58	男	愛知県	9:03:14	0:53:05	50	4:36:13	17	5:29:18	16	3:33:56	11		11		M55-59	1
12	158	伊藤 駿	35	男	東京都	9:05:42	0:58:31	148	4:18:53	5	5:17:24	7	3:48:18	20		12		M35-39	1
13	7	宇治 公子	43	女	大阪府	9:08:44	0:48:55	21	4:46:55	37	5:35:50	24	3:32:54	10			1	F40-44	
14	395	金子 健太	31	男	京都府	9:09:05	0:56:35	110	4:34:44	13	5:31:19	19	3:37:46	14		13		M30-34	1
15	766	飯干 守道	44	男	福岡県	9:09:22	0:56:17	107	4:42:03	27	5:38:20	30	3:31:02	8		14		M40-44	2
16	801	森 信弥	32	男	鳥取県	9:10:09	1:00:59	222	4:16:16	4	5:17:15	6	3:52:54	26		15		M30-34	2
17	619	八山 雅幸	36	男	岡山県	9:10:44	0:54:56	78	4:30:25	8	5:25:21	10	3:45:23	17		16		M35-39	2
18	9	岡本 春香	40	女	岡山県	9:21:17	0:59:18	180	4:41:21	26	5:40:39	36	3:40:38	16			2	F40-44	
19	426	城阪 佳佑	39	男	大阪府	9:26:01	0:49:36	26	4:45:03	34	5:34:39	23	3:51:22	23		17		M35-39	3
20	428	西村 健太郎	40	男	大阪府	9:31:00	0:53:38	61	4:38:08	21	5:31:46	21	3:59:14	34		18		M40-44	3
21	804	木村 誉	39	男	鳥取県	9:31:04	0:53:05	49	4:36:10	16	5:29:15	15	4:01:49	37		19		M35-39	4
22	544	石原 隆司	54	男	兵庫県	9:32:59	0:55:40	92	4:42:43	29	5:38:23	31	3:54:36	27		20		M50-54	1
23	3	吉村 優介	38	男	山口県	9:33:54	0:46:49	15	4:25:25	6	5:12:14	4	4:21:40	71		21		M35-39	5
24	733	高原 陽一	46	男	香川県	9:35:11	0:54:49	73	4:49:20	44	5:44:09	40	3:51:02	22		22		M45-49	2
25	815	金澤 純	47	男	鳥取県	9:35:57	0:57:27	130	4:36:55	18	5:34:22	22	4:01:35	36		23		M45-49	3
26	420	宮武 諒成	26	男	大阪府	9:38:45	0:56:14	103	4:50:45	46	5:46:59	42	3:51:46	24		24		M25-29	1
27	8	髙橋 佳那	33	女	大阪府	9:42:12	1:01:05	226	5:02:09	70	6:03:14	81	3:38:58	15			3	F30-34	
28	823	恵美 平	49	男	鳥取県	9:47:29	0:54:55	77	4:44:56	33	5:39:51	35	4:07:38	44		25		M45-49	4
29	851	実重 誠吾	60	男	鳥取県	9:53:37	0:55:24	88	5:02:50	76	5:58:14	64	3:55:23	30		26		M60-64	1
30	25	中園 真理亜	31	女	東京都	9:55:31	1:00:50	216	5:02:19	71	6:03:09	79	3:52:22	25			4	F30-34	
31	810	仲田 圭佑	44	男	鳥取県	10:00:12	1:12:13	594	5:00:49	66	6:13:02	119	3:47:10	18		27		M40-44	4
32	258	炭谷 務	50	男	石川県	10:01:04	1:00:13	203	4:50:54	47	5:51:07	52	4:09:57	50		28		M50-54	2
33	508	島田 鏡平	28	男	兵庫県	10:01:24	0:51:03	33	4:40:42	24	5:31:45	20	4:29:39	92		29		M25-29	2
34	588	谷口 雅男	54	男	奈良県	10:02:28	1:01:04	224	4:57:44	59	5:58:48	66	4:03:40	40		30		M50-54	3
35	520	大西 智広	44	男	兵庫県	10:04:01	0:59:19	181	4:48:52	41	5:48:11	44	4:15:50	61		31		M40-44	5
36	507	中村 大和	25	男	兵庫県	10:04:42	0:50:47	30	4:46:32	36	5:37:19	27	4:27:23	86		32		M25-29	3
37	408	福成 忠	55	男	京都府	10:04:45	1:00:49	215	5:02:43	75	6:03:32	83	4:01:13	35		33		M55-59	2
38	578	中谷 啓太朗	20	男	奈良県	10:05:35	1:05:25	349	5:12:19	119	6:17:44	143	3:47:51	19		34		M0-24	1
39	741	岡 宏城	54	男	香川県	10:05:49	0:53:46	62	5:06:31	91	6:00:17	71	4:05:32	41		35		M50-54	4
40	216	中塚 貴文	35	男	神奈川県	10:08:00	0:51:33	37	4:47:30	38	5:39:03	33	4:28:57	90		36		M35-39	6
41	535	松下 友吾	53	男	兵庫県	10:08:16	1:03:20	280	4:52:44	51	5:56:04	59	4:12:12	53		37		M50-54	5
42	40	一本松 静香	31	女	愛知県	10:08:29	0:50:05	27	5:01:15	67	5:51:20	53	4:17:09	62			5	F30-34	
43	301	武田 直樹	32	男	愛知県	10:08:54	1:08:11	473	4:51:02	48	5:59:13	69	4:09:41	48		38		M30-34	3
44	522	石塚 淳一	46	男	兵庫県	10:09:33	0:59:07	166	4:49:45	45	5:48:52	46	4:20:41	67		39		M45-49	5
45	734	植松 高規	47	男	香川県	10:09:42	1:00:14	204	5:12:50	122	6:13:04	120	3:56:38	32		40		M45-49	6
46	776	北里 信雄	60	男	福岡県	10:09:50	0:45:58	12	5:06:24	89	5:52:22	55	4:17:28	63		41		M60-64	2
47	579	松村 彰太	41	男	奈良県	10:10:27	0:58:26	147	4:45:35	35	5:44:01	39	4:26:26	82		42		M40-44	6
48	655	梶原 幹夫	54	男	岡山県	10:10:43	1:09:27	520	5:05:41	88	6:15:08	132	3:55:35	31		43		M50-54	6
49	239	北野 恭次	55	男	神奈川県	10:11:28	0:56:16	105	5:07:14	96	6:03:30	82	4:07:58	45		44		M55-59	3
50	617	平田 寛	34	男	岡山県	10:11:59	0:57:09	120	4:48:02	39	5:45:11	41	4:26:48	83		45		M30-34	4
51	422	近藤 輝	34	男	大阪府	10:12:18	0:45:47	7	4:30:01	7	5:15:48	5	4:46:30	142	600	46		M30-34	5
52	155	佐藤 惠祐	25	男	東京都	10:12:22	1:02:03	248	4:56:57	57	5:59:00	67	4:13:22	56		47		M25-29	4
53	821	影山 太一	49	男	鳥取県	10:12:35	1:07:51	459	5:15:43	128	6:23:34	165	3:49:01	21		48		M45-49	7
54	843	山川 春夫	58	男	鳥取県	10:12:43	0:59:37	198	5:03:34	81	6:03:11	80	4:09:32	47		49		M55-59	4
55	746	田中 大祐	38	男	愛媛県	10:13:01	1:00:44	214	5:17:30	135	6:18:14	148	3:54:47	28		50		M35-39	7
56	172	多田 将英	49	男	東京都	10:13:34	1:03:01	275	5:03:19	80	6:06:20	90	4:07:14	43		51		M45-49	8
57	319	高田 大輔	48	男	愛知県	10:13:56	0:55:46	94	5:08:23	101	6:04:09	85	4:09:47	49		52		M45-49	9
58	14	森 陽平	42	男	沖縄県	10:16:47	0:57:09	119	4:54:29	55	5:51:38	54	4:25:09	78		53		M40-44	7
59	678	兒玉 宜紀	45	男	広島県	10:17:05	0:55:30	91	5:14:44	126	6:10:14	107	4:06:51	42		54		M45-49	10
60	525	工藤 顕	48	男	兵庫県	10:19:09	0:53:21	55	5:04:05	83	5:57:26	62	4:21:43	72		55		M45-49	11
61	798	長尾 悠太郎	29	男	鳥取県	10:21:31	0:45:43	5	5:05:00	87	5:50:43	49	4:30:48	96		56		M25-29	5
62	606	金沢 一平	50	男	島根県	10:22:08	0:59:36	196	5:09:27	107	6:09:03	101	4:13:05	55		57		M50-54	7
63	403	西川 剛	50	男	京都府	10:22:41	1:06:38	413	5:07:02	93	6:13:40	124	4:09:01	46		58		M50-54	8
64	269	岩瀬 弘明	54	男	山梨県	10:22:45	0:57:15	124	4:42:06	28	5:39:21	34	4:43:24	127		59		M50-54	9
65	340	青木 幸則	54	男	愛知県	10:23:10	1:04:09	307	4:57:45	60	6:01:54	75	4:21:16	69		60		M50-54	10
66	836	山野 健夫	54	男	鳥取県	10:24:12	0:49:00	22	5:09:18	105	5:58:18	65	4:25:54	80		61		M50-54	11
67	336	平川 弘和	53	男	愛知県	10:24:53	1:03:54	302	5:18:30	141	6:22:24	159	4:02:29	39		62		M50-54	12
68	13	小川 暁子	45	女	広島県	10:25:34	0:58:46	152	5:11:42	115	6:10:28	109	4:15:06	59			6	F45-49	
69	517	川村 鉄平	44	男	兵庫県	10:26:41	0:59:20	182	5:02:56	77	6:02:16	78	4:24:25	76		63		M40-44	8
70	673	迫 裕太郎	38	男	広島県	10:28:31	1:02:59	274	5:30:18	191	6:33:17	201	3:55:14	29		64		M35-39	8
71	447	山下 良平	49	男	大阪府	10:28:47	0:53:16	53	4:59:45	63	5:53:01	56	4:35:46	106		65		M45-49	12
72	437	大来 英之	48	男	大阪府	10:29:29	0:58:50	155	4:44:41	32	5:43:31	38	4:45:58	140		66		M45-49	13
73	809	尾﨑 功一	44	男	鳥取県	10:33:05	1:11:28	574	5:24:02	166	6:35:30	207	3:57:35	33		67		M40-44	9
74	402	藤井 倫洋	50	男	京都府	10:34:04	1:03:27	284	4:39:18	22	5:42:45	37	4:51:19	147		68		M50-54	13
75	817	島 秀佳	48	男	鳥取県	10:34:24	0:59:14	174	5:09:34	109	6:08:48	100	4:25:36	79		69		M45-49	14
76	231	河上 擁一	52	男	神奈川県	10:34:46	0:59:00	163	5:23:29	164	6:22:29	160	4:12:17	54		70		M50-54	14
77	682	内藤 隆行	48	男	広島県	10:35:08	1:01:38	237	5:07:27	97	6:09:05	102	4:26:03	81		71		M45-49	15
78	186	須田 光	52	男	東京都	10:38:23	0:52:58	48	5:29:38	188	6:22:36	162	4:15:47	60		72		M50-54	15
79	802	津村 亮介	36	男	鳥取県	10:39:03	1:03:31	286	4:33:01	9	5:36:32	25	5:02:31	173		73		M35-39	9
80	173	西 達也	49	男	東京都	10:39:15	1:01:40	239	5:07:27	98	6:09:07	103	4:30:08	94		74		M45-49	16
81	345	杉山 宗義	56	男	愛知県	10:39:37	0:59:21	183	4:59:56	64	5:59:17	70	4:40:20	120		75		M55-59	5
82	367	石井 航平	27	男	三重県	10:39:47	0:53:30	59	4:43:14	30	5:36:44	26	5:03:03	174		76		M25-29	6
83	190	舟木 功	54	男	東京都	10:41:34	0:54:12	66	5:20:28	148	6:14:40	131	4:26:54	84		77		M50-54	16
84	450	田畑 稔	49	男	大阪府	10:41:44	1:03:06	277	5:28:07	182	6:31:13	189	4:10:31	52		78		M45-49	17
85	497	鳥井 栄造	60	男	大阪府	10:42:31	0:59:23	185	5:14:22	125	6:13:45	125	4:28:46	87		79		M60-64	3
86	812	陶山 隆史	45	男	鳥取県	10:43:04	1:10:28	547	5:17:42	136	6:28:10	181	4:14:54	58		80		M45-49	18
87	221	杉浦 弘明	41	男	神奈川県	10:43:59	0:56:21	108	5:10:32	112	6:06:53	92	4:37:06	112		81		M40-44	10
88	587	林田 一真	54	男	奈良県	10:44:36	1:12:41	612	5:12:56	123	6:25:37	171	4:18:59	64		82		M50-54	17
89	523	永原 直哉	47	男	兵庫県	10:46:31	1:02:55	272	5:22:50	161	6:25:45	172	4:20:46	68		83		M45-49	19
90	112	浅野 朗宏	50	男	茨城県	10:46:56	1:02:37	266	5:24:01	165	6:26:38	176	4:20:18	65		84		M50-54	18
91	728	福村 航	54	男	山口県	10:47:37	1:11:46	582	5:00:18	65	6:12:04	113	4:35:33	105		85		M50-54	19
92	375	伊藤 朋一	47	男	滋賀県	10:47:45	0:55:45	93	5:09:42	110	6:05:27	87	4:42:18	126		86		M45-49	20
93	205	安藤 友久	61	男	東京都	10:47:50	1:00:58	221	5:13:24	124	6:14:22	129	4:33:28	99		87		M60-64	4
94	633	三村 英広	50	男	岡山県	10:49:28	1:06:50	419	5:21:58	155	6:28:48	182	4:20:40	66		88		M50-54	20
95	287	宮本 祐基	45	男	静岡県	10:50:02	1:00:30	210	5:26:42	175	6:27:12	177	4:22:50	73		89		M45-49	21
96	690	村岡 賢一郎	51	男	広島県	10:51:11	1:02:04	249	4:49:02	42	5:51:06	51	5:00:05	164		90		M50-54	21
97	759	野村 英史	52	男	高知県	10:51:23	0:47:29	19	5:27:04	179	6:14:33	130	4:36:50	110		91		M50-54	22
98	378	塚野 野英	51	男	滋賀県	10:51:51	1:05:58	380	5:01:26	68	6:07:24	96	4:44:27	129		92		M50-54	23
99	311	土方 宏紀	44	男	愛知県	10:53:31	1:07:53	461	5:08:10	100	6:16:03	135	4:37:28	113		93		M40-44	11
100	581	岡安 類	50	男	奈良県	10:53:51	0:53:47	63	4:55:45	56	5:49:32	47	5:04:19	182		94		M50-54	24
101	600	藤原 誠	46	男	島根県	10:54:50	1:05:37	360	5:25:50	171	6:31:27	193	4:23:23	74		95		M45-49	22
102	592	寺下 智也	46	男	和歌山県	10:55:01	1:01:58	245	5:12:16	118	6:14:14	128	4:40:47	121		96		M45-49	23
103	88	二分 陽子	43	女	鳥取県	10:55:14	0:51:41	38	5:22:06	156	6:13:47	126	4:41:27	122			7	F40-44	1
104	521	横山 幸平	44	男	兵庫県	10:55:24	0:56:51	114	5:20:43	150	6:17:34	142	4:37:50	114		97		M40-44	12
105	351	伊藤 明広	58	男	愛知県	10:55:44	1:00:20	207	5:09:30	108	6:09:50	106	4:45:54	138		98		M55-59	6
106	302	都築 和寛	35	男	愛知県	10:56:31	0:59:32	192	4:49:11	43	5:48:43	45	5:07:48	193		99		M35-39	10
107	346	中田 郁也	57	男	愛知県	10:57:28	1:06:45	416	5:27:13	180	6:33:58	204	4:23:30	75		100		M55-59	7
108	326	渡辺 真吾	50	男	愛知県	10:59:29	1:05:53	374	5:43:32	252	6:49:25	270	4:10:04	51		101		M50-54	25
109	585	小南 博康	53	男	奈良県	10:59:50	0:59:12	171	5:11:44	116	6:10:56	112	4:48:54	144		102		M50-54	26
110	28	生井 恭子	49	女	東京都	10:59:51	0:53:22	56	5:32:25	197	6:25:47	173	4:34:04	100			8	F45-49	1
111	365	高田 晋司	65	男	愛知県	11:01:23	1:09:54	529	5:12:49	121	6:22:43	163	4:38:40	115		103		M65+	1
112	702	亀山 智之	57	男	広島県	11:01:31	0:58:51	157	5:17:55	137	6:16:46	137	4:44:45	131		104		M55-59	8
113	69	吉岡 唯	33	女	岡山県	11:01:46	0:59:39	199	5:40:34	237	6:40:13	224	4:21:33	70			9	F30-34	1
114	238	藤井 元樹	54	男	神奈川県	11:03:14	0:45:30	3	5:21:05	153	6:06:35	91	4:56:39	158		105		M50-54	27
115	275	太田 祐介	41	男	岐阜県	11:03:21	1:09:26	518	5:52:03	305	7:01:29	323	4:01:52	38		106		M40-44	13
116	259	寺井 賢一	54	男	石川県	11:04:00	1:11:30	575	5:02:32	74	6:14:02	127	4:49:58	145		107		M50-54	28
117	462	川口 和也	52	男	大阪府	11:04:39	1:06:03	386	4:51:48	49	5:57:51	63	5:06:48	191		108		M50-54	29
118	182	金澤 信隆	51	男	東京都	11:05:42	1:00:44	213	5:30:38	192	6:31:22	190	4:34:20	102		109		M50-54	30
119	816	牧 良仁	47	男	鳥取県	11:06:25	0:58:54	159	5:31:07	194	6:30:01	186	4:36:24	108		110		M45-49	24
120	126	高松 徹	52	男	埼玉県	11:06:58	0:56:16	106	5:22:14	157	6:18:30	152	4:48:28	143		111		M50-54	31
121	605	門脇 誠	49	男	島根県	11:07:26	0:52:48	46	5:08:38	103	6:01:26	74	5:06:00	188		112		M45-49	25
122	423	渡邊 福太郎	35	男	大阪府	11:08:36	1:04:36	319	4:57:30	58	6:02:06	77	5:06:30	190		113		M35-39	11
123	736	地良田 大介	48	男	香川県	11:09:18	1:03:42	294	5:26:09	173	6:29:51	185	4:39:27	116		114		M45-49	26
124	427	由光 敬一郎	39	男	大阪府	11:09:29	0:54:53	75	5:18:25	140	6:13:18	121	4:56:11	156		115		M35-39	12
125	707	茅野 真	59	男	広島県	11:10:13	1:08:27	482	5:34:38	211	6:43:05	239	4:27:08	85		116		M55-59	9
126	799	植田 耕佑	30	男	鳥取県	11:11:40	0:54:30	69	5:15:08	127	6:09:38	105	5:02:02	170		117		M30-34	6
127	459	山本 準	52	男	大阪府	11:13:25	1:07:55	463	5:40:57	239	6:48:52	264	4:24:33	77		118		M50-54	32
128	382	勝見 万喜	56	男	滋賀県	11:15:20	1:02:58	273	5:09:15	104	6:12:13	115	5:03:07	175		119		M55-59	10
129	204	小木曽 琢弥	60	男	東京都	11:15:36	1:01:31	234	5:34:13	208	6:35:44	208	4:39:52	118		120		M60-64	5
130	313	野口 克彦	45	男	愛知県	11:16:04	1:02:17	255	4:59:42	62	6:01:59	76	5:14:05	213		121		M45-49	27
131	597	永瀬 大輔	43	男	島根県	11:18:22	0:59:15	175	5:08:00	99	6:07:15	94	5:11:07	204		122		M40-44	14
132	127	陸田 典志	52	男	埼玉県	11:19:19	1:06:02	385	5:44:22	256	6:50:24	275	4:28:55	89		123		M50-54	33
133	369	森本 均	54	男	三重県	11:19:37	1:07:22	442	5:41:41	241	6:49:03	266	4:30:34	95		124		M50-54	34
134	526	吉田 龍也	49	男	兵庫県	11:20:01	1:12:17	595	5:03:17	78	6:15:34	134	5:04:27	183		125		M45-49	28
135	83	篭島 菖子	35	女	福岡県	11:20:05	1:09:01	504	5:09:24	106	6:18:25	150	5:01:40	169			10	F35-39	1
136	686	宇田 浩	50	男	広島県	11:20:10	1:08:05	467	5:02:27	72	6:10:32	110	5:09:38	203		126		M50-54	35
137	657	佐倉 裕一	57	男	岡山県	11:20:23	0:58:12	143	5:19:53	144	6:18:05	146	5:02:18	171		127		M55-59	11
138	430	坂脇 直人	43	男	大阪府	11:22:00	0:57:25	129	5:03:44	82	6:01:09	73	5:20:51	235		128		M40-44	15
139	398	七間 英治郎	48	男	京都府	11:22:19	1:11:42	579	5:25:24	170	6:37:06	214	4:45:13	135		129		M45-49	29
140	806	岡田 重敏	42	男	鳥取県	11:23:13	1:00:56	220	5:22:24	158	6:23:20	164	4:59:53	163		130		M40-44	16
141	796	比嘉 恒仁	27	男	鳥取県	11:23:22	1:03:36	289	5:44:28	257	6:48:04	260	4:35:18	104		131		M25-29	7
142	108	須佐 尚揮	33	男	茨城県	11:23:39	0:57:56	137	5:33:27	205	6:31:23	191	4:52:16	148		132		M30-34	7
143	217	永島 優作	36	男	神奈川県	11:23:49	1:03:35	288	5:29:24	187	6:32:59	198	4:50:50	146		133		M35-39	13
144	742	溝口 章司	62	男	香川県	11:24:01	0:59:33	193	5:16:38	133	6:16:11	136	5:07:50	194		134		M60-64	6
145	333	坂田 篤	52	男	愛知県	11:24:10	1:01:55	243	5:16:18	131	6:18:13	147	5:05:57	186		135		M50-54	36
146	133	飯塚 洋一	63	男	埼玉県	11:24:58	0:56:31	109	5:25:07	169	6:21:38	157	5:03:20	176		136		M60-64	7
147	683	緒方 裕司	48	男	広島県	11:25:39	1:05:02	331	5:02:27	73	6:07:29	97	5:18:10	230		137		M45-49	30
148	341	榊原 隆浩	54	男	愛知県	11:25:45	0:59:22	184	5:46:19	268	6:45:41	249	4:40:04	119		138		M50-54	37
149	625	井上 健一	44	男	岡山県	11:26:20	0:58:40	151	4:52:05	50	5:50:45	50	5:35:35	291		139		M40-44	17
150	476	福田 英雄	54	男	大阪府	11:27:38	1:08:35	488	5:44:29	259	6:53:04	290	4:34:34	103		140		M50-54	38
151	620	芳賀 正裕	39	男	岡山県	11:27:42	0:54:46	72	5:24:25	168	6:19:11	155	5:08:31	199		141		M35-39	14
152	461	中野 徹	52	男	大阪府	11:29:41	0:54:22	67	5:06:26	90	6:00:48	72	5:28:53	264		142		M50-54	39
153	738	三木 勝之	51	男	香川県	11:30:34	1:01:12	230	5:33:23	204	6:34:35	206	4:55:59	154		143		M50-54	40
154	71	近藤 佐枝	49	女	岡山県	11:31:37	1:06:04	387	5:43:54	254	6:49:58	274	4:41:39	123			11	F45-49	2
155	194	松村 浩夫	57	男	東京都	11:31:39	0:56:14	104	5:42:35	243	6:38:49	221	4:52:50	149		144		M55-59	12
156	740	佐藤 昭則	52	男	香川県	11:32:04	1:04:19	310	5:18:13	139	6:22:32	161	5:09:32	201		145		M50-54	41
157	475	杉浦 誠	54	男	大阪府	11:33:08	0:54:31	70	5:20:56	152	6:15:27	133	5:17:41	226		146		M50-54	42
158	630	疋田 孝喜	49	男	岡山県	11:33:19	0:49:26	25	5:07:09	94	5:56:35	60	5:36:44	303		147		M45-49	31
159	225	渋屋 隆一	49	男	神奈川県	11:33:54	1:02:36	265	5:46:08	267	6:48:44	262	4:45:10	133		148		M45-49	32
160	700	大田 慎三	55	男	広島県	11:34:33	0:47:26	18	5:20:35	149	6:08:01	99	5:26:32	256		149		M55-59	13
161	84	池口 いずみ	25	女	佐賀県	11:34:53	0:45:52	10	5:32:49	201	6:18:41	153	5:16:12	220			12	F25-29	1
162	383	依田 茂樹	56	男	滋賀県	11:35:08	0:59:15	176	5:49:49	292	6:49:04	267	4:46:04	141		150		M55-59	14
163	406	大西 伸	55	男	京都府	11:35:20	1:08:19	478	5:58:08	344	7:06:27	349	4:28:53	88		151		M55-59	15
164	445	平山 道夫	49	男	大阪府	11:36:17	0:56:46	113	5:55:01	316	6:51:47	284	4:44:30	130		152		M45-49	33
165	77	斉藤 浩美	51	女	広島県	11:37:22	0:51:53	41	5:32:30	198	6:24:23	166	5:12:59	210			13	F50-54	1
166	339	神野 茂	54	男	愛知県	11:37:53	1:09:37	524	5:59:10	349	7:08:47	362	4:29:06	91		153		M50-54	43
167	448	長田 貴志	49	男	大阪府	11:38:24	1:03:05	276	5:09:55	111	6:13:00	118	5:25:24	254		154		M45-49	34
168	257	苗島 豊	46	男	石川県	11:38:38	0:59:26	187	5:36:50	219	6:36:16	210	5:02:22	172		155		M45-49	35
169	418	横山 輝孟	20	男	大阪府	11:39:21	1:00:55	219	5:16:11	129	6:17:06	139	5:22:15	241		156		M0-24	2
170	534	小野寺 毅	53	男	兵庫県	11:39:50	0:56:59	117	5:38:49	229	6:35:48	209	5:04:02	180		157		M50-54	44
171	449	西川 智之	49	男	大阪府	11:40:15	0:59:32	191	5:17:27	134	6:16:59	138	5:23:16	244		158		M45-49	36
172	241	藤本 徳正	56	男	神奈川県	11:41:02	0:56:11	102	5:29:00	185	6:25:11	168	5:15:51	219		159		M55-59	16
173	848	家高 謙児	59	男	鳥取県	11:41:36	0:58:00	138	5:19:59	145	6:17:59	144	5:23:37	246		160		M55-59	17
174	745	浅木 太一	33	男	愛媛県	11:41:56	1:00:16	205	5:57:40	337	6:57:56	309	4:44:00	128		161		M30-34	8
175	467	水沢 慶一	52	男	大阪府	11:42:46	1:04:27	315	5:42:39	245	6:47:06	256	4:55:40	152		162		M50-54	45
176	648	森 敬太郎	52	男	岡山県	11:43:01	0:49:23	24	5:18:10	138	6:07:33	98	5:35:28	288		163		M50-54	46
177	54	枝 清美	52	女	大阪府	11:43:48	1:12:17	596	5:58:37	347	7:10:54	372	4:32:54	98			14	F50-54	2
178	66	岡安 多鶴	49	女	奈良県	11:44:10	1:16:57	699	6:13:30	427	7:30:27	463	4:13:43	57			15	F45-49	3
179	601	坂本 誠治	47	男	島根県	11:44:55	1:05:31	355	5:57:27	335	7:02:58	332	4:41:57	125		164		M45-49	37
180	854	石川 幸弘	63	男	鳥取県	11:45:36	1:01:56	244	5:30:48	193	6:32:44	197	5:12:52	208		165		M60-64	8
181	618	佐伯 領真	35	男	岡山県	11:45:48	1:03:33	287	5:38:16	227	6:41:49	232	5:03:59	179		166		M35-39	15
182	788	米田 光男	53	男	熊本県	11:45:54	0:56:58	116	5:31:08	195	6:28:06	180	5:17:48	227		167		M50-54	47
183	26	小倉 遥	38	女	東京都	11:45:55	0:55:00	80	6:09:01	406	7:04:01	337	4:41:54	124			16	F35-39	2
184	458	佐伯 英晃	52	男	大阪府	11:46:04	1:06:20	401	5:11:10	113	6:17:30	141	5:28:34	260		168		M50-54	48
185	355	藤原 成祥	58	男	愛知県	11:46:19	1:07:42	453	5:30:12	190	6:37:54	217	5:08:25	197		169		M55-59	18
186	176	松尾 良次	50	男	東京都	11:46:35	1:02:46	270	5:42:58	248	6:45:44	250	5:00:51	165		170		M50-54	49
187	561	西馬 浩一	59	男	兵庫県	11:46:58	0:58:07	142	5:20:16	147	6:18:23	149	5:28:35	261		171		M55-59	19
188	384	西村 卓也	56	男	滋賀県	11:47:20	1:06:41	414	5:42:41	247	6:49:22	269	4:57:58	160		172		M55-59	20
189	616	乙部 博章	30	男	岡山県	11:49:02	0:59:25	186	5:31:30	196	6:30:55	187	5:18:07	229		173		M30-34	9
190	834	丸山 誠	53	男	鳥取県	11:49:24	0:47:10	17	5:23:24	162	6:10:34	111	5:38:50	313		174		M50-54	50
191	317	モンテイロ コスメジョセ	48	男	愛知県	11:49:29	1:04:51	326	5:12:38	120	6:17:29	140	5:32:00	270		175		M45-49	38
192	237	鎌田 憲一郎	54	男	神奈川県	11:49:31	0:57:32	134	5:35:42	214	6:33:14	200	5:16:17	221		176		M50-54	51
193	545	吉澤 峰青	55	男	兵庫県	11:49:47	0:53:31	60	5:11:38	114	6:05:09	86	5:44:38	339		177		M55-59	21
194	407	上﨑 尚吾	55	男	京都府	11:49:57	1:03:36	290	5:28:26	183	6:32:02	194	5:17:55	228		178		M55-59	22
195	387	音川 和也	62	男	滋賀県	11:50:24	1:06:32	409	5:19:03	143	6:25:35	170	5:24:49	250		179		M60-64	9
196	85	森川 さつき	48	女	熊本県	11:53:06	0:59:33	194	5:49:46	291	6:49:19	268	5:03:47	178			17	F45-49	4
197	612	井上 盛文	64	男	島根県	11:53:14	1:01:35	235	5:37:46	224	6:39:21	222	5:13:53	212		180		M60-64	10
198	808	大山 佑史	44	男	鳥取県	11:53:26	0:52:03	44	5:20:53	151	6:12:56	117	5:40:30	321		181		M40-44	18
199	814	小椋 暢介	47	男	鳥取県	11:53:32	0:58:50	156	5:45:41	264	6:44:31	242	5:09:01	200		182		M45-49	39
200	270	田中 はじめ	54	男	山梨県	11:53:51	1:09:41	527	6:07:07	396	7:16:48	398	4:37:03	111		183		M50-54	52
201	433	出口 恵司	46	男	大阪府	11:54:07	1:08:59	501	5:38:07	226	6:47:06	255	5:07:01	192		184		M45-49	40
202	103	齋藤 啓吾	49	男	宮城県	11:54:41	1:10:53	562	6:04:20	377	7:15:13	391	4:39:28	117		185		M45-49	41
203	388	杉慰 諭	63	男	滋賀県	11:54:58	1:04:03	305	5:53:45	310	6:57:48	306	4:57:10	159		186		M60-64	11
204	276	信夫 秀樹	43	男	岐阜県	11:55:14	1:03:24	282	5:34:14	209	6:37:38	215	5:17:36	225		187		M40-44	19
205	306	松本 宗太郎	40	男	愛知県	11:56:01	0:45:50	9	5:23:28	163	6:09:18	104	5:46:43	348		188		M40-44	20
206	763	麻崎 雄太	33	男	福岡県	11:57:39	1:11:59	587	5:59:44	354	7:11:43	381	4:45:56	139		189		M30-34	10
207	75	伊藤 裕美	48	女	広島県	11:57:50	1:07:22	443	6:18:42	449	7:26:04	446	4:31:46	97			18	F45-49	5
208	842	遠藤 郁幸	57	男	鳥取県	11:59:09	1:09:11	512	5:50:25	294	6:59:36	317	4:59:33	161		190		M55-59	23
209	529	丸田 貴之	50	男	兵庫県	11:59:20	1:02:28	260	5:55:22	319	6:57:50	308	5:01:30	168		191		M50-54	53
210	748	宮下 和洋	43	男	愛媛県	11:59:36	0:51:45	39	5:18:42	142	6:10:27	108	5:49:09	356		192		M40-44	21
211	511	森崎 祐紀	35	男	兵庫県	11:59:40	1:06:55	422	5:56:42	330	7:03:37	336	4:56:03	155		193		M35-39	16
212	670	川口 諄	31	男	広島県	12:00:16	0:53:20	54	5:20:16	146	6:13:36	123	5:46:40	347		194		M30-34	11
213	640	森内 達夫	51	男	岡山県	12:01:12	1:09:53	528	5:36:36	218	6:46:29	252	5:14:43	216		195		M50-54	54
214	215	古山 大	30	男	神奈川県	12:01:24	0:43:20	1	4:54:05	53	5:37:25	28	6:13:59	489	600	196		M30-34	12
215	385	小椋 泰和	58	男	滋賀県	12:01:58	1:10:35	552	5:47:13	273	6:57:48	305	5:04:10	181		197		M55-59	24
216	23	宮崎 美菜子	51	女	埼玉県	12:02:42	0:59:14	173	5:33:01	202	6:32:15	195	5:30:27	266			19	F50-54	3
217	240	滝沢 登	56	男	神奈川県	12:03:03	1:05:18	341	5:42:37	244	6:47:55	259	5:15:08	217		198		M55-59	25
218	556	永谷 達也	58	男	兵庫県	12:03:48	0:52:55	47	5:38:29	228	6:31:24	192	5:32:24	272		199		M55-59	26
219	654	前田 邦男	54	男	岡山県	12:04:19	1:19:39	742	5:43:16	250	7:02:55	330	5:01:24	167		200		M50-54	55
220	586	安田 圭宏	54	男	奈良県	12:04:39	1:16:53	696	6:02:17	366	7:19:10	411	4:45:29	137		201		M50-54	56
221	226	河田 哲	50	男	神奈川県	12:04:56	1:04:52	327	5:37:49	225	6:42:41	236	5:22:15	242		202		M50-54	57
222	830	前田 真教	52	男	鳥取県	12:05:45	1:05:23	347	5:26:58	178	6:32:21	196	5:33:24	278		203		M50-54	58
223	277	田中 康博	49	男	岐阜県	12:06:25	0:59:28	188	5:33:32	206	6:33:00	199	5:33:25	279		204		M45-49	42
224	698	藤井 博行	54	男	広島県	12:06:51	1:09:57	531	6:11:50	419	7:21:47	427	4:45:04	132		205		M50-54	59
225	89	吉原 尚子	45	女	鳥取県	12:07:50	0:51:02	32	5:36:31	217	6:27:33	178	5:40:17	320			20	F45-49	6
226	737	横山 亮二	49	男	香川県	12:08:14	1:06:12	397	5:37:10	221	6:43:22	240	5:24:52	251		206		M45-49	43
227	636	山部 真一	50	男	岡山県	12:10:36	0:55:28	90	5:50:01	293	6:45:29	246	5:25:07	252		207		M50-54	60
228	125	鈴木 博之	50	男	埼玉県	12:10:52	1:17:49	729	6:07:51	402	7:25:40	444	4:45:12	134		208		M50-54	61
229	273	石井 彰	63	男	長野県	12:11:55	1:05:47	369	6:00:49	360	7:06:36	350	5:05:19	185		209		M60-64	12
230	416	諸橋 和之	66	男	京都府	12:12:54	1:06:25	406	5:56:47	331	7:03:12	335	4:59:42	162	600	210		M65+	2
231	635	伊藤 俊一郎	50	男	岡山県	12:13:00	1:05:45	367	5:43:10	249	6:48:55	265	5:24:05	247		211		M50-54	62
232	214	丸 知司	69	男	東京都	12:15:10	0:54:58	79	6:06:54	394	7:01:52	325	5:13:18	211		212		M65+	3
233	394	峰瀬 博生	30	男	京都府	12:16:46	0:55:09	85	5:12:12	117	6:07:21	95	6:09:25	462		213		M30-34	13
234	320	姉崎 景虎	49	男	愛知県	12:17:32	1:06:28	407	5:56:39	329	7:03:07	333	5:14:25	215		214		M45-49	44
235	555	野津 賢治	58	男	兵庫県	12:18:01	0:59:30	190	5:06:49	92	6:06:19	89	6:11:42	477		215		M55-59	27
236	290	渡辺 健二	51	男	静岡県	12:18:16	1:08:12	474	5:46:31	270	6:54:43	294	5:23:33	245		216		M50-54	63
237	659	藤井 靖幸	58	男	岡山県	12:18:30	1:07:09	433	5:37:44	222	6:44:53	244	5:33:37	280		217		M55-59	28
238	242	泉 治郎	57	男	神奈川県	12:18:37	1:03:36	291	5:54:51	315	6:58:27	314	5:20:10	232		218		M55-59	29
239	76	坂根 三保	50	女	広島県	12:19:07	0:54:45	71	5:56:17	326	6:51:02	278	5:28:05	258			21	F50-54	4
240	456	尾崎 充則	51	男	大阪府	12:19:13	1:01:38	236	6:06:16	390	7:07:54	357	5:11:19	205		219		M50-54	64
241	468	大杉 竜哉	53	男	大阪府	12:20:08	1:06:22	404	5:56:34	327	7:02:56	331	5:17:12	223		220		M50-54	65
242	52	永長 直美	49	女	大阪府	12:20:18	1:03:39	292	5:55:19	317	6:58:58	316	5:21:20	239			22	F45-49	7
243	47	藤井 亜紀子	49	女	京都府	12:20:55	1:12:48	616	5:39:30	232	6:52:18	286	5:28:37	262			23	F45-49	8
244	246	鷲田 覚	58	男	神奈川県	12:21:08	0:55:27	89	5:46:57	272	6:42:24	234	5:38:44	311		221		M55-59	30
245	703	牟田 敏晃	57	男	広島県	12:21:26	1:04:53	328	6:08:30	404	7:13:23	387	5:08:03	195		222		M55-59	31
246	362	石川 厚司	63	男	愛知県	12:21:42	1:20:13	749	6:16:14	436	7:36:27	493	4:45:15	136		223		M60-64	13
247	720	中本 行宏	69	男	広島県	12:22:11	1:10:34	550	6:05:12	385	7:15:46	394	5:06:25	189		224		M65+	4
248	725	吉谷 邦宏	52	男	山口県	12:22:22	1:02:25	259	6:04:12	375	7:06:37	351	5:15:45	218		225		M50-54	66
249	330	清水 幸哉	51	男	愛知県	12:22:28	1:00:22	208	5:29:15	186	6:29:37	184	5:52:51	370		226		M50-54	67
250	295	大橋 満	56	男	静岡県	12:22:42	1:16:57	698	6:09:56	410	7:26:53	448	4:55:49	153		227		M55-59	32
251	299	伴野 大成	26	男	愛知県	12:22:55	1:06:09	394	5:40:26	236	6:46:35	253	5:36:20	297		228		M25-29	8
252	478	土井 誠	55	男	大阪府	12:23:46	0:56:08	99	6:07:01	395	7:03:09	334	5:20:37	234		229		M55-59	33
253	650	若林 克彦	53	男	岡山県	12:24:01	1:27:29	788	6:20:17	463	7:47:46	557	4:36:15	107		230		M50-54	68
254	484	松下 隆	56	男	大阪府	12:24:24	1:07:01	426	5:34:24	210	6:41:25	229	5:42:59	333		231		M55-59	34
255	510	森本 丈士	33	男	兵庫県	12:24:37	1:18:07	734	5:37:45	223	6:55:52	299	5:28:45	263		232		M30-34	14
256	731	木本 翔	28	男	徳島県	12:24:58	0:57:19	126	5:21:06	154	6:18:25	151	6:06:33	446		233		M25-29	9
257	392	米倉 宏亨	73	男	滋賀県	12:25:31	1:07:17	438	5:57:12	334	7:04:29	340	5:21:02	237		234		M65+	5
258	44	丹波 ちひろ	25	女	京都府	12:26:04	1:08:46	495	6:40:41	573	7:49:27	570	4:36:37	109			24	F25-29	2
259	569	野口 英雄	62	男	兵庫県	12:26:14	0:58:32	149	5:45:46	265	6:44:18	241	5:41:56	328		235		M60-64	14
260	839	長谷川 和秀	56	男	鳥取県	12:26:40	1:07:53	462	5:57:56	341	7:05:49	345	5:20:51	236		236		M55-59	35
261	516	桐 知巳	43	男	兵庫県	12:26:46	1:12:19	598	6:19:24	458	7:31:43	472	4:55:03	150		237		M40-44	22
262	477	高野 慎一	54	男	大阪府	12:26:52	0:55:52	96	5:48:48	284	6:44:40	243	5:42:12	330		238		M50-54	69
263	623	黒江 拓哉	42	男	岡山県	12:26:58	1:11:46	581	6:40:54	579	7:52:40	578	4:34:18	101		239		M40-44	23
264	200	鈴木 仙一	59	男	東京都	12:27:06	0:54:27	68	5:48:06	281	6:42:33	235	5:44:33	338		240		M55-59	36
265	762	春本 俊	30	男	福岡県	12:27:11	1:17:51	730	5:57:52	340	7:15:43	393	5:11:28	206		241		M30-34	15
266	747	吉川 匡希	39	男	愛媛県	12:27:28	0:59:13	172	6:07:41	400	7:06:54	355	5:20:34	233		242		M35-39	17
267	603	上原 隆幸	48	男	島根県	12:28:49	0:56:11	101	5:40:51	238	6:37:02	213	5:51:47	368		243		M45-49	45
268	27	須藤 友子	48	女	東京都	12:29:20	0:55:04	83	6:28:19	516	7:23:23	433	5:05:57	187			25	F45-49	9
269	492	田中 一正	58	男	大阪府	12:30:21	0:55:55	97	5:44:28	258	6:40:23	226	5:49:58	362		244		M55-59	37
270	74	蛯名 茜	40	女	広島県	12:30:35	1:06:10	395	6:03:22	369	7:09:32	365	5:21:03	238			26	F40-44	2
271	845	山口 謙司	59	男	鳥取県	12:30:52	1:14:18	645	5:04:25	84	6:18:43	154	6:12:09	481		245		M55-59	38
272	622	太田 晃生	42	男	岡山県	12:31:10	0:51:55	42	5:33:21	203	6:25:16	169	6:05:54	440		246		M40-44	24
273	658	早川 昌幸	58	男	岡山県	12:31:11	1:04:35	318	6:03:33	371	7:08:08	358	5:23:03	243		247		M55-59	39
274	271	長澤 宏隆	59	男	山梨県	12:31:56	1:00:17	206	4:54:08	54	5:54:25	57	6:37:31	574		248		M55-59	40
275	844	森田 哲博	58	男	鳥取県	12:32:44	1:11:50	584	5:26:54	177	6:38:44	220	5:54:00	374		249		M55-59	41
276	833	仙田 隆宏	53	男	鳥取県	12:32:52	0:45:41	4	5:48:46	282	6:34:27	205	5:58:25	395		250		M50-54	70
277	79	岡田 亜由美	58	女	山口県	12:32:56	1:06:06	390	6:02:04	365	7:08:10	359	5:24:46	249			27	F55-59	1
278	780	渡邉 光雄	65	男	福岡県	12:33:18	1:08:10	472	5:49:36	290	6:57:46	304	5:35:32	290		251		M65+	6
279	524	三田 博史	48	男	兵庫県	12:34:06	1:07:09	432	5:04:59	86	6:12:08	114	6:21:58	526		252		M45-49	46
280	571	山口 孝	63	男	兵庫県	12:34:06	1:05:11	335	5:37:10	220	6:42:21	233	5:51:45	367		253		M60-64	15
281	825	古田 善彦	51	男	鳥取県	12:34:58	0:59:03	164	5:46:33	271	6:45:36	248	5:49:22	359		254		M50-54	71
282	672	河村 拓真	37	男	広島県	12:36:09	1:06:00	382	5:53:37	309	6:59:37	318	5:36:32	299		255		M35-39	18
283	161	田川 翔太	38	男	東京都	12:36:17	1:13:22	627	6:17:39	445	7:31:01	467	5:05:16	184		256		M35-39	19
284	724	高藤 裕一	51	男	山口県	12:36:49	1:02:28	261	5:55:21	318	6:57:49	307	5:39:00	315		257		M50-54	72
285	515	高瀬 一嘉	43	男	兵庫県	12:37:30	1:13:57	637	5:40:19	235	6:54:16	293	5:43:14	334		258		M40-44	25
286	413	北原 学	62	男	京都府	12:38:12	1:06:44	415	5:44:34	262	6:51:18	280	5:46:54	349		259		M60-64	16
287	573	嶋岡 淳	66	男	兵庫県	12:40:04	1:11:27	573	6:20:12	462	7:31:39	470	5:08:25	198		260		M65+	7
288	530	板谷 知晃	50	男	兵庫県	12:40:30	1:02:41	269	5:44:11	255	6:46:52	254	5:53:38	372		261		M50-54	73
289	381	安齋 和真	54	男	滋賀県	12:41:07	1:07:27	445	6:37:13	556	7:44:40	540	4:56:27	157		262		M50-54	74
290	350	日笠 浩一	58	男	愛知県	12:41:34	0:54:52	74	5:38:50	230	6:33:42	203	6:07:52	453		263		M55-59	42
291	197	石塚 朋樹	58	男	東京都	12:41:40	1:13:57	639	6:03:37	373	7:17:34	400	5:24:06	248		264		M55-59	43
292	175	松澤 誠司	50	男	東京都	12:41:46	1:01:05	225	5:51:47	303	6:52:52	289	5:48:54	355		265		M50-54	75
293	615	川本 雄大	29	男	岡山県	12:42:36	1:09:21	515	5:48:51	285	6:58:12	312	5:44:24	337		266		M25-29	10
294	466	阪本 直樹	52	男	大阪府	12:43:58	1:08:17	476	5:50:26	295	6:58:43	315	5:45:15	341		267		M50-54	76
295	198	中田 哲	59	男	東京都	12:44:07	1:07:47	454	7:06:30	701	8:14:17	683	4:29:50	93		268		M55-59	44
296	656	上野 剛	56	男	岡山県	12:44:39	1:03:31	285	5:58:36	346	7:02:07	326	5:42:32	331		269		M55-59	45
297	660	小川 浩二	59	男	岡山県	12:44:58	1:01:11	229	6:05:02	384	7:06:13	346	5:38:45	312		270		M55-59	46
298	364	安永 道直	65	男	愛知県	12:45:08	1:09:25	517	6:02:02	364	7:11:27	377	5:33:41	282		271		M65+	8
299	439	日置 大吾	48	男	大阪府	12:45:32	1:06:47	417	5:44:33	260	6:51:20	281	5:54:12	377		272		M45-49	47
300	453	高田 耕平	50	男	大阪府	12:45:42	1:09:04	506	6:00:43	358	7:09:47	367	5:35:55	294		273		M50-54	77
301	471	濱西 隆広	53	男	大阪府	12:45:55	1:17:17	710	5:58:24	345	7:15:41	392	5:30:14	265		274		M50-54	78
302	732	神澤 城司	40	男	香川県	12:46:15	1:12:34	608	6:24:06	484	7:36:40	498	5:09:35	202		275		M40-44	26
303	268	高島 千秋	63	男	福井県	12:46:46	1:05:59	381	5:32:34	199	6:38:33	219	6:08:13	455		276		M60-64	17
304	400	神谷 祐介	49	男	京都府	12:47:14	1:02:33	263	5:42:40	246	6:45:13	245	6:02:01	413		277		M45-49	48
305	376	植田 武士	47	男	滋賀県	12:47:46	1:14:45	651	6:29:30	523	7:44:15	539	5:03:31	177		278		M45-49	49
306	45	神谷 光代	39	女	京都府	12:47:57	1:02:09	251	6:12:44	423	7:14:53	390	5:33:04	276			28	F35-39	3
307	343	菅谷 俊宏	55	男	愛知県	12:48:01	0:55:02	82	5:47:45	279	6:42:47	237	6:05:14	433		279		M55-59	47
308	624	高山 郁生	43	男	岡山県	12:48:07	0:51:03	34	6:19:00	451	7:10:03	369	5:38:04	307		280		M40-44	27
309	431	隅田 一徳	43	男	大阪府	12:48:15	0:54:55	76	5:36:07	216	6:31:02	188	6:17:13	502		281		M40-44	28
310	283	森 智弘	57	男	岐阜県	12:48:26	1:06:28	408	6:00:16	356	7:06:44	353	5:41:42	325		282		M55-59	48
311	481	尾藤 航治	55	男	大阪府	12:48:33	1:05:09	333	6:16:48	440	7:21:57	428	5:26:36	257		283		M55-59	49
312	399	伊藤 陽之	49	男	京都府	12:48:51	1:01:24	232	5:35:19	212	6:36:43	211	6:12:08	480		284		M45-49	50
313	691	谷口 将人	51	男	広島県	12:49:01	0:53:28	58	5:49:33	289	6:43:01	238	6:06:00	442		285		M50-54	79
314	377	堤 将吾	49	男	滋賀県	12:49:12	1:08:55	499	5:32:42	200	6:41:37	230	6:07:35	452		286		M45-49	51
315	546	藤本 茂	55	男	兵庫県	12:49:19	0:56:09	100	5:24:22	167	6:20:31	156	6:28:48	547		287		M55-59	50
316	86	古賀 美紀	57	女	熊本県	12:49:34	1:16:23	685	5:56:35	328	7:12:58	386	5:36:36	301			29	F55-59	2
317	455	吉田 大輔	51	男	大阪府	12:49:41	1:04:17	309	5:57:57	342	7:02:14	327	5:47:27	353		288		M50-54	80
318	379	木俣 武紀	53	男	滋賀県	12:49:53	1:11:20	571	6:12:09	421	7:23:29	434	5:26:24	255		289		M50-54	81
319	692	飯田 豊隆	51	男	広島県	12:50:14	0:57:04	118	6:52:08	640	7:49:12	569	5:01:02	166		290		M50-54	82
320	644	入江 誠	52	男	岡山県	12:51:10	1:05:40	363	5:47:57	280	6:53:37	291	5:57:33	391		291		M50-54	83
321	575	前田 □敏	68	男	兵庫県	12:51:43	1:06:57	424	6:03:00	367	7:09:57	368	5:41:46	326		292		M65+	9
322	199	岸上 高明	59	男	東京都	12:51:58	1:09:26	519	5:56:53	332	7:06:19	347	5:45:39	344		293		M55-59	51
323	115	増田 正一	57	男	茨城県	12:54:06	0:56:55	115	6:22:12	475	7:19:07	410	5:34:59	287		294		M55-59	52
324	560	永井 孝佳	59	男	兵庫県	12:54:24	1:25:21	780	6:10:22	412	7:35:43	487	5:18:41	231		295		M55-59	53
325	684	兼光 一之	49	男	広島県	12:54:37	1:07:30	447	6:05:13	386	7:12:43	384	5:41:54	327		296		M45-49	52
326	457	桂 恵一	51	男	大阪府	12:55:48	0:55:02	81	6:04:46	382	6:59:48	320	5:56:00	385		297		M50-54	84
327	852	林 栄和	60	男	鳥取県	12:56:19	0:49:20	23	5:50:58	296	6:40:18	225	6:16:01	496		298		M60-64	18
328	389	前田 晃	64	男	滋賀県	12:56:30	1:05:21	345	5:46:06	266	6:51:27	283	6:05:03	432		299		M60-64	19
329	441	清水 章宏	48	男	大阪府	12:56:37	1:15:07	656	5:54:29	313	7:09:36	366	5:47:01	350		300		M45-49	53
330	638	西脇 義修	50	男	岡山県	12:56:40	1:19:57	748	6:25:07	493	7:45:04	545	5:11:36	207		301		M50-54	85
331	805	中内 晋二郎	41	男	鳥取県	12:56:46	1:13:46	634	6:10:29	413	7:24:15	436	5:32:31	273		302		M40-44	29
332	308	大石 裕之	42	男	愛知県	12:56:55	0:57:30	131	5:35:51	215	6:33:21	202	6:23:34	530		303		M40-44	30
333	131	中村 定義	62	男	埼玉県	12:57:00	1:01:02	223	5:47:44	278	6:48:46	263	6:08:14	456		304		M60-64	20
334	145	青戸 知之	55	男	千葉県	12:57:05	1:10:15	537	6:07:55	403	7:18:10	402	5:38:55	314		305		M55-59	54
335	643	片山 晃	51	男	岡山県	12:57:25	1:06:00	383	5:51:24	300	6:57:24	303	6:00:01	403		306		M50-54	86
336	756	窪内 進	45	男	高知県	12:57:33	1:07:14	435	5:43:38	253	6:50:52	277	6:06:41	449		307		M45-49	54
337	58	須浪 優子	57	女	大阪府	12:57:57	1:10:22	544	6:12:05	420	7:22:27	431	5:35:30	289			30	F55-59	3
338	140	中井 克彦	53	男	千葉県	12:58:05	1:10:41	558	6:25:42	499	7:36:23	492	5:21:42	240		308		M50-54	87
339	113	山田 保誠	54	男	茨城県	12:58:10	1:17:41	724	5:46:23	269	7:04:04	338	5:54:06	376		309		M50-54	88
340	539	村上 拓生	53	男	兵庫県	12:58:27	1:17:01	703	6:01:11	361	7:18:12	403	5:40:15	319		310		M50-54	89
341	533	佐藤 哲夫	52	男	兵庫県	12:58:42	1:14:38	648	5:26:33	174	6:41:11	228	6:17:31	503		311		M50-54	90
342	769	角 伸幸	49	男	福岡県	12:59:32	1:08:45	494	5:49:15	288	6:58:00	310	6:01:32	411		312		M45-49	55
343	139	小鹿 文彦	53	男	千葉県	13:00:01	1:07:49	455	5:59:02	348	7:06:51	354	5:53:10	371		313		M50-54	91
344	222	井澤 弘	43	男	神奈川県	13:00:36	1:01:54	242	5:25:55	172	6:27:49	179	6:32:47	559		314		M40-44	31
345	21	嶋田 朋子	53	女	茨城県	13:00:55	1:06:35	410	6:23:33	482	7:30:08	462	5:30:47	267			31	F50-54	5
346	469	前平 要	53	男	大阪府	13:01:02	1:03:10	278	6:21:54	474	7:25:04	441	5:35:58	295		315		M50-54	92
347	425	川本 直弥	38	男	大阪府	13:01:09	0:58:48	154	5:57:01	333	6:55:49	298	6:05:20	434		316		M35-39	20
348	723	牛見 誠	51	男	山口県	13:02:19	1:06:08	392	6:41:53	590	7:48:01	558	5:14:18	214		317		M50-54	93
349	486	山本 幸士	56	男	大阪府	13:02:35	1:01:06	227	5:51:29	301	6:52:35	288	6:10:00	466		318		M55-59	55
350	393	加後 賢太郎	27	男	京都府	13:02:45	0:45:53	11	5:26:51	176	6:12:44	116	6:50:01	598		319		M25-29	11
351	310	近藤 正嗣	42	男	愛知県	13:03:10	0:57:31	132	5:28:54	184	6:26:25	175	6:36:45	571		320		M40-44	32
352	681	石井 将文	47	男	広島県	13:03:16	1:02:03	247	5:49:11	286	6:51:14	279	6:12:02	479		321		M45-49	56
353	786	安達 知誠	52	男	長崎県	13:03:52	1:13:13	624	5:58:01	343	7:11:14	375	5:52:38	369		322		M50-54	94
354	170	杉山 光	49	男	東京都	13:04:17	1:10:19	540	6:15:39	434	7:25:58	445	5:38:19	308		323		M45-49	57
355	645	山下 優一	52	男	岡山県	13:04:30	0:59:09	167	5:30:03	189	6:29:12	183	6:35:18	566		324		M50-54	95
356	613	槙原 進	66	男	島根県	13:04:37	1:02:48	271	6:05:23	388	7:08:11	360	5:56:26	387		325		M65+	10
357	671	本岡 拓憲	37	男	広島県	13:04:42	1:06:21	403	6:14:11	430	7:20:32	421	5:44:10	336		326		M35-39	21
358	219	赤星 友太	40	男	神奈川県	13:04:56	1:14:15	643	5:39:33	233	6:53:48	292	6:11:08	473		327		M40-44	33
359	166	渡邉 祥平	44	男	東京都	13:05:02	0:57:21	127	6:20:22	465	7:17:43	401	5:47:19	352		328		M40-44	34
360	142	葭安 英彰	54	男	千葉県	13:05:17	1:04:41	323	5:51:03	298	6:55:44	297	6:09:33	464		329		M50-54	96
361	335	蓑島 貴則	52	男	愛知県	13:05:28	1:12:04	589	6:17:41	446	7:29:45	459	5:35:43	292		330		M50-54	97
362	278	橋本 直樹	50	男	岐阜県	13:05:58	0:58:25	146	5:59:36	352	6:58:01	311	6:07:57	454		331		M50-54	98
363	178	鈴木 有二	50	男	東京都	13:06:19	1:06:37	412	6:04:46	381	7:11:23	376	5:54:56	378		332		M50-54	99
364	607	森 正寿	52	男	島根県	13:07:10	1:03:43	296	5:33:55	207	6:37:38	216	6:29:32	550		333		M50-54	100
365	685	石井 伸佑	49	男	広島県	13:07:19	0:57:32	133	5:39:26	231	6:36:58	212	6:30:21	553		334		M45-49	58
366	641	西井 桂一	51	男	岡山県	13:07:33	1:02:16	254	6:30:52	529	7:33:08	479	5:34:25	285		335		M50-54	101
367	293	飯田 徳明	55	男	静岡県	13:07:44	1:08:38	490	6:33:43	541	7:42:21	532	5:25:23	253		336		M55-59	56
368	307	矢田 渚	40	男	愛知県	13:07:50	0:54:06	65	6:07:09	397	7:01:15	322	6:06:35	448		337		M40-44	35
369	429	木村 修大	41	男	大阪府	13:07:59	1:06:07	391	5:55:36	322	7:01:43	324	6:06:16	444		338		M40-44	36
370	570	高原 徹	62	男	兵庫県	13:08:03	1:30:26	800	6:29:29	522	7:59:55	619	5:08:08	196		339		M60-64	21
371	485	八木 俊之	56	男	大阪府	13:08:12	1:05:16	339	5:59:43	353	7:04:59	343	6:03:13	421		340		M55-59	57
372	42	谷 理恵子	56	女	愛知県	13:08:17	0:55:55	98	6:01:26	362	6:57:21	302	6:10:56	472			32	F55-59	4
373	102	坂口 修	47	男	宮城県	13:08:34	0:55:19	87	5:22:44	160	6:18:03	145	6:50:31	599		341		M45-49	59
374	255	辻 祐章	64	男	富山県	13:08:48	1:05:19	342	6:31:14	531	7:36:33	495	5:32:15	271		342		M60-64	22
375	415	太田 光一	66	男	京都府	13:08:51	1:35:32	807	6:37:52	558	8:13:24	675	4:55:27	151		343		M65+	11
376	689	小松 健一	51	男	広島県	13:09:12	1:04:46	324	6:05:21	387	7:10:07	370	5:59:05	400		344		M50-54	102
377	608	永野 健太郎	53	男	島根県	13:09:34	1:07:00	425	5:51:15	299	6:58:15	313	6:11:19	474		345		M50-54	103
378	443	杉本 貴彦	49	男	大阪府	13:09:43	1:11:14	569	6:25:47	501	7:37:01	502	5:32:42	274		346		M45-49	60
379	444	恒岡 清文	49	男	大阪府	13:10:29	0:59:12	170	5:53:00	307	6:52:12	285	6:18:17	506		347		M45-49	61
380	181	近藤 正典	51	男	東京都	13:11:25	0:59:18	179	6:55:17	652	7:54:35	588	5:16:50	222		348		M50-54	104
381	751	松岡 秀行	56	男	愛媛県	13:11:38	1:12:22	601	6:25:24	497	7:37:46	510	5:33:52	284		349		M55-59	58
382	60	西村 京子	43	女	兵庫県	13:12:02	1:07:02	428	6:14:39	432	7:21:41	426	5:50:21	363			33	F40-44	3
383	755	野本 哲郎	63	男	愛媛県	13:12:27	0:58:38	150	5:51:54	304	6:50:32	276	6:21:55	525		350		M60-64	23
384	171	大谷 和史	49	男	東京都	13:12:39	1:17:23	714	6:04:41	379	7:22:04	429	5:50:35	364		351		M45-49	62
385	722	真清 高志	36	男	山口県	13:12:50	1:07:15	436	5:52:23	306	6:59:38	319	6:13:12	486		352		M35-39	22
386	677	深町 友和	44	男	広島県	13:12:56	1:07:19	441	6:52:40	644	7:59:59	620	5:12:57	209		353		M40-44	37
387	147	羽賀 秀幸	56	男	千葉県	13:13:03	1:27:41	790	6:07:39	399	7:35:20	485	5:37:43	304		354		M55-59	59
388	735	池田 靖夫	47	男	香川県	13:13:09	1:08:09	471	6:28:23	517	7:36:32	494	5:36:37	302		355		M45-49	63
389	244	大竹 宏明	58	男	神奈川県	13:13:41	0:58:56	161	6:46:21	617	7:45:17	549	5:28:24	259		356		M55-59	60
390	451	堀田 暁彦	50	男	大阪府	13:14:26	1:15:22	664	6:26:14	507	7:41:36	529	5:32:50	275		357		M50-54	105
391	117	室井 義正	63	男	茨城県	13:14:50	1:19:41	743	6:19:14	454	7:38:55	517	5:35:55	293		358		M60-64	24
392	824	鮫島 庸介	49	男	鳥取県	13:16:32	1:17:29	717	6:21:15	469	7:38:44	516	5:37:48	306		359		M45-49	64
393	464	田中 裕之	52	男	大阪府	13:16:44	0:57:12	122	5:44:33	261	6:41:45	231	6:34:59	564		360		M50-54	106
394	785	中村 健太	39	男	長崎県	13:17:10	1:06:15	398	6:04:58	383	7:11:13	374	6:05:57	441		361		M35-39	23
395	156	濱谷 亮太	32	男	東京都	13:17:30	1:05:42	365	6:26:11	506	7:31:53	473	5:45:37	343		362		M30-34	16
396	314	渡邊 亮	46	男	愛知県	13:17:44	1:11:41	578	6:10:51	414	7:22:32	432	5:55:12	380		363		M45-49	65
397	162	桂田 功一	38	男	東京都	13:18:00	1:04:23	313	6:39:10	567	7:43:33	535	5:34:27	286		364		M35-39	24
398	773	諸藤 和幸	54	男	福岡県	13:18:29	1:05:07	332	5:57:45	339	7:02:52	329	6:15:37	494		365		M50-54	107
399	218	渡邉 賢	37	男	神奈川県	13:18:57	1:08:00	465	6:04:45	380	7:12:45	385	6:06:12	443		366		M35-39	25
400	43	北畑 まゆみ	52	女	滋賀県	13:19:08	1:17:45	728	6:01:57	363	7:19:42	418	5:59:26	401			34	F50-54	6
401	460	山本 健二	52	男	大阪府	13:19:30	1:02:38	267	6:27:13	511	7:29:51	460	5:49:39	360		367		M50-54	108
402	739	鷲辺 隆宏	51	男	香川県	13:21:05	1:05:44	366	6:39:01	566	7:44:45	541	5:36:20	296		368		M50-54	109
403	542	竹中 義貴	54	男	兵庫県	13:21:29	1:04:20	311	6:11:41	415	7:16:01	396	6:05:28	435		369		M50-54	110
404	212	田中 晴彦	64	男	東京都	13:21:42	1:05:57	379	6:44:33	609	7:50:30	574	5:31:12	268		370		M60-64	25
405	193	赤瀬 一夫	56	男	東京都	13:21:44	1:12:44	614	6:06:50	393	7:19:34	415	6:02:10	415		371		M55-59	61
406	146	佐藤 敦	56	男	千葉県	13:21:52	1:08:14	475	6:17:57	447	7:26:11	447	5:55:41	383		372		M55-59	62
407	559	藤原 義彦	59	男	兵庫県	13:22:35	1:06:01	384	6:14:51	433	7:20:52	423	6:01:43	412		373		M55-59	63
408	334	水谷 紀輔	52	男	愛知県	13:22:59	1:12:30	605	6:09:38	408	7:22:08	430	6:00:51	409		374		M50-54	111
409	164	古谷 慶次郎	44	男	東京都	13:23:15	1:12:12	593	6:53:43	649	8:05:55	637	5:17:20	224		375		M40-44	38
410	67	萱野 真理子	57	女	奈良県	13:23:58	1:06:16	399	6:39:19	570	7:45:35	550	5:38:23	309			35	F55-59	5
411	797	冨田 健一朗	28	男	鳥取県	13:24:28	0:58:24	145	5:42:12	242	6:40:36	227	6:43:52	586		376		M25-29	12
412	391	原田 雄二	72	男	滋賀県	13:25:55	1:10:11	535	5:39:35	234	6:49:46	272	6:36:09	569		377		M65+	12
413	64	蟹屋敷 麻貴枝	50	女	兵庫県	13:26:23	1:30:08	798	6:13:21	426	7:43:29	533	5:42:54	332			36	F50-54	7
414	832	稻田 修敏	52	男	鳥取県	13:26:41	1:04:05	306	5:43:29	251	6:47:34	257	6:39:07	576		378		M50-54	112
415	701	西村 直章	55	男	広島県	13:27:07	1:03:42	295	5:22:35	159	6:26:17	174	7:00:50	608		379		M55-59	64
416	397	澤田 将樹	44	男	京都府	13:28:17	1:05:55	377	6:42:28	594	7:48:23	562	5:39:54	318		380		M40-44	39
417	771	今岡 千明	53	男	福岡県	13:29:45	1:09:36	523	6:24:40	488	7:34:16	481	5:55:29	382		381		M50-54	113
418	29	俵 るみ子	49	女	東京都	13:29:49	1:10:02	533	6:06:24	391	7:16:26	397	6:13:23	487			37	F45-49	10
419	646	名越 伸之	52	男	岡山県	13:29:54	0:59:46	201	5:55:30	321	6:55:16	295	6:34:38	563		382		M50-54	114
420	438	北山 貴史	48	男	大阪府	13:30:01	1:15:17	662	6:25:30	498	7:40:47	525	5:49:14	357		383		M45-49	66
421	286	金原 匡利	42	男	静岡県	13:30:06	1:03:41	293	5:53:09	308	6:56:50	300	6:33:16	562		384		M40-44	40
422	57	宮本 恵子	56	女	大阪府	13:30:15	1:05:39	361	6:53:06	645	7:58:45	612	5:31:30	269			38	F55-59	6
423	315	長谷川 豊	47	男	愛知県	13:30:15	0:57:54	136	4:57:52	61	5:55:46	58	7:34:29	615		385		M45-49	67
424	411	池田 真之	61	男	京都府	13:30:26	1:05:48	370	6:04:28	378	7:10:16	371	6:20:10	519		386		M60-64	26
425	713	中山 浩一	62	男	広島県	13:30:28	1:05:28	352	6:23:35	483	7:29:03	456	6:01:25	410		387		M60-64	27
426	405	尾田 政義	54	男	京都府	13:30:31	1:10:21	542	5:54:46	314	7:05:07	344	6:25:24	536		388		M50-54	115
427	629	矢間 寛	49	男	岡山県	13:30:47	0:56:44	112	5:48:47	283	6:45:31	247	6:45:16	588		389		M45-49	68
428	709	國本 歩	60	男	広島県	13:30:53	1:22:41	761	6:26:04	504	7:48:45	564	5:42:08	329		390		M60-64	28
429	432	鈴 賢一	45	男	大阪府	13:31:33	1:11:18	570	6:35:24	548	7:46:42	554	5:44:51	340		391		M45-49	69
430	55	浅野 智佳子	52	女	大阪府	13:31:41	1:05:18	340	6:23:09	481	7:28:27	453	6:03:14	422			39	F50-54	8
431	639	高橋 太志	50	男	岡山県	13:31:48	0:58:23	144	5:47:38	277	6:46:01	251	6:45:47	589		392		M50-54	116
432	390	松宮 五治	64	男	滋賀県	13:32:00	1:14:29	646	6:22:20	477	7:36:49	500	5:55:11	379		393		M60-64	29
433	493	上田 博之	59	男	大阪府	13:32:06	1:09:02	505	6:36:42	554	7:45:44	551	5:46:22	346		394		M55-59	65
434	807	津端 昭文	43	男	鳥取県	13:32:23	1:18:25	735	6:25:06	491	7:43:31	534	5:48:52	354		395		M40-44	41
435	337	冨松 正宏	53	男	愛知県	13:32:30	1:03:53	301	5:47:33	274	6:51:26	282	6:41:04	580		396		M50-54	117
436	396	矢野 透	37	男	京都府	13:33:20	1:05:27	351	5:16:33	132	6:22:00	158	7:11:20	611		397		M35-39	26
437	138	大野 英雄	44	男	千葉県	13:33:52	1:07:50	458	6:12:57	424	7:20:47	422	6:13:05	485		398		M40-44	42
438	137	磯田 真也	41	男	千葉県	13:34:28	1:10:37	553	5:53:49	312	7:04:26	339	6:30:02	551		399		M40-44	43
439	582	塚谷 文武	50	男	奈良県	13:34:39	1:19:53	746	6:35:09	546	7:55:02	592	5:39:37	317		400		M50-54	118
440	627	厨司 幸裕	49	男	岡山県	13:34:59	1:02:36	264	6:08:59	405	7:11:35	378	6:23:24	528		401		M45-49	70
441	120	櫻井 正明	67	男	群馬県	13:35:13	1:11:09	568	6:26:22	508	7:37:31	508	5:57:42	392		402		M65+	13
442	599	山本 恭順	46	男	島根県	13:36:06	1:02:18	256	6:10:02	411	7:12:20	382	6:23:46	531		403		M45-49	71
443	528	光高 茂樹	50	男	兵庫県	13:36:15	1:25:04	776	6:19:50	460	7:44:54	542	5:51:21	366		404		M50-54	119
444	169	中村 拓也	49	男	東京都	13:36:27	1:10:18	539	6:21:17	470	7:31:35	468	6:04:52	430		405		M45-49	72
445	36	四木 朱衣子	51	女	石川県	13:36:34	1:17:32	719	5:56:16	325	7:13:48	389	6:22:46	527			40	F50-54	9
446	674	横道 政宏	41	男	広島県	13:36:42	1:13:55	636	6:19:02	452	7:32:57	477	6:03:45	424		406		M40-44	44
447	24	磯田 きえ	45	女	千葉県	13:36:50	1:05:26	350	6:53:37	648	7:59:03	615	5:37:47	305			41	F45-49	11
448	46	橋本 良子	45	女	京都府	13:37:27	1:00:39	212	6:41:30	586	7:42:09	531	5:55:18	381			42	F45-49	12
449	410	小峰 誠	57	男	京都府	13:37:51	0:59:37	197	6:19:21	457	7:18:58	408	6:18:53	507		407		M55-59	66
450	857	若木 一朗	68	男	鳥取県	13:37:59	1:07:05	430	6:11:45	417	7:18:50	407	6:19:09	510		408		M65+	14
451	284	小倉 友啓	59	男	岐阜県	13:38:29	1:08:32	486	5:41:22	240	6:49:54	273	6:48:35	594		409		M55-59	67
452	235	林田 拓史	53	男	神奈川県	13:38:32	1:05:39	362	6:13:36	429	7:19:15	412	6:19:17	514		410		M50-54	120
453	558	岡田 浩	59	男	兵庫県	13:38:41	1:05:13	337	6:47:45	623	7:52:58	580	5:45:43	345		411		M55-59	68
454	247	島田 靖史	60	男	神奈川県	13:38:53	1:03:58	303	6:24:58	490	7:28:56	454	6:09:57	465		412		M60-64	30
455	752	加藤 哲也	59	男	愛媛県	13:39:02	1:15:57	675	6:46:31	618	8:02:28	630	5:36:34	300		413		M55-59	69
456	498	宮本 匡史	61	男	大阪府	13:39:29	1:11:24	572	6:28:38	519	7:40:02	523	5:59:27	402		414		M60-64	31
457	434	吉田 治訓	46	男	大阪府	13:40:00	1:12:21	599	6:25:07	492	7:37:28	507	6:02:32	418		415		M45-49	73
458	491	辻田 清之	58	男	大阪府	13:40:25	1:04:55	329	6:14:33	431	7:19:28	413	6:20:57	521		416		M55-59	70
459	265	清水 健一郎	65	男	石川県	13:40:35	1:05:40	364	6:15:58	435	7:21:38	425	6:18:57	508		417		M65+	15
460	342	平松 信弘	55	男	愛知県	13:40:51	1:21:35	753	6:38:14	561	7:59:49	617	5:41:02	323		418		M55-59	71
461	192	小池 誠治	56	男	東京都	13:42:15	1:00:51	218	5:51:34	302	6:52:25	287	6:49:50	596		419		M55-59	72
462	348	岩本 広和	57	男	愛知県	13:43:06	1:05:22	346	5:59:16	351	7:04:38	342	6:28:28	544	600	420		M55-59	73
463	228	鈴木 重章	51	男	神奈川県	13:43:10	1:07:52	460	6:11:47	418	7:19:39	417	6:23:31	529		421		M50-54	121
464	494	岡本 欣治	59	男	大阪府	13:44:01	1:07:35	450	6:38:22	563	7:45:57	553	5:58:04	394		422		M55-59	74
465	668	森山 浩毅	68	男	岡山県	13:44:15	1:29:23	795	6:06:09	389	7:35:32	486	6:08:43	459		423		M65+	16
466	104	苅部 泰輝	53	男	宮城県	13:44:28	1:10:38	555	7:00:02	674	8:10:40	659	5:33:48	283		424		M50-54	122
467	512	大谷 啓尊	40	男	兵庫県	13:44:32	1:14:51	654	6:21:01	468	7:35:52	488	6:08:40	458		425		M40-44	45
468	503	田中 雄二	65	男	大阪府	13:44:38	1:15:55	673	6:55:21	654	8:11:16	662	5:33:22	277		426		M65+	17
469	442	三原 健一郎	49	男	大阪府	13:44:48	1:10:38	554	6:16:59	441	7:27:37	450	6:17:11	501		427		M45-49	74
470	380	東條 三雄	54	男	滋賀県	13:44:53	1:12:33	607	6:45:13	611	7:57:46	607	5:47:07	351		428		M50-54	123
471	495	藤本 純一	59	男	大阪府	13:45:27	1:16:22	683	6:03:33	372	7:19:55	420	6:25:32	537		429		M55-59	75
472	827	角田 征基	51	男	鳥取県	13:45:40	1:01:52	241	5:47:34	276	6:49:26	271	6:56:14	606		430		M50-54	124
473	114	橘内 裕寿	56	男	茨城県	13:45:52	1:11:38	577	6:19:00	450	7:30:38	464	6:15:14	492		431		M55-59	76
474	552	中原 卓郎	58	男	兵庫県	13:46:02	1:14:09	641	6:58:14	668	8:12:23	666	5:33:39	281		432		M55-59	77
475	527	花岡 豊	49	男	兵庫県	13:46:07	1:17:39	722	6:29:50	525	7:47:29	555	5:58:38	398		433		M45-49	75
476	56	日野 圭子	55	女	大阪府	13:46:15	1:02:12	253	6:41:55	591	7:44:07	538	6:02:08	414			43	F55-59	7
477	87	入江 美穂	33	女	鳥取県	13:46:33	1:09:33	522	6:04:14	376	7:13:47	388	6:32:46	558			44	F30-34	2
478	297	近藤 均	62	男	静岡県	13:47:01	1:06:37	411	6:24:15	486	7:30:52	465	6:16:09	497		434		M60-64	32
479	39	坪川 操	63	女	福井県	13:47:13	1:17:35	720	6:49:05	629	8:06:40	641	5:40:33	322			45	F60-64	1
480	647	岡野 晋一	52	男	岡山県	13:47:34	1:01:29	233	6:09:40	409	7:11:09	373	6:36:25	570		435		M50-54	125
481	232	平野 将洋	53	男	神奈川県	13:47:46	1:12:40	611	6:32:25	534	7:45:05	546	6:02:41	419		436		M50-54	126
482	356	伊丹 尚明	59	男	愛知県	13:47:56	1:03:26	283	6:33:57	544	7:37:23	506	6:10:33	469		437		M55-59	78
483	321	佐藤 市周	49	男	愛知県	13:48:03	1:05:53	373	6:39:13	568	7:45:06	547	6:02:57	420		438		M45-49	76
484	163	北村 浩幸	42	男	東京都	13:48:13	1:07:37	451	6:38:13	560	7:45:50	552	6:02:23	417		439		M40-44	46
485	792	藤原 祐太	40	男	宮崎県	13:48:32	0:57:14	123	6:51:04	637	7:48:18	561	6:00:14	405		440		M40-44	47
486	63	小阪 はるな	48	女	兵庫県	13:48:40	1:05:33	356	6:33:55	542	7:39:28	520	6:09:12	461			46	F45-49	13
487	404	平居 郁雄	51	男	京都府	13:48:49	0:59:11	169	7:08:19	710	8:07:30	648	5:41:19	324		441		M50-54	127
488	230	関 貴弘	52	男	神奈川県	13:48:56	1:13:12	623	6:11:44	416	7:24:56	439	6:24:00	532		442		M50-54	128
489	309	山本 昌弘	42	男	愛知県	13:49:22	1:19:15	741	6:46:43	619	8:05:58	638	5:43:24	335		443		M40-44	48
490	826	野口 圭太郎	51	男	鳥取県	13:50:20	1:11:50	585	6:24:09	485	7:35:59	490	6:14:21	491		444		M50-54	129
491	128	市村 隆也	58	男	埼玉県	13:50:45	1:01:13	231	6:17:10	443	7:18:23	404	6:32:22	556		445		M55-59	79
492	49	牧永 奈々	35	女	大阪府	13:50:59	1:17:44	727	6:27:29	513	7:45:13	548	6:05:46	439			47	F35-39	4
493	305	中山 裕天	38	男	愛知県	13:51:47	1:06:09	393	6:19:25	459	7:25:34	442	6:26:13	539		446		M35-39	27
494	532	坂本 真人	51	男	兵庫県	13:52:00	1:16:27	687	6:56:21	659	8:12:48	671	5:39:12	316		447		M50-54	130
495	282	棚橋 宏泰	57	男	岐阜県	13:52:15	1:06:50	418	6:33:55	543	7:40:45	524	6:11:30	475		448		M55-59	80
496	254	渡邊 篤	51	男	富山県	13:52:43	1:16:10	680	6:32:45	536	7:48:55	567	6:03:48	425		449		M50-54	131
497	134	大木 唯弘	66	男	埼玉県	13:52:55	1:04:30	316	5:56:15	324	7:00:45	321	6:52:10	603		450		M65+	18
498	505	杉山 雅彦	68	男	大阪府	13:53:53	1:31:08	802	6:46:16	616	8:17:24	693	5:36:29	298		451		M65+	19
499	332	村上 忠弘	52	男	愛知県	13:54:49	1:07:50	457	6:21:54	473	7:29:44	458	6:25:05	535		452		M50-54	132
500	167	坂田 雅雄	47	男	東京都	13:55:06	1:05:15	338	6:56:04	658	8:01:19	624	5:53:47	373		453		M45-49	77
501	229	佐野 吉弘	52	男	神奈川県	13:55:24	1:07:12	434	6:42:44	595	7:49:56	571	6:05:28	436		454		M50-54	133
502	778	四島 弘	61	男	福岡県	13:55:37	1:09:55	530	6:19:04	453	7:28:59	455	6:26:38	540		455		M60-64	33
503	324	沼田 豊治	50	男	愛知県	13:56:28	0:52:02	43	6:35:50	550	7:27:52	451	6:28:36	545		456		M50-54	134
504	565	三田 賢志	61	男	兵庫県	13:56:35	1:17:00	701	6:40:59	580	7:57:59	610	5:58:36	397		457		M60-64	34
505	540	髙尾 秀正	53	男	兵庫県	13:56:51	0:59:16	177	5:57:39	336	6:56:55	301	6:59:56	607		458		M50-54	135
506	664	青森 直人	61	男	岡山県	13:56:56	1:12:42	613	6:19:18	455	7:32:00	474	6:24:56	534		459		M60-64	35
507	136	黒田 理人	33	男	千葉県	13:57:33	1:15:44	670	7:03:10	685	8:18:54	698	5:38:39	310		460		M30-34	17
508	262	東川 貞男	58	男	石川県	13:57:41	1:13:32	631	6:53:10	646	8:06:42	642	5:50:59	365		461		M55-59	81
509	191	大野 光樹	55	男	東京都	13:58:03	1:02:10	252	6:49:19	630	7:51:29	577	6:06:34	447		462		M55-59	82
510	593	高岸 隆光	59	男	和歌山県	13:58:23	1:10:49	560	6:49:05	628	7:59:54	618	5:58:29	396		463		M55-59	83
511	111	粟津 信一	50	男	茨城県	13:58:49	1:12:45	615	6:41:33	587	7:54:18	585	6:04:31	428		464		M50-54	136
512	637	久枝 栄二	50	男	岡山県	13:59:45	1:08:08	469	6:45:55	615	7:54:03	582	6:05:42	438		465		M50-54	137
513	536	岡田 修	53	男	兵庫県	13:59:57	1:18:00	732	6:42:56	599	8:00:56	623	5:59:01	399		466		M50-54	138
514	414	入江 賢	63	男	京都府	14:00:16	1:09:12	513	6:03:18	368	7:12:30	383	6:47:46	592		467		M60-64	36
515	761	住田 深志	61	男	高知県	14:01:11	0:55:07	84	6:16:34	438	7:11:41	380	6:49:30	595		468		M60-64	37
516	595	濱崎 孝弘	64	男	和歌山県	14:01:26	1:20:22	750	6:44:30	608	8:04:52	636	5:56:34	389		469		M60-64	38
517	150	山﨑 哲夫	60	男	千葉県	14:01:56	1:10:38	556	6:50:55	636	8:01:33	626	6:00:23	406		470		M60-64	39
518	34	古田 真子	51	女	神奈川県	14:02:12	1:04:48	325	7:01:42	679	8:06:30	639	5:55:42	384			48	F50-54	10
519	331	松田 雅也	52	男	愛知県	14:02:38	1:13:52	635	6:26:56	510	7:40:48	526	6:21:50	524		471		M50-54	139
520	750	大橋 正和	55	男	愛媛県	14:03:10	1:11:35	576	6:47:33	620	7:59:08	616	6:04:02	426		472		M55-59	84
521	634	山本 温	50	男	岡山県	14:03:44	1:02:22	258	6:17:24	444	7:19:46	419	6:43:58	587		473		M50-54	140
522	48	土田 聡子	54	女	京都府	14:04:38	1:10:20	541	6:34:37	545	7:44:57	543	6:19:41	517			49	F50-54	11
523	187	大野 守勝	53	男	東京都	14:04:59	1:05:10	334	6:29:07	520	7:34:17	482	6:30:42	554		474		M50-54	141
524	820	福田 知治	48	男	鳥取県	14:05:52	1:15:37	667	6:00:17	357	7:15:54	395	6:49:58	597		475		M45-49	78
525	831	岡本 誠	52	男	鳥取県	14:06:15	1:29:44	796	6:39:18	569	8:09:02	653	5:57:13	390		476		M50-54	142
526	479	本田 実	55	男	大阪府	14:06:40	0:51:49	40	5:56:03	323	6:47:52	258	7:08:48	610	600	477		M55-59	85
527	813	逢坂 寛裕	45	男	鳥取県	14:06:52	1:25:32	781	6:29:08	521	7:54:40	590	6:12:12	482		478		M45-49	79
528	770	山崎 一郎	52	男	福岡県	14:07:05	1:12:58	618	6:49:05	627	8:02:03	628	6:05:02	431		479		M50-54	143
529	62	善積 祐巳子	47	女	兵庫県	14:07:14	1:16:37	691	6:41:04	582	7:57:41	605	6:09:33	463			50	F45-49	14
530	183	平尾 晃一	52	男	東京都	14:07:23	1:11:56	586	6:26:25	509	7:38:21	512	6:29:02	548		480		M50-54	144
531	223	渡邉 文隆	48	男	神奈川県	14:07:34	1:15:53	672	6:57:38	663	8:13:31	678	5:54:03	375		481		M45-49	80
532	480	佐々木 健	55	男	大阪府	14:07:51	1:12:58	619	6:06:34	392	7:19:32	414	6:48:19	593		482		M55-59	86
533	211	川本 一雄	64	男	東京都	14:08:09	1:04:00	304	6:32:37	535	7:36:37	496	6:31:32	555		483		M60-64	40
534	767	和久井 章人	49	男	福岡県	14:08:17	1:20:57	752	6:39:50	571	8:00:47	622	6:07:30	451		484		M45-49	81
535	531	宮地 秀明	50	男	兵庫県	14:08:29	1:07:01	427	6:18:36	448	7:25:37	443	6:42:52	583		485		M50-54	145
536	473	高松 稔樹	53	男	大阪府	14:08:50	1:13:26	628	6:41:13	584	7:54:39	589	6:14:11	490		486		M50-54	146
537	129	橋本 利和	58	男	埼玉県	14:09:17	1:08:28	484	6:30:41	527	7:39:09	519	6:30:08	552		487		M55-59	87
538	547	奥野 英明	56	男	兵庫県	14:09:27	1:12:37	609	6:45:16	612	7:57:53	609	6:11:34	476		488		M55-59	88
539	783	片岡 宏介	67	男	福岡県	14:10:01	1:05:30	354	6:13:33	428	7:19:03	409	6:50:58	600		489		M65+	20
540	572	濱口 誠	64	男	兵庫県	14:10:14	1:13:27	629	6:58:51	670	8:12:18	665	5:57:56	393		490		M60-64	41
541	789	坂本 憲治	55	男	熊本県	14:10:22	1:16:23	684	5:08:25	102	6:24:48	167	7:45:34	616		491		M55-59	89
542	849	石橋 誠	59	男	鳥取県	14:10:30	1:09:40	526	6:41:34	588	7:51:14	576	6:19:16	513		492		M55-59	90
543	858	山本 訓久	71	男	鳥取県	14:10:39	1:07:19	440	6:22:19	476	7:29:38	457	6:41:01	579		493		M65+	21
544	256	玉井 克尚	39	男	石川県	14:10:42	1:10:44	559	6:07:50	401	7:18:34	406	6:52:08	602		494		M35-39	28
545	180	前川 正弘	51	男	東京都	14:10:46	1:14:49	653	6:40:42	575	7:55:31	596	6:15:15	493		495		M50-54	147
546	322	鈴木 亮市	49	男	愛知県	14:10:50	1:07:57	464	6:23:00	480	7:30:57	466	6:39:53	578		496		M45-49	82
547	651	脊板 宗利	53	男	岡山県	14:11:08	1:06:20	400	6:32:03	533	7:38:23	513	6:32:45	557		497		M50-54	148
548	621	斎藤 健太	42	男	岡山県	14:11:21	1:05:53	375	6:22:30	478	7:28:23	452	6:42:58	584		498		M40-44	49
549	227	日高 正信	51	男	神奈川県	14:11:27	1:13:57	638	6:45:03	610	7:59:00	614	6:12:27	483		499		M50-54	149
550	679	益田 高志	45	男	広島県	14:11:57	1:16:09	679	6:20:46	466	7:36:55	501	6:35:02	565		500		M45-49	83
551	294	仲野 哲央	56	男	静岡県	14:12:01	1:19:44	744	7:06:54	704	8:26:38	722	5:45:23	342		501		M55-59	91
552	782	池田 正人	66	男	福岡県	14:12:11	1:26:43	785	6:12:22	422	7:39:05	518	6:33:06	561		502		M65+	22
553	81	松本 亜矢	28	女	愛媛県	14:12:53	1:12:08	591	6:44:03	605	7:56:11	600	6:16:42	500			51	F25-29	3
554	598	加藤 大輔	45	男	島根県	14:13:50	0:45:46	6	5:27:39	181	6:13:25	122	8:00:25	617		503		M45-49	84
555	680	高尾 進之介	46	男	広島県	14:14:01	0:59:41	200	6:37:24	557	7:37:05	503	6:36:56	572		504		M45-49	85
556	196	山口 浩	58	男	東京都	14:14:10	1:16:58	700	6:37:57	559	7:54:55	591	6:19:15	512		505		M55-59	92
557	567	萩原 登志夫	61	男	兵庫県	14:14:18	1:14:05	640	6:40:18	572	7:54:23	586	6:19:55	518		506		M60-64	42
558	274	清水 武	66	男	長野県	14:14:31	1:17:01	704	6:57:25	662	8:14:26	684	6:00:05	404		507		M65+	23
559	401	大隅 勝也	50	男	京都府	14:14:41	1:27:56	791	6:50:32	633	8:18:28	697	5:56:13	386		508		M50-54	150
560	371	山口 昌昭	63	男	三重県	14:14:47	1:12:19	597	6:58:15	669	8:10:34	658	6:04:13	427		509		M60-64	43
561	59	平山 敬子	66	女	大阪府	14:14:58	1:04:37	320	6:16:24	437	7:21:01	424	6:53:57	605			52	F65+	1
562	50	中村 絵里	44	女	大阪府	14:15:00	1:11:05	567	6:44:21	607	7:55:26	595	6:19:34	515			53	F40-44	4
563	435	武輪 和慶	47	男	大阪府	14:15:00	1:08:59	502	6:33:03	537	7:42:02	530	6:32:58	560		510		M45-49	86
564	754	岩野 哲也	62	男	愛媛県	14:15:18	1:08:02	466	6:31:51	532	7:39:53	522	6:35:25	567		511		M60-64	44
565	32	八木 真澄	59	女	東京都	14:15:25	1:08:44	493	7:04:24	692	8:13:08	673	6:02:17	416			54	F55-59	8
566	537	新谷 保	53	男	兵庫県	14:15:27	1:17:01	702	7:08:44	712	8:25:45	719	5:49:42	361		512		M50-54	151
567	300	臼井 一晃	31	男	愛知県	14:15:34	1:15:39	668	6:21:32	471	7:37:11	504	6:38:23	575		513		M30-34	18
568	106	漆山 敬人	49	男	山形県	14:15:36	1:06:21	402	6:25:54	502	7:32:15	475	6:43:21	585		514		M45-49	87
569	110	小川 崇	40	男	茨城県	14:15:43	1:09:01	503	6:41:09	583	7:50:10	572	6:25:33	538		515		M40-44	50
570	327	下川 眞樹	51	男	愛知県	14:16:48	1:22:55	764	6:25:15	494	7:48:10	560	6:28:38	546		516		M50-54	152
571	280	中野 信博	56	男	岐阜県	14:16:56	1:04:14	308	7:02:28	683	8:06:42	643	6:10:14	467		517		M55-59	93
572	207	池口 秀志	61	男	東京都	14:17:01	1:17:06	705	6:35:35	549	7:52:41	579	6:24:20	533		518		M60-64	45
573	553	前川 朋広	58	男	兵庫県	14:17:10	1:01:48	240	6:07:22	398	7:09:10	364	7:08:00	609		519		M55-59	94
574	772	内野 慎太郎	54	男	福岡県	14:17:16	1:10:58	563	6:55:39	656	8:06:37	640	6:10:39	470		520		M50-54	153
575	144	三橋 宗晃	55	男	千葉県	14:17:27	1:14:40	649	6:43:10	601	7:57:50	608	6:19:37	516		521		M55-59	95
576	53	三宅 美有紀	50	女	大阪府	14:18:05	0:56:37	111	6:52:11	641	7:48:48	565	6:29:17	549			55	F50-54	12
577	61	金剛丸 朋子	44	女	兵庫県	14:18:12	1:18:52	739	7:02:53	684	8:21:45	706	5:56:27	388			56	F40-44	5
578	446	宮原 亮	49	男	大阪府	14:18:19	1:02:39	268	6:33:26	539	7:36:05	491	6:42:14	582		522		M45-49	88
579	208	岩瀬 和広	62	男	東京都	14:18:25	1:11:00	565	7:00:22	675	8:11:22	663	6:07:03	450		523		M60-64	46
580	760	豊田 篤志	54	男	高知県	14:18:29	1:17:43	726	7:11:28	722	8:29:11	729	5:49:18	358		524		M50-54	154
581	667	小山 知彦	66	男	岡山県	14:18:36	0:58:57	162	6:03:30	370	7:02:27	328	7:16:09	612		525		M65+	24
582	596	角下 麻人	68	男	和歌山県	14:19:15	1:06:54	421	7:05:49	699	8:12:43	670	6:06:32	445		526		M65+	25
583	250	小川 武士	61	男	神奈川県	14:19:25	1:18:27	736	6:41:49	589	8:00:16	621	6:19:09	509		527		M60-64	47
584	611	木村 孝	63	男	島根県	14:19:35	1:10:39	557	6:48:16	624	7:58:55	613	6:20:40	520		528		M60-64	48
585	30	小嶋 しのぶ	58	女	東京都	14:19:41	1:05:01	330	6:56:46	660	8:01:47	627	6:17:54	504			57	F55-59	9
586	711	北脇 秀亮	61	男	広島県	14:19:58	1:12:22	600	6:40:44	576	7:53:06	581	6:26:52	541		529		M60-64	49
587	504	白江 淑浩	66	男	大阪府	14:20:48	1:03:50	299	6:30:24	526	7:34:14	480	6:46:34	591		530		M65+	26
588	236	国貞 圭介	54	男	神奈川県	14:20:59	1:37:37	812	6:42:50	597	8:20:27	704	6:00:32	407		531		M50-54	155
589	153	北山 毅	64	男	千葉県	14:21:44	1:10:34	551	6:25:20	495	7:35:54	489	6:45:50	590		532		M60-64	50
590	70	小林 加代子	46	女	岡山県	14:22:20	1:16:03	677	6:38:27	564	7:54:30	587	6:27:50	543			58	F45-49	15
591	358	前田 潔	59	男	愛知県	14:22:24	1:09:58	532	6:20:06	461	7:30:04	461	6:52:20	604		533		M55-59	96
592	566	谷口 千尋	61	男	兵庫県	14:22:25	1:06:06	389	7:07:45	709	8:13:51	681	6:08:34	457		534		M60-64	51
593	272	林原 大輔	50	男	長野県	14:22:37	1:15:17	661	7:03:51	689	8:19:08	699	6:03:29	423		535		M50-54	156
594	201	梅原 成郎	59	男	東京都	14:22:45	1:05:20	344	6:59:19	672	8:04:39	635	6:18:06	505		536		M55-59	97
595	224	小野木 雅史	49	男	神奈川県	14:22:54	1:15:57	674	6:47:43	622	8:03:40	631	6:19:14	511		537		M45-49	89
596	687	横田 学	50	男	広島県	14:23:18	1:09:07	510	5:55:26	320	7:04:33	341	7:18:45	613		538		M50-54	157
597	68	田丸 統子	58	女	奈良県	14:23:43	1:07:04	429	6:24:33	487	7:31:37	469	6:52:06	601			59	F55-59	10
598	316	伊藤 造	48	男	愛知県	14:23:52	1:25:58	783	6:36:13	553	8:02:11	629	6:21:41	523		539		M45-49	90
599	463	小野坂 幸一	52	男	大阪府	14:23:56	1:13:00	620	6:54:23	651	8:07:23	647	6:16:33	499		540		M50-54	158
600	541	野口 貴史	53	男	兵庫県	14:24:23	1:09:05	507	6:47:39	621	7:56:44	603	6:27:39	542		541		M50-54	159
601	452	山口 孝一	50	男	大阪府	14:24:27	0:59:34	195	6:45:25	613	7:44:59	544	6:39:28	577		542		M50-54	160
602	41	伊藤 るみ	46	女	愛知県	14:25:00	1:22:53	762	6:24:50	489	7:47:43	556	6:37:17	573			60	F45-49	16
603	78	塚本 宣恵	51	女	広島県	14:25:03	1:17:41	725	7:06:32	702	8:24:13	711	6:00:50	408			61	F50-54	13
604	758	難波 大助	51	男	高知県	14:25:13	1:08:19	477	6:35:14	547	7:43:33	536	6:41:40	581		543		M50-54	161
605	220	三品 喬弘	41	男	神奈川県	14:26:19	0:59:06	165	7:11:20	720	8:10:26	656	6:15:53	495		544		M40-44	51
606	289	植竹 和人	49	男	静岡県	14:26:30	1:04:25	314	7:10:10	715	8:14:35	685	6:11:55	478		545		M45-49	91
607	132	小林 浩	62	男	埼玉県	14:26:55	1:17:23	715	6:56:49	661	8:14:12	682	6:12:43	484		546		M60-64	52
608	513	竹中 雄也	40	男	兵庫県	14:27:14	1:08:34	487	7:02:11	682	8:10:45	661	6:16:29	498		547		M40-44	52
609	509	里 直樹	33	男	兵庫県	14:27:35	1:15:51	671	7:01:13	677	8:17:04	691	6:10:31	468		548		M30-34	19
610	580	宮西 孝芳	50	男	奈良県	14:27:39	1:32:58	805	6:40:44	577	8:13:42	680	6:13:57	488		549		M50-54	162
611	174	大島 淳	50	男	東京都	14:27:46	1:09:08	511	5:59:15	350	7:08:23	361	7:19:23	614		550		M50-54	163
612	157	矢野 雅之	32	男	東京都	14:27:51	1:19:00	740	6:58:02	666	8:17:02	690	6:10:49	471		551		M30-34	20
613	344	JOVANOVIC VLADIMIR	56	男	愛知県	14:28:09	1:05:20	343	7:01:26	678	8:06:46	644	6:21:23	522		552		M55-59	98
614	203	若林 正人	60	男	東京都	14:28:38	1:25:42	782	6:58:13	667	8:23:55	710	6:04:43	429		553		M60-64	53
615	589	奥谷 幸司	55	男	奈良県	14:28:48	1:28:53	792	6:54:19	650	8:23:12	709	6:05:36	437		554		M55-59	99
616	202	楠見 幸夫	59	男	東京都	14:29:33	1:16:34	689	7:03:57	690	8:20:31	705	6:09:02	460		555		M55-59	100
617	666	木村 一弘	64	男	岡山県	14:29:42	1:10:28	548	6:43:38	602	7:54:06	583	6:35:36	568		556		M60-64	54
DNF	1	藤原 裕司	61	男	栃木県		0:59:29	189	5:04:28	85	6:03:57	84						M60-64	
DNF	6	篠崎 友	41	男	神奈川県		0:46:28	13	4:05:52	1	4:52:20	1						M40-44	
DNF	12	藤井 雅之	39	男	岐阜県		0:53:53	64	4:44:19	31	5:38:12	29						M35-39	
DNF	22	吉田 恭子	49	女	埼玉県		1:10:59	564	7:07:21	708	8:18:20	695						F45-49	
DNF	31	木村 尚子	58	女	東京都		1:09:05	509	6:59:48	673	8:08:53	652						F55-59	
DNF	37	瀧田 綾子	59	女	石川県		1:10:08	534	6:58:01	665	8:08:09	650						F55-59	
DNF	51	田渕 亜紀	47	女	大阪府		1:08:41	491	7:15:52	728	8:24:33	716						F45-49	
DNF	65	内田 圭子	53	女	兵庫県		1:22:33	757	7:01:45	680	8:24:18	712						F50-54	
DNF	72	山内 愛子	54	女	岡山県		1:19:55	747	7:06:18	700	8:26:13	721						F50-54	
DNF	73	渡部 夏海	34	女	広島県		1:23:14	767	6:43:44	603	8:06:58	645						F30-34	
DNF	80	竹内 雅子	59	女	徳島県		1:23:16	768	7:03:36	686	8:26:52	723						F55-59	
DNF	82	濱畑 月菜	25	女	福岡県		1:13:43	633	6:44:03	606	7:57:46	606						F25-29	
DNF	105	小西 裕之	61	男	秋田県		1:17:22	713	6:57:59	664	8:15:21	687						M60-64	
DNF	109	勝野 陽士	39	男	茨城県		0:59:10	168	4:48:12	40	5:47:22	43						M35-39	
DNF	116	大越 勝之	59	男	茨城県		1:07:07	431	7:05:19	698	8:12:26	667						M55-59	
DNF	118	加藤 幸司	65	男	茨城県		1:05:12	336	6:13:16	425	7:18:28	405						M65+	
DNF	119	門田 聡	52	男	群馬県		1:16:11	682	6:16:42	439	7:32:53	476						M50-54	
DNF	121	小平 博	69	男	群馬県		1:05:37	359	6:00:44	359	7:06:21	348						M65+	
DNF	122	上原 勝美	74	男	群馬県		1:27:12	786	6:55:30	655	8:22:42	708						M65+	
DNF	124	後藤 和行	41	男	埼玉県		1:05:53	372	6:42:13	592	7:48:06	559						M40-44	
DNF	135	下河邊 義人	66	男	埼玉県		1:16:25	686	7:16:16	729	8:32:41	735						M65+	
DNF	141	井尻 貴秀	54	男	千葉県		1:05:46	368	6:27:18	512	7:33:04	478						M50-54	
DNF	148	原田 広希	58	男	千葉県		1:05:25	348	7:05:07	696	8:10:32	657						M55-59	
DNF	151	丸茂 敏幸	60	男	千葉県		1:05:56	378	6:25:44	500	7:31:40	471						M60-64	
DNF	152	細淵 祐二	61	男	千葉県		1:05:55	376	7:21:04	734	8:26:59	724						M60-64	
DNF	160	新橋 大輔	37	男	東京都		1:21:39	754	7:10:46	717	8:32:25	734						M35-39	
DNF	177	下嶋 聖二	50	男	東京都		0:52:19	45	7:20:22	732	8:12:41	669						M50-54	
DNF	184	宮澤 智昭	52	男	東京都		1:13:19	626	6:42:57	600	7:56:16	601						M50-54	
DNF	189	坂本 栄治	54	男	東京都		1:09:13	514	6:28:07	514	7:37:20	505						M50-54	
DNF	195	大本 研一郎	57	男	東京都		1:08:41	492	7:04:56	694	8:13:37	679						M55-59	
DNF	213	佐藤 勝幸	66	男	東京都		1:12:32	606	7:09:41	713	8:22:13	707						M65+	
DNF	233	山口 浩司	53	男	神奈川県		1:17:30	718	5:49:14	287	7:06:44	352						M50-54	
DNF	243	高橋 明博	57	男	神奈川県		1:11:44	580	7:01:45	681	8:13:29	677						M55-59	
DNF	248	名執 正貴	60	男	神奈川県		1:15:11	658	6:42:24	593	7:57:35	604						M60-64	
DNF	249	野間 秀樹	60	男	神奈川県		1:14:14	642	7:15:07	727	8:29:21	732						M60-64	
DNF	252	中村 安夫	63	男	神奈川県		1:16:56	697	6:41:29	585	7:58:25	611						M60-64	
DNF	261	瀧田 稔	57	男	石川県		1:02:08	250	6:52:01	639	7:54:09	584						M55-59	
DNF	263	森田 健司	58	男	石川県		1:25:05	777	7:04:55	693	8:30:00	733						M55-59	
DNF	264	佐藤 隆介	59	男	石川県		1:13:38	632	5:53:48	311	7:07:26	356						M55-59	
DNF	267	山田 貴浩	47	男	福井県		0:59:17	178	6:20:19	464	7:19:36	416						M45-49	
DNF	281	澤木 保	57	男	岐阜県		1:23:00	765	6:49:31	631	8:12:31	668						M55-59	
DNF	285	福地 智	41	男	静岡県		1:16:03	678	6:51:43	638	8:07:46	649						M40-44	
DNF	291	神谷 俊男	51	男	静岡県		1:08:24	480	7:09:48	714	8:18:12	694						M50-54	
DNF	296	伊藤 通章	60	男	静岡県		1:06:56	423	7:20:32	733	8:27:28	725						M60-64	
DNF	304	大羽 勝仁	37	男	愛知県		0:58:53	158	6:26:06	505	7:24:59	440						M35-39	
DNF	312	弓場 隆成	45	男	愛知県		1:24:15	773	6:52:20	643	8:16:35	689						M45-49	
DNF	329	福嶋 竜也	51	男	愛知県		1:12:54	617	6:48:26	625	8:01:20	625						M50-54	
DNF	347	持田 崇	57	男	愛知県		1:00:51	217	5:47:34	275	6:48:25	261						M55-59	
DNF	352	山本 康弘	58	男	愛知県		1:30:15	799	6:58:54	671	8:29:09	728						M55-59	
DNF	354	田中 純一	58	男	愛知県		1:16:02	676	6:21:44	472	7:37:46	509						M55-59	
DNF	359	飯塚 友朗	62	男	愛知県		0:55:50	95	7:08:38	711	8:04:28	634						M60-64	
DNF	361	犬塚 一彦	63	男	愛知県		1:25:20	779	6:42:55	598	8:08:15	651						M60-64	
DNF	366	越田 充彦	66	男	愛知県		1:12:30	604	6:38:20	562	7:50:50	575						M65+	
DNF	368	片山 類斗	51	男	三重県		0:58:00	139	7:30:10	735	8:28:10	727						M50-54	
DNF	370	山口 政幸	58	男	三重県		1:22:54	763	6:25:57	503	7:48:51	566						M55-59	
DNF	373	諸頭 正人	45	男	滋賀県		1:15:10	657	6:22:40	479	7:37:50	511						M45-49	
DNF	417	川本 晴彦	68	男	京都府		1:13:06	622	7:11:25	721	8:24:31	715						M65+	
DNF	419	古本 尚大	22	男	大阪府		0:48:36	20	5:01:28	69	5:50:04	48						M0-24	
DNF	436	永長 健	47	男	大阪府		1:05:29	353	4:53:41	52	5:59:10	68						M45-49	
DNF	440	中島 慎介	48	男	大阪府		1:04:41	322	5:50:59	297	6:55:40	296						M45-49	
DNF	454	若山 貴行	50	男	大阪府		1:03:18	279	6:33:22	538	7:36:40	497						M50-54	
DNF	465	田中 宏和	52	男	大阪府		1:04:38	321	5:35:26	213	6:40:04	223						M50-54	
DNF	472	田中 豊己	53	男	大阪府		1:06:52	420	6:28:07	515	7:34:59	484						M50-54	
DNF	483	瀬間 竜一	55	男	大阪府		1:22:10	755	7:07:08	706	8:29:18	731						M55-59	
DNF	489	高場 雄治	57	男	大阪府		1:06:04	388	7:03:44	688	8:09:48	655						M55-59	
DNF	500	牧内 健一	62	男	大阪府		1:22:38	760	6:50:48	634	8:13:26	676						M60-64	
DNF	501	藤原 秀器	63	男	大阪府		1:15:24	665	6:48:46	626	8:04:10	632						M60-64	
DNF	502	薮田 茂	63	男	大阪府		1:14:37	647	6:49:46	632	8:04:23	633						M60-64	
DNF	506	川岸 隆彦	69	男	大阪府		1:24:32	775	7:00:31	676	8:25:03	718						M65+	
DNF	518	廣猟 太朗	44	男	兵庫県		0:57:23	128	4:41:03	25	5:38:26	32						M40-44	
DNF	519	板庇 正朗	44	男	兵庫県		1:18:47	738	6:50:54	635	8:09:41	654						M40-44	
DNF	543	田嶋 正一	54	男	兵庫県		1:01:59	246	7:13:16	724	8:15:15	686						M50-54	
DNF	550	足立 清浩	56	男	兵庫県		1:17:24	716	6:55:52	657	8:13:16	674						M55-59	
DNF	554	香西 賢治	58	男	兵庫県		1:12:25	602	6:28:31	518	7:40:56	528						M55-59	
DNF	557	中西 晋	59	男	兵庫県		1:11:05	566	5:57:42	338	7:08:47	363						M55-59	
DNF	564	甲野 賢	60	男	兵庫県		1:03:47	298	6:35:59	551	7:39:46	521						M60-64	
DNF	574	内田 学	68	男	兵庫県		1:22:28	756	7:05:11	697	8:27:39	726						M65+	
DNF	602	平塚 洋介	48	男	島根県		1:13:17	625	6:25:21	496	7:38:38	515						M45-49	
DNF	604	佐藤 成晃	49	男	島根県		1:12:25	603	6:42:48	596	7:55:13	594						M45-49	
DNF	610	酒井 龍司	57	男	島根県		1:07:34	449	6:40:59	581	7:48:33	563						M55-59	
DNF	649	八木 一宏	53	男	岡山県		1:12:03	588	6:37:03	555	7:49:06	568						M50-54	
DNF	652	石村 和之	53	男	岡山県		1:07:49	456	6:03:46	374	7:11:35	379						M50-54	
DNF	661	清 哲朗	59	男	岡山県		1:29:53	797	6:40:47	578	8:10:40	660						M55-59	
DNF	662	大森 昭	61	男	岡山県		1:17:21	712	7:07:17	707	8:24:38	717						M60-64	
DNF	663	慶児 康昭	61	男	岡山県		1:08:47	497	7:04:08	691	8:12:55	672						M60-64	
DNF	675	壽賀 公彦	42	男	広島県		1:05:34	357	6:19:18	456	7:24:52	438						M40-44	
DNF	676	門田 貴志	43	男	広島県		0:53:07	51	5:44:51	263	6:37:58	218						M40-44	
DNF	688	日高 裕一	51	男	広島県		0:58:46	153	5:07:09	95	6:05:55	88						M50-54	
DNF	693	岸本 敦也	52	男	広島県		1:03:46	297	6:20:48	467	7:24:34	437						M50-54	
DNF	697	雁幕 星児	53	男	広島県		1:02:31	262	6:53:14	647	7:55:45	597						M50-54	
DNF	704	堤 耕治	58	男	広島県		1:00:35	211	6:55:19	653	7:55:54	599						M55-59	
DNF	705	永田 勝	58	男	広島県		1:17:37	721	7:06:50	703	8:24:27	714						M55-59	
DNF	712	河本 直也	61	男	広島県		1:12:04	590	6:43:45	604	7:55:49	598						M60-64	
DNF	715	冨岡 敏憲	63	男	広島県		1:16:48	693	6:00:06	355	7:16:54	399						M60-64	
DNF	716	江草 章仁	64	男	広島県		1:14:17	644	6:36:04	552	7:50:21	573						M60-64	
DNF	718	渡部 良太	66	男	広島県		1:10:16	538	6:33:30	540	7:43:46	537						M65+	
DNF	719	佐伯 稔	69	男	広島県		1:03:52	300	7:13:29	725	8:17:21	692						M65+	
DNF	727	古谷 仁	54	男	山口県		1:13:30	630	7:04:56	695	8:18:26	696						M50-54	
DNF	729	宮本 純典	76	男	山口県		1:04:21	312	7:07:05	705	8:11:26	664						M65+	
DNF	730	村中 信一	77	男	山口県		1:07:18	439	7:18:43	731	8:26:01	720						M65+	
DNF	744	鳳 和希	31	男	愛媛県		1:24:18	774	6:30:50	528	7:55:08	593						M30-34	
DNF	757	山崎 和志	51	男	高知県		1:15:34	666	7:13:38	726	8:29:12	730						M50-54	
DNF	774	野坂 修一	54	男	福岡県		1:15:43	669	6:40:41	574	7:56:24	602						M50-54	
DNF	781	山本 雅一郎	66	男	福岡県		1:09:22	516	7:11:02	719	8:20:24	703						M65+	
DNF	787	荒木 雄一	48	男	熊本県		1:07:41	452	7:16:45	730	8:24:26	713						M45-49	
DNF	790	古閑 彰一	57	男	熊本県		1:08:58	500	7:10:59	718	8:19:57	701						M55-59	
DNF	794	吉野 陽登	24	男	鳥取県		0:53:25	57	5:03:18	79	5:56:43	61						M0-24	
DNF	795	福本 貫太	27	男	鳥取県		1:14:44	650	6:09:22	407	7:24:06	435						M25-29	
DNF	800	斉木 護	32	男	鳥取県		0:55:17	86	6:45:36	614	7:40:53	527						M30-34	
DNF	803	難波 修一郎	36	男	鳥取県		0:50:43	29	5:16:13	130	6:06:56	93						M35-39	
DNF	829	松本 英樹	52	男	鳥取県		1:08:08	470	7:12:12	723	8:20:20	702						M50-54	
DNF	835	影山 茂大	54	男	鳥取県		1:10:31	549	6:17:03	442	7:27:34	449						M50-54	
DNF	837	大村 匡由	55	男	鳥取県		0:57:47	135	6:38:59	565	7:36:46	499						M55-59	
DNF	840	冨田 祐一郎	57	男	鳥取県		1:03:24	281	6:31:04	530	7:34:28	483						M55-59	
DNF	841	岩﨑 誠司	57	男	鳥取県		1:08:46	496	6:29:47	524	7:38:33	514						M55-59	
DNF	847	市村 保	59	男	鳥取県		1:08:48	498	7:10:46	716	8:19:34	700						M55-59	
DNF	853	長川 邦男	63	男	鳥取県		1:14:47	652	6:52:12	642	8:06:59	646						M60-64	
DNF	856	猪山 靖	67	男	鳥取県		1:12:39	610	7:03:36	687	8:16:15	688						M65+	
DNF	35	佐藤 みよ子	68	女	新潟県		1:29:16	793										F65+	
DNF	38	Matsushita Tatiane	41	女	福井県		1:45:22	813										F40-44	
DNF	101	畠山 学	54	男	岩手県		1:17:13	709										M50-54	
DNF	107	松田 良夫	61	男	山形県		1:18:02	733										M60-64	
DNF	130	北村 靖二	59	男	埼玉県		1:25:07	778										M55-59	
DNF	143	尼子 雅章	55	男	千葉県		1:08:24	479										M55-59	
DNF	149	福地 宏治	58	男	千葉県		1:23:06	766										M55-59	
DNF	154	古賀 芳夫	74	男	千葉県		1:09:05	508										M65+	
DNF	165	柏木 裕次	44	男	東京都		1:10:26	546										M40-44	
DNF	168	永松 聡一郎	47	男	東京都		1:32:23	804										M45-49	
DNF	179	柚木 孝之	50	男	東京都		1:08:36	489										M50-54	
DNF	185	清水 誠太	52	男	東京都		1:15:15	659										M50-54	
DNF	188	佐伯 健介	53	男	東京都		1:04:34	317										M50-54	
DNF	206	吉岡 朋昭	61	男	東京都		1:16:38	692										M60-64	
DNF	209	井上 圭二	62	男	東京都		1:23:22	769										M60-64	
DNF	210	田村 浩志	63	男	東京都		1:36:31	809										M60-64	
DNF	253	小林 康正	75	男	神奈川県		1:18:45	737										M65+	
DNF	260	谷口 昇一	55	男	石川県		1:13:04	621										M55-59	
DNF	266	大山 宏和	44	男	福井県		1:15:19	663										M40-44	
DNF	279	佐藤 識明	54	男	岐阜県		1:17:12	708										M50-54	
DNF	288	村田 幸一	49	男	静岡県		1:17:20	711										M45-49	
DNF	292	竹内 一勝	53	男	静岡県		0:58:01	140										M50-54	
DNF	298	村松 康義	64	男	静岡県		1:27:19	787										M60-64	
DNF	303	橋本 源大	35	男	愛知県		1:15:16	660										M35-39	
DNF	318	関谷 智彦	48	男	愛知県		1:23:58	772										M45-49	
DNF	323	南薗 徹	50	男	愛知県		1:06:11	396										M50-54	
DNF	338	森山 正治	53	男	愛知県		1:23:27	770										M50-54	
DNF	349	鵜飼 英一	57	男	愛知県		1:17:10	707										M55-59	
DNF	357	後藤 英之	59	男	愛知県		0:58:55	160										M55-59	
DNF	360	室田 正敏	63	男	愛知県		1:35:39	808										M60-64	
DNF	363	川口 隆	64	男	愛知県		1:10:14	536										M60-64	
DNF	372	丹羽 良志輝	74	男	三重県		1:17:40	723										M65+	
DNF	386	西村 太志	61	男	滋賀県		1:27:36	789										M60-64	
DNF	409	中島 秀行	56	男	京都府		1:08:25	481										M55-59	
DNF	412	松澤 隆	62	男	京都府		1:58:49	814										M60-64	
DNF	487	西阪 充	56	男	大阪府		1:17:07	706										M55-59	
DNF	488	平沢 正弘	57	男	大阪府		1:07:31	448										M55-59	
DNF	490	鳴尾 治	58	男	大阪府		1:00:24	209										M55-59	
DNF	496	松崎 仁	60	男	大阪府		1:07:27	446										M60-64	
DNF	499	濱口 信之	61	男	大阪府		1:01:39	238										M60-64	
DNF	514	堀江 祥平	42	男	兵庫県		1:08:31	485										M40-44	
DNF	538	合田 和法	53	男	兵庫県		1:16:50	694										M50-54	
DNF	548	山下 英幸	56	男	兵庫県		1:07:23	444										M55-59	
DNF	549	三宅 比呂志	56	男	兵庫県		1:16:31	688										M55-59	
DNF	551	森口 浩次	57	男	兵庫県		1:08:27	483										M55-59	
DNF	562	平野 光司	60	男	兵庫県		1:36:50	811										M60-64	
DNF	576	宗政 義仁	78	男	兵庫県		1:16:37	690										M65+	
DNF	577	中川 隆二	81	男	兵庫県		1:22:36	758										M65+	
DNF	583	生田 博幸	52	男	奈良県		1:33:56	806										M50-54	
DNF	590	長田 耕治	62	男	奈良県		1:10:51	561										M60-64	
DNF	591	松下 淳則	65	男	奈良県		1:09:38	525										M65+	
DNF	594	林 仁志	62	男	和歌山県		1:31:45	803										M60-64	
DNF	632	大木 克朗	50	男	岡山県		1:16:51	695										M50-54	
DNF	642	森川 和輝	51	男	岡山県		1:20:35	751										M50-54	
DNF	653	正清 賢治	53	男	岡山県		1:15:03	655										M50-54	
DNF	665	宮本 忠広	64	男	岡山県		1:10:21	543										M60-64	
DNF	695	戸田 弘志	53	男	広島県		1:19:50	745										M50-54	
DNF	696	吉村 昌城	53	男	広島県		0:59:58	202										M50-54	
DNF	699	森川 真吾	54	男	広島県		0:58:06	141										M50-54	
DNF	708	黒崎 達也	59	男	広島県		1:22:37	759										M55-59	
DNF	710	中村 光勇	60	男	広島県		1:05:49	371										M60-64	
DNF	714	小埜 克彦	62	男	広島県		1:10:23	545										M60-64	
DNF	717	下 隆俊	65	男	広島県		0:57:11	121										M65+	
DNF	721	郷堀 宏史	70	男	広島県		1:11:48	583										M65+	
DNF	726	末廣 賢二	53	男	山口県		1:02:19	257										M50-54	
DNF	743	岡 正文	71	男	香川県		1:08:05	468										M65+	
DNF	753	東 達也	61	男	愛媛県		1:07:17	437										M60-64	
DNF	764	見月 和哉	39	男	福岡県		1:06:24	405										M35-39	
DNF	765	大塚 公栄	43	男	福岡県		1:16:11	681										M40-44	
DNF	768	首藤 真	49	男	福岡県		1:09:33	521										M45-49	
DNF	775	狩野 敏宏	57	男	福岡県		1:26:06	784										M55-59	
DNF	779	高橋 健志	64	男	福岡県		1:05:35	358										M60-64	
DNF	793	広田 聖	69	男	沖縄県		1:30:57	801										M65+	
DNF	822	松本 晃彦	49	男	鳥取県		1:01:08	228										M45-49	
DNF	828	橋井 光暢	51	男	鳥取県		1:12:12	592										M50-54	
DNF	838	山崎 大輔	55	男	鳥取県		1:17:57	731										M55-59	
DNF	846	中井 修二郎	59	男	鳥取県		1:29:23	794										M55-59	
DNF	850	石見 学	59	男	鳥取県		1:36:35	810										M55-59	
DNF	859	鴨川 岩雄	73	男	鳥取県		1:23:29	771										M65+	
DNF	33	沼部 真理子	64	女	東京都													F60-64	
DNF	328	加能 基博	51	男	愛知県													M50-54	
DNS	123	瀬戸 潤平	37	男	埼玉県													M35-39	
DNS	159	西村 允邦	36	男	東京都													M35-39	
DNS	234	館野 久之	53	男	神奈川県													M50-54	
DNS	245	斉藤 浩一	58	男	神奈川県													M55-59	
DNS	251	山口 仁	63	男	神奈川県													M60-64	
DNS	325	藤川 誠二	50	男	愛知県													M50-54	
DNS	353	山川 真弘	58	男	愛知県													M55-59	
DNS	424	小竹 ユウジ	36	男	大阪府													M35-39	
DNS	470	藤本 禎明	53	男	大阪府													M50-54	
DNS	474	今林 義考	54	男	大阪府													M50-54	
DNS	482	馬瀬 和志	55	男	大阪府													M55-59	
DNS	563	大北 高暢	60	男	兵庫県													M60-64	
DNS	568	堂本 玲二	62	男	兵庫県													M60-64	
DNS	584	岸 淳裕	53	男	奈良県													M50-54	
DNS	609	青木 宏明	54	男	島根県													M50-54	
DNS	614	安井 常光	71	男	島根県													M65+	
DNS	626	佐藤 雅敏	48	男	岡山県													M45-49	
DNS	628	岡本 崇	49	男	岡山県													M45-49	
DNS	631	池田 政義	49	男	岡山県													M45-49	
DNS	669	美山 俊一	68	男	岡山県													M65+	
DNS	706	田中 康雄	58	男	広島県													M55-59	
DNS	777	田中 章夫	60	男	福岡県													M60-64	
DNS	791	蓑田 善一郎	59	男	熊本県													M55-59	
DNS	811	安達 元宏	45	男	鳥取県													M45-49	
DNS	819	見山 恭	48	男	鳥取県													M45-49	
DNS	855	宇田川 宗孝	65	男	鳥取県								