総合順位	No.	氏名	年齢	性別	居住地	総合記録	ｽｲﾑﾗｯﾌﾟ	S順	ﾊﾞｲｸﾗｯﾌﾟ	B順	ｽﾌﾟﾘｯﾄ	通過	ﾗﾝﾗｯﾌﾟ	R順	男子順位	女子順位	区分	区分順位
1	383	望月 佐夢	27	男	埼玉県	1:58:47	0:21:20	8	1:00:45	1	1:22:05	1	0:36:42	4	1		M25-29	
2	374	橋本 悠輝	24	男	神奈川県	1:59:26	0:20:21	3	1:04:05	10	1:24:26	5	0:35:00	1	2		M20-24	
3	375	大井 智仁	25	男	東京都	2:00:58	0:21:51	12	1:02:24	5	1:24:15	3	0:36:43	5	3		M25-29	
4	601	下野 善弘	46	男	神奈川県	2:02:21	0:23:17	25	1:01:49	2	1:25:06	6	0:37:15	7	4		M45-49	1
5	393	若菜 和彦	29	男	神奈川県	2:02:27	0:21:16	6	1:03:04	6	1:24:20	4	0:38:07	11	5		M25-29	1
6	378	柴田 大輔	26	男	神奈川県	2:03:49	0:23:33	29	1:04:08	13	1:27:41	8	0:36:08	2	6		M25-29	2
7	367	栗原 晴生	21	男	東京都	2:06:12	0:24:34	41	1:04:06	12	1:28:40	11	0:37:32	8	7		M20-24	1
8	442	奥平 竜司	35	男	神奈川県	2:06:36	0:20:21	2	1:03:10	7	1:23:31	2	0:43:05	58	8		M35-39	1
9	428	大野 剛	34	男	神奈川県	2:08:30	0:28:28	105	1:02:13	4	1:30:41	18	0:37:49	9	9		M30-34	1
10	390	北條 孝樹	28	男	埼玉県	2:09:03	0:25:00	46	1:02:03	3	1:27:03	7	0:42:00	45	10		M25-29	3
11	451	佐藤 崇史	36	男	東京都	2:09:09	0:24:07	35	1:04:05	11	1:28:12	10	0:40:57	35	11		M35-39	2
12	368	三澤 翔大	21	男	東京都	2:09:10	0:23:54	31	1:03:49	8	1:27:43	9	0:41:27	40	12		M20-24	2
13	526	長谷川 健	42	男	葛飾区	2:09:42	0:23:16	24	1:06:51	23	1:30:07	15	0:39:35	14	13		M40-44	1
14	626	ABSOUS Olivier	47	男	東京都	2:09:50	0:22:38	19	1:06:48	22	1:29:26	13	0:40:24	23	14		M45-49	2
15	365	林 琉聖	19	男	福島県	2:10:42	0:22:20	16	1:07:00	24	1:29:20	12	0:41:22	37	15		M18-19	1
16	369	小林 映輝	22	男	千葉県	2:11:01	0:21:00	5	1:09:30	44	1:30:30	17	0:40:31	26	16		M20-24	3
17	308	北條 碧	29	女	埼玉県	2:11:09	0:19:49	1	1:10:29	53	1:30:18	16	0:40:51	33		1	F25-29	
18	323	加来 奈津子	39	女	東京都	2:11:29	0:21:39	10	1:10:57	57	1:32:36	28	0:38:53	12		2	F35-39	
19	407	清田 晃大	31	男	静岡県	2:12:44	0:28:29	107	1:03:52	9	1:32:21	26	0:40:23	22	17		M30-34	2
20	667	榎戸 敬人	48	男	静岡県	2:12:46	0:26:31	61	1:04:43	15	1:31:14	20	0:41:32	41	18		M45-49	3
21	439	雨宮 大地	35	男	神奈川県	2:13:26	0:26:06	54	1:05:37	17	1:31:43	23	0:41:43	43	19		M35-39	3
22	473	有松 信輔	38	男	神奈川県	2:13:26	0:26:42	67	1:07:26	27	1:34:08	36	0:39:18	13	20		M35-39	4
23	703	中野 正紀	50	男	東京都	2:13:37	0:28:38	113	1:04:21	14	1:32:59	30	0:40:38	28	21		M50-54	1
24	598	岡田 優	45	男	千葉県	2:13:57	0:22:38	18	1:10:25	52	1:33:03	31	0:40:54	34	22		M45-49	4
25	304	木村 綾愛	26	女	埼玉県	2:14:12	0:22:06	14	1:12:11	72	1:34:17	37	0:39:55	18		3	F25-29	
26	524	江藤 真輔	41	男	東京都	2:14:34	0:24:30	40	1:06:21	19	1:30:51	19	0:43:43	64	23		M40-44	2
27	658	太田 暁也	48	男	東京都	2:14:45	0:22:49	20	1:09:09	38	1:31:58	25	0:42:47	53	24		M45-49	5
28	494	岡本 太郎	39	男	東京都	2:14:49	0:27:09	76	1:07:14	26	1:34:23	38	0:40:26	25	25		M35-39	5
29	482	tsedendamba tseren	39	男	神奈川県	2:14:55	0:26:21	58	1:08:54	35	1:35:15	40	0:39:40	15	26		M35-39	6
30	670	平澤 健市	48	男	埼玉県	2:15:01	0:24:21	38	1:09:14	39	1:33:35	32	0:41:26	39	27		M45-49	6
31	550	沓澤 篤史	43	男	東京都	2:15:18	0:27:05	74	1:05:41	18	1:32:46	29	0:42:32	50	28		M40-44	3
32	559	皆川 貴行	44	男	東京都	2:15:35	0:24:06	34	1:07:31	28	1:31:37	22	0:43:58	69	29		M40-44	4
33	495	赤松 洋一郎	40	男	神奈川県	2:15:39	0:22:56	22	1:07:07	25	1:30:03	14	0:45:36	102	30		M40-44	5
34	625	石原 智秀	47	男	神奈川県	2:16:12	0:23:19	27	1:08:01	32	1:31:20	21	0:44:52	85	31		M45-49	7
35	452	上地 弘起	36	男	東京都	2:16:26	0:28:16	101	1:07:58	30	1:36:14	44	0:40:12	20	32		M35-39	7
36	422	高橋 怜央奈	34	男	東京都	2:17:07	0:29:40	138	1:06:42	21	1:36:22	46	0:40:45	30	33		M30-34	3
37	466	小坂 進吾	37	男	神奈川県	2:17:08	0:26:36	65	1:10:48	55	1:37:24	50	0:39:44	16	34		M35-39	8
38	609	荻野 智成	46	男	東京都	2:17:34	0:22:28	17	1:13:00	85	1:35:28	41	0:42:06	46	35		M45-49	8
39	470	関吉 大亮	38	男	千葉県	2:18:12	0:27:32	84	1:12:40	77	1:40:12	65	0:38:00	10	36		M35-39	9
40	664	後藤 剛	48	男	埼玉県	2:18:58	0:28:05	97	1:10:03	48	1:38:08	54	0:40:50	32	37		M45-49	9
41	468	坂田 拓也	38	男	神奈川県	2:19:55	0:26:13	55	1:09:26	42	1:35:39	42	0:44:16	76	38		M35-39	10
42	484	桂川 貴充	39	男	埼玉県	2:20:04	0:27:13	77	1:06:42	20	1:33:55	35	0:46:09	114	39		M35-39	11
43	800	永井 克明	54	男	埼玉県	2:20:14	0:29:03	124	1:04:50	16	1:33:53	34	0:46:21	121	40		M50-54	2
44	585	志田 浩章	45	男	東京都	2:20:17	0:25:01	47	1:15:32	120	1:40:33	70	0:39:44	17	41		M45-49	10
45	789	岩瀬 弘明	53	男	山梨県	2:21:01	0:27:17	80	1:09:27	43	1:36:44	47	0:44:17	78	42		M50-54	3
46	551	高橋 悟	43	男	東京都	2:21:43	0:27:15	78	1:11:35	63	1:38:50	55	0:42:53	54	43		M40-44	6
47	443	水谷 渉	35	男	神奈川県	2:21:46	0:29:53	152	1:09:45	46	1:39:38	58	0:42:08	47	44		M35-39	12
48	382	草間 大雅	26	男	東京都	2:21:52	0:22:55	21	1:08:54	36	1:31:49	24	0:50:03	200	45		M25-29	4
49	648	鶴谷 周平	48	男	東京都	2:21:58	0:23:58	33	1:12:24	73	1:36:22	45	0:45:36	105	46		M45-49	11
50	771	濱道 教行	52	男	千葉県	2:22:14	0:29:19	129	1:11:19	60	1:40:38	71	0:41:36	42	47		M50-54	4
51	498	池畑 健太	40	男	神奈川県	2:22:20	0:28:04	96	1:08:50	33	1:36:54	48	0:45:26	99	48		M40-44	7
52	886	山本 慈朗	58	男	千葉県	2:22:38	0:31:14	210	1:08:55	37	1:40:09	64	0:42:29	49	49		M55-59	1
53	564	月川 一彦	44	男	東京都	2:22:58	0:31:52	235	1:08:50	34	1:40:42	72	0:42:16	48	50		M40-44	8
54	306	竹内 愛	27	女	東京都	2:23:04	0:21:18	7	1:12:32	75	1:33:50	33	0:49:14	183		4	F25-29	1
55	873	丹野 憲仁	58	男	神奈川県	2:23:11	0:29:33	135	1:10:41	54	1:40:14	66	0:42:57	55	51		M55-59	2
56	629	田中 康志	47	男	東京都	2:23:38	0:24:38	42	1:12:48	80	1:37:26	51	0:46:12	116	52		M45-49	12
57	677	中村 太郎	48	男	千葉県	2:23:51	0:29:55	154	1:08:01	31	1:37:56	53	0:45:55	112	53		M45-49	13
58	986	山口 陽平	45	男	東京都	2:23:54	0:24:20	37	1:15:21	111	1:39:41	60	0:44:13	74	54		M45-49	14
59	867	長澤 宏隆	57	男	山梨県	2:24:15	0:30:23	176	1:09:33	45	1:39:56	62	0:44:19	79	55		M55-59	3
60	723	渡邉 昌弘	50	男	東京都	2:24:32	0:29:54	153	1:12:53	82	1:42:47	90	0:41:45	44	56		M50-54	5
61	418	大八木 貴章	32	男	千葉県	2:24:37	0:31:52	236	1:15:42	121	1:47:34	146	0:37:03	6	57		M30-34	4
62	583	永瀬 達也	45	男	東京都	2:24:38	0:28:35	111	1:09:18	40	1:37:53	52	0:46:45	129	58		M45-49	15
63	467	古川 新	37	男	東京都	2:24:52	0:33:08	288	1:11:08	58	1:44:16	106	0:40:36	27	59		M35-39	13
64	714	青木 悟史	50	男	神奈川県	2:25:14	0:27:30	83	1:16:56	140	1:44:26	109	0:40:48	31	60		M50-54	6
65	914	三須 秀明	60	男	東京都	2:25:14	0:28:05	98	1:13:00	84	1:41:05	75	0:44:09	73	61		M60-64	1
66	680	飯島 隆介	49	男	東京都	2:25:43	0:29:41	140	1:14:38	102	1:44:19	108	0:41:24	38	62		M45-49	16
67	655	春名 徹男	48	男	東京都	2:25:57	0:28:41	116	1:12:08	71	1:40:49	73	0:45:08	90	63		M45-49	17
68	752	山本 英永	51	男	神奈川県	2:26:05	0:27:27	82	1:12:51	81	1:40:18	67	0:45:47	109	64		M50-54	7
69	651	三野 芳基	48	男	沖縄県	2:26:11	0:29:29	133	1:13:22	89	1:42:51	93	0:43:20	60	65		M45-49	18
70	831	山内 誠治	55	男	神奈川県	2:26:15	0:30:00	158	1:11:59	68	1:41:59	84	0:44:16	77	66		M55-59	4
71	554	古屋 健吾	43	男	千葉県	2:26:32	0:27:42	89	1:15:05	107	1:42:47	91	0:43:45	65	67		M40-44	9
72	845	山田 隆広	56	男	東京都	2:26:33	0:27:18	81	1:14:51	103	1:42:09	85	0:44:24	81	68		M55-59	5
73	599	伊藤 孝志	45	男	千葉県	2:26:36	0:30:28	182	1:15:23	112	1:45:51	123	0:40:45	29	69		M45-49	19
74	302	山岸 汐里	25	女	千葉県	2:26:56	0:22:03	13	1:17:22	144	1:39:25	57	0:47:31	142		5	F25-29	2
75	595	中野 哲明	45	男	埼玉県	2:27:08	0:26:44	68	1:15:02	105	1:41:46	80	0:45:22	98	70		M45-49	20
76	816	古宮 聡	54	男	千葉県	2:27:25	0:30:16	167	1:17:13	143	1:47:29	144	0:39:56	19	71		M50-54	8
77	406	若月 一世	31	男	東京都	2:27:34	0:31:28	218	1:10:21	50	1:41:49	81	0:45:45	107	72		M30-34	5
78	455	勝野 陽士	37	男	茨城県	2:27:36	0:31:13	209	1:13:37	94	1:44:50	113	0:42:46	52	73		M35-39	14
79	462	佐野 良憲	37	男	神奈川県	2:27:37	0:32:01	244	1:11:29	62	1:43:30	97	0:44:07	70	74		M35-39	15
80	644	角田 有希	47	男	神奈川県	2:27:39	0:24:58	45	1:09:53	47	1:34:51	39	0:52:48	280	75		M45-49	21
81	977	入江 正和	56	男	千葉県	2:27:59	0:29:01	122	1:12:54	83	1:41:55	82	0:46:04	113	76		M55-59	6
82	364	原 維吹樹	18	男	東京都	2:28:02	0:21:24	9	1:15:57	125	1:37:21	49	0:50:41	213	77		M18-19	2
83	447	石川 洋平	36	男	東京都	2:28:08	0:21:48	11	1:14:07	98	1:35:55	43	0:52:13	262	78		M35-39	16
84	779	松尾 勝己	52	男	東京都	2:28:22	0:27:50	91	1:11:50	65	1:39:40	59	0:48:42	171	79		M50-54	9
85	553	赤川 俊介	43	男	茨城県	2:28:32	0:29:45	145	1:15:46	122	1:45:31	117	0:43:01	57	80		M40-44	10
86	821	長岡 光雄	55	男	群馬県	2:29:19	0:27:39	85	1:13:36	93	1:41:15	78	0:48:04	155	81		M55-59	7
87	693	石田 和之	49	男	東京都	2:29:21	0:29:50	149	1:12:40	78	1:42:30	88	0:46:51	130	82		M45-49	22
88	305	高橋 夏帆	26	女	千葉県	2:29:39	0:26:57	72	1:19:23	200	1:46:20	129	0:43:19	59		6	F25-29	3
89	652	吉原 充	48	男	埼玉	2:29:45	0:28:35	112	1:15:28	114	1:44:03	102	0:45:42	106	83		M45-49	23
90	875	榛澤 尚武	58	男	東京都	2:30:07	0:28:32	109	1:11:55	66	1:40:27	69	0:49:40	191	84		M55-59	8
91	880	木綿 正秋	58	男	千葉県	2:30:10	0:34:51	356	1:10:14	49	1:45:05	115	0:45:05	88	85		M55-59	9
92	892	園田 栄太郎	59	男	神奈川県	2:30:10	0:26:24	59	1:18:10	161	1:44:34	111	0:45:36	104	86		M55-59	10
93	738	古山 清人	51	男	神奈川県	2:30:13	0:30:53	201	1:11:58	67	1:42:51	92	0:47:22	137	87		M50-54	10
94	649	浅野 朗宏	48	男	茨城県	2:30:18	0:31:32	220	1:17:30	148	1:49:02	169	0:41:16	36	88		M45-49	24
95	535	河野 雄三	42	男	東京都	2:30:22	0:28:28	106	1:15:32	119	1:44:00	100	0:46:22	123	89		M40-44	11
96	588	山﨑 文隆	45	男	東京都	2:30:26	0:26:45	69	1:19:09	188	1:45:54	124	0:44:32	82	90		M45-49	25
97	694	髙橋 祐一郎	49	男	東京都	2:30:30	0:31:18	211	1:15:21	110	1:46:39	133	0:43:51	67	91		M45-49	26
98	366	伊藤 大和	19	男	千葉県	2:30:36	0:24:54	44	1:22:45	277	1:47:39	148	0:42:57	56	92		M18-19	3
99	665	山中 ファビオ	48	男	東京都	2:30:40	0:32:10	251	1:12:08	70	1:44:18	107	0:46:22	122	93		M45-49	27
100	864	河野 篤志	57	男	千葉県	2:30:54	0:31:03	203	1:12:07	69	1:43:10	96	0:47:44	147	94		M55-59	11
101	896	山川 雅之	59	男	東京都	2:31:01	0:29:44	142	1:11:47	64	1:41:31	79	0:49:30	189	95		M55-59	12
102	675	嶌田 一幸	48	男	千葉県	2:31:26	0:31:55	241	1:14:18	99	1:46:13	126	0:45:13	94	96		M45-49	28
103	904	境 勉	60	男	東京都	2:31:33	0:31:48	229	1:09:22	41	1:41:10	77	0:50:23	207	97		M60-64	2
104	637	森下 陽介	47	男	埼玉県	2:31:35	0:23:47	30	1:16:14	130	1:40:01	63	0:51:34	244	98		M45-49	29
105	460	森田 孝治	37	男	静岡県	2:31:37	0:24:09	36	1:18:16	164	1:42:25	87	0:49:12	182	99		M35-39	17
106	918	志田 哲也	61	男	東京都	2:31:37	0:29:05	125	1:10:50	56	1:39:55	61	0:51:42	250	100		M60-64	3
107	780	村西 裕忠	52	男	東京都	2:32:02	0:29:34	136	1:13:20	88	1:42:54	94	0:49:08	180	101		M50-54	11
108	436	三浦 翔太	35	男	東京都	2:32:04	0:23:32	28	1:16:53	138	1:40:25	68	0:51:39	247	102		M35-39	18
109	496	TAKEDA KOJI	40	男	東京都	2:32:09	0:28:30	108	1:19:23	197	1:47:53	152	0:44:16	75	103		M40-44	12
110	594	武田 幸寿	45	男	東京都	2:32:10	0:30:29	183	1:13:31	92	1:44:00	101	0:48:10	158	104		M45-49	30
111	911	川原 広美	60	男	千葉県	2:32:32	0:30:31	185	1:16:49	136	1:47:20	142	0:45:12	92	105		M60-64	4
112	380	林 友樹	26	男	東京都	2:32:37	0:29:42	141	1:14:22	101	1:44:04	103	0:48:33	166	106		M25-29	5
113	547	佐藤 貴仁	43	男	神奈川県	2:32:48	0:31:44	226	1:20:43	226	1:52:27	218	0:40:21	21	107		M40-44	13
114	922	金子 英一	61	男	神奈川県	2:32:48	0:32:18	255	1:16:21	132	1:48:39	161	0:44:09	72	108		M60-64	5
115	654	奥塚 元	48	男	神奈川県	2:33:04	0:30:52	200	1:13:17	87	1:44:09	105	0:48:55	174	109		M45-49	31
116	600	青木 一憲	46	男	東京都	2:33:08	0:29:20	130	1:21:11	238	1:50:31	190	0:42:37	51	110		M45-49	32
117	532	宮崎 健太郎	42	男	千葉県	2:33:12	0:31:07	206	1:11:17	59	1:42:24	86	0:50:48	217	111		M40-44	14
118	935	斉藤 茂之	62	男	埼玉県	2:33:33	0:27:41	87	1:19:09	189	1:46:50	135	0:46:43	127	112		M60-64	6
119	461	Socha Charles	37	男	千葉県	2:33:45	0:23:02	23	1:18:05	160	1:41:07	76	0:52:38	276	113		M35-39	19
120	933	滝 重幸	62	男	千葉県	2:33:47	0:31:19	212	1:15:02	106	1:46:21	130	0:47:26	139	114		M60-64	7
121	619	羽根田 一真	46	男	東京都	2:34:07	0:28:06	99	1:21:38	249	1:49:44	181	0:44:23	80	115		M45-49	33
122	316	直江 礼華	35	女	東京都	2:34:10	0:26:32	62	1:22:24	274	1:48:56	165	0:45:14	95		7	F35-39	1
123	589	篠原 洋平	45	男	神奈川県	2:34:12	0:32:35	265	1:10:25	51	1:43:00	95	0:51:12	227	116		M45-49	34
124	440	西山 俊	35	男	神奈川県	2:34:16	0:20:43	4	1:25:40	346	1:46:23	132	0:47:53	149	117		M35-39	20
125	692	安田 昌泰	49	男	千葉県	2:34:21	0:34:48	353	1:14:18	100	1:49:06	173	0:45:15	96	118		M45-49	35
126	586	原嶋 亮多	45	男	埼玉県	2:34:26	0:27:17	79	1:18:33	174	1:45:50	122	0:48:36	168	119		M45-49	36
127	605	松永 秀樹	46	男	埼玉県	2:34:29	0:28:23	103	1:12:29	74	1:40:52	74	0:53:37	300	120		M45-49	37
128	737	成田 英将	50	男	神奈川県	2:34:34	0:27:58	93	1:18:24	169	1:46:22	131	0:48:12	159	121		M50-54	12
129	450	保坂 憲司	36	男	千葉県	2:34:40	0:27:41	88	1:22:51	280	1:50:32	191	0:44:08	71	122		M35-39	21
130	794	土屋 智敬	53	男	東京都	2:35:11	0:29:28	132	1:22:16	266	1:51:44	207	0:43:27	61	123		M50-54	13
131	722	白井 伸明	50	男	埼玉県	2:35:14	0:30:19	172	1:16:59	141	1:47:18	141	0:47:56	152	124		M50-54	14
132	907	鈴木 隆之	60	男	千葉県	2:35:23	0:30:13	165	1:13:56	97	1:44:09	104	0:51:14	230	125		M60-64	8
133	457	小路 拓也	37	男	神奈川県	2:35:25	0:33:49	314	1:13:46	95	1:47:35	147	0:47:50	148	126		M35-39	22
134	633	小林 智彦	47	男	茨城県	2:35:34	0:30:38	189	1:18:39	177	1:49:17	175	0:46:17	119	127		M45-49	38
135	980	范 維國	40	男	東京都	2:35:39	0:30:04	159	1:13:30	91	1:43:34	99	0:52:05	260	128		M40-44	15
136	385	大山 裕也	27	男	神奈川県	2:36:07	0:28:03	95	1:15:28	115	1:43:31	98	0:52:36	275	129		M25-29	6
137	587	脇屋 博幸	45	男	東京都	2:36:08	0:30:27	180	1:19:29	203	1:49:56	184	0:46:12	117	130		M45-49	39
138	370	野村 祐人	23	男	千葉県	2:36:20	0:37:12	449	1:13:55	96	1:51:07	197	0:45:13	93	131		M20-24	4
139	582	伊藤 正徳	45	男	神奈川県	2:36:22	0:26:39	66	1:15:20	109	1:41:59	83	0:54:23	332	132		M45-49	40
140	846	鈴木 英樹	56	男	神奈川県	2:36:22	0:29:44	144	1:15:01	104	1:44:45	112	0:51:37	245	133		M55-59	13
141	878	皆川 健次	58	男	茨城県	2:36:23	0:35:04	365	1:20:54	230	1:55:58	266	0:40:25	24	134		M55-59	14
142	830	北澤 純	55	男	神奈川県	2:36:29	0:31:23	214	1:21:24	244	1:52:47	223	0:43:42	63	135		M55-59	15
143	982	宋 基央	41	男	東京都	2:36:32	0:28:22	102	1:19:11	191	1:47:33	145	0:48:59	177	136		M40-44	16
144	445	中村 雅一	35	男	神奈川県	2:36:45	0:26:50	70	1:15:56	124	1:42:46	89	0:53:59	315	137		M35-39	23
145	449	佐久間 洋平	36	男	千葉県	2:36:46	0:29:03	123	1:20:01	217	1:49:04	172	0:47:42	146	138		M35-39	24
146	562	藤平 直樹	44	男	東京都	2:36:59	0:30:43	191	1:18:20	168	1:49:03	171	0:47:56	150	139		M40-44	17
147	301	白岩 千加子	20	女	東京都	2:37:14	0:28:47	119	1:22:16	267	1:51:03	195	0:46:11	115		8	F20-24	
148	881	中村 薫	58	男	東京都	2:37:23	0:33:57	320	1:12:45	79	1:46:42	134	0:50:41	214	140		M55-59	16
149	732	青木 健	50	男	東京都	2:37:27	0:35:21	382	1:18:37	176	1:53:58	239	0:43:29	62	141		M50-54	15
150	882	斉藤 親	58	男	茨城県	2:37:29	0:29:13	128	1:18:04	158	1:47:17	140	0:50:12	201	142		M55-59	17
151	386	山﨑 恭平	28	男	埼玉県	2:37:35	0:33:06	287	1:13:13	86	1:46:19	128	0:51:16	233	143		M25-29	7
152	544	小笠原 芳樹	43	男	東京都	2:37:42	0:31:06	205	1:17:56	153	1:49:02	167	0:48:40	169	144		M40-44	18
153	515	大石 隼之	41	男	埼玉県	2:38:01	0:26:01	52	1:22:18	269	1:48:19	156	0:49:42	193	145		M40-44	19
154	817	冨岡 武	54	男	千葉県	2:38:08	0:30:12	164	1:15:30	117	1:45:42	119	0:52:26	272	146		M50-54	16
155	500	廣津 卓哉	40	男	東京都	2:38:10	0:33:03	284	1:11:24	61	1:44:27	110	0:53:43	305	147		M40-44	20
156	671	伊藤 哲雄	48	男	神奈川県	2:38:10	0:30:30	184	1:22:11	263	1:52:41	221	0:45:29	101	148		M45-49	41
157	678	柳沼 孝治	49	男	東京都	2:38:12	0:30:43	192	1:16:56	139	1:47:39	149	0:50:33	211	149		M45-49	42
158	545	江畑 将也	43	男	神奈川県	2:38:12	0:28:00	94	1:17:23	145	1:45:23	116	0:52:49	282	150		M40-44	21
159	697	八田 広治	49	男	東京都	2:38:23	0:34:38	342	1:13:23	90	1:48:01	153	0:50:22	206	151		M45-49	43
160	402	江畑 俊行	30	男	東京都	2:38:24	0:30:52	199	1:15:24	113	1:46:16	127	0:52:08	261	152		M30-34	6
161	725	太田 剛志	50	男	東京都	2:38:24	0:34:14	332	1:16:50	137	1:51:04	196	0:47:20	136	153		M50-54	17
162	329	宮澤 智子	44	女	埼玉県	2:38:25	0:28:12	100	1:18:51	179	1:47:03	138	0:51:22	236		9	F40-44	1
163	879	田口 浩崇	58	男	千葉県	2:38:29	0:29:57	155	1:17:53	152	1:47:50	151	0:50:39	212	154		M55-59	18
164	815	藤井 雄三	54	男	千葉県	2:38:31	0:31:44	227	1:19:12	192	1:50:56	194	0:47:35	144	155		M50-54	18
165	646	星 良彦	47	男	千葉県	2:38:36	0:22:17	15	1:16:45	135	1:39:02	56	0:59:34	452	156		M45-49	44
166	852	大場 泰彦	56	男	神奈川県	2:38:41	0:35:34	389	1:18:01	156	1:53:35	231	0:45:06	89	157		M55-59	19
167	531	藤島 理人	42	男	神奈川県	2:38:46	0:31:52	234	1:19:36	208	1:51:28	201	0:47:18	135	158		M40-44	22
168	863	堀内 成吾	57	男	東京都	2:38:47	0:33:34	305	1:20:16	219	1:53:50	236	0:44:57	86	159		M55-59	20
169	444	大須 武	35	男	千葉県	2:38:50	0:25:28	49	1:22:54	281	1:48:22	157	0:50:28	210	160		M35-39	25
170	898	栗山 聖吾	59	男	東京都	2:38:51	0:31:11	208	1:17:49	150	1:49:00	166	0:49:51	197	161		M55-59	21
171	326	櫻井 広美	40	女	千葉県	2:39:08	0:28:44	118	1:23:08	291	1:51:52	210	0:47:16	134		10	F40-44	2
172	810	磯上 透	54	男	茨城県	2:39:33	0:25:42	50	1:23:25	301	1:49:07	174	0:50:26	208	162		M50-54	19
173	622	柴 達也	46	男	東京都	2:39:42	0:35:04	366	1:19:21	195	1:54:25	245	0:45:17	97	163		M45-49	45
174	420	高橋 央	33	男	神奈川県	2:39:43	0:30:17	170	1:21:18	239	1:51:35	204	0:48:08	156	164		M30-34	7
175	379	膝舘 朗人	26	男	東京都	2:39:45	0:26:06	53	1:25:59	353	1:52:05	213	0:47:40	145	165		M25-29	8
176	465	小松 由和	37	男	東京都	2:39:54	0:29:48	147	1:33:36	488	2:03:24	380	0:36:30	3	166		M35-39	26
177	924	今井 克招	61	男	東京都	2:39:54	0:32:01	245	1:18:27	172	1:50:28	189	0:49:26	188	167		M60-64	9
178	596	石原 淳一	45	男	千葉県	2:39:58	0:32:14	252	1:21:21	241	1:53:35	232	0:46:23	124	168		M45-49	46
179	642	川西 大介	47	男	千葉県	2:40:03	0:30:49	196	1:19:56	216	1:50:45	193	0:49:18	185	169		M45-49	47
180	396	澤野 太暉	29	男	東京都	2:40:08	0:33:24	297	1:15:31	118	1:48:55	164	0:51:13	229	170		M25-29	9
181	699	森田 俊平	49	男	東京都	2:40:12	0:30:26	179	1:19:28	202	1:49:54	182	0:50:18	203	171		M45-49	48
182	372	野本 将平	24	男	東京都	2:40:14	0:28:35	110	1:17:28	147	1:46:03	125	0:54:11	325	172		M20-24	5
183	776	加峰 裕昭	52	男	千葉県	2:40:24	0:29:46	146	1:19:16	194	1:49:02	168	0:51:22	237	173		M50-54	20
184	602	市川 卓生	46	男	千葉県	2:40:31	0:35:07	369	1:18:57	183	1:54:04	242	0:46:27	125	174		M45-49	49
185	809	河上 達也	54	男	東京都	2:40:31	0:32:53	276	1:15:59	127	1:48:52	162	0:51:39	248	175		M50-54	21
186	640	岡本 啓	47	男	東京都	2:40:36	0:33:01	283	1:16:32	133	1:49:33	179	0:51:03	224	176		M45-49	50
187	597	江川 雄三	45	男	神奈川県	2:40:40	0:28:40	114	1:23:01	286	1:51:41	205	0:48:59	176	177		M45-49	51
188	983	野田 農	42	男	東京都	2:40:52	0:33:26	300	1:15:28	116	1:48:54	163	0:51:58	256	178		M40-44	23
189	781	鎌田 淳	53	男	神奈川県	2:40:57	0:31:54	240	1:15:06	108	1:47:00	137	0:53:57	311	179		M50-54	22
190	572	熊谷 秀二	44	男	東京都	2:41:26	0:35:18	378	1:18:37	175	1:53:55	238	0:47:31	143	180		M40-44	24
191	373	小田 智也	24	男	千葉県	2:41:30	0:34:48	354	1:22:05	262	1:56:53	278	0:44:37	84	181		M20-24	6
192	643	九矢 政史	47	男	埼玉県	2:41:35	0:34:49	355	1:22:56	283	1:57:45	292	0:43:50	66	182		M45-49	52
193	932	田中 晴彦	62	男	東京都	2:41:36	0:31:52	233	1:21:35	247	1:53:27	229	0:48:09	157	183		M60-64	10
194	959	田前 正博	65	男	神奈川県	2:41:52	0:36:14	409	1:21:03	233	1:57:17	287	0:44:35	83	184		M65-69	1
195	876	齋藤 文博	58	男	千葉県	2:42:02	0:35:05	368	1:18:25	170	1:53:30	230	0:48:32	165	185		M55-59	22
196	981	北島 圭亮	41	男	東京都	2:42:44	0:30:26	178	1:19:01	184	1:49:27	177	0:53:17	290	186		M40-44	25
197	676	川島 隆伸	48	男	埼玉県	2:42:45	0:23:18	26	1:26:43	369	1:50:01	186	0:52:44	279	187		M45-49	53
198	715	川瀬 直人	50	男	東京都	2:42:48	0:30:11	163	1:17:04	142	1:47:15	139	0:55:33	356	188		M50-54	23
199	630	河西 崇智	47	男	東京都	2:42:53	0:23:55	32	1:20:58	232	1:44:53	114	0:58:00	417	189		M45-49	54
200	384	黒野 龍星	27	男	埼玉県	2:42:57	0:34:11	330	1:22:59	285	1:57:10	285	0:45:47	110	190		M25-29	10
201	429	長井 陸利	34	男	東京都	2:42:59	0:33:44	312	1:18:53	181	1:52:37	219	0:50:22	205	191		M30-34	8
202	748	池田 征央	51	男	東京都	2:43:01	0:31:57	242	1:19:23	199	1:51:20	199	0:51:41	249	192		M50-54	24
203	387	田口 翔太郎	28	男	東京都	2:43:11	0:27:07	75	1:21:08	235	1:48:15	155	0:54:56	341	193		M25-29	11
204	696	山崎 晶	49	男	埼玉県	2:43:12	0:32:47	271	1:19:36	209	1:52:23	216	0:50:49	218	194		M45-49	55
205	690	野口 晃男	49	男	東京都	2:43:14	0:32:33	262	1:19:33	205	1:52:06	214	0:51:08	225	195		M45-49	56
206	832	川名 茂樹	55	男	千葉県	2:43:15	0:29:41	139	1:15:57	126	1:45:38	118	0:57:37	408	196		M55-59	23
207	747	松井 仁	51	男	東京都	2:43:15	0:35:08	371	1:22:22	272	1:57:30	288	0:45:45	108	197		M50-54	25
208	381	KUO CHING	26	男	東京都	2:43:29	0:26:33	63	1:23:23	300	1:49:56	185	0:53:33	298	198		M25-29	12
209	659	馬場 勉	48	男	埼玉県	2:43:29	0:39:37	517	1:18:25	171	1:58:02	296	0:45:27	100	199		M45-49	57
210	575	布川 了	44	男	千葉県	2:43:31	0:31:34	222	1:21:09	237	1:52:43	222	0:50:48	216	200		M40-44	26
211	668	佐野 晃一郎	48	男	東京都	2:43:32	0:34:52	357	1:12:33	76	1:47:25	143	0:56:07	373	201		M45-49	58
212	868	谷口 博康	57	男	神奈川県	2:43:36	0:30:41	190	1:19:14	193	1:49:55	183	0:53:41	304	202		M55-59	24
213	516	渡邊 永法	41	男	埼玉県	2:43:37	0:30:28	181	1:19:10	190	1:49:38	180	0:53:59	314	203		M40-44	27
214	710	樽角 哲也	50	男	千葉県	2:43:56	0:32:34	264	1:22:55	282	1:55:29	257	0:48:27	162	204		M50-54	26
215	359	山本 真紀恵	57	女	千葉県	2:43:56	0:32:46	270	1:20:53	228	1:53:39	233	0:50:17	202		11	F55-59	1
216	328	岩田 文	41	女	埼玉県	2:44:41	0:25:09	48	1:21:50	254	1:46:59	136	0:57:42	410		12	F40-44	3
217	772	金 成太	52	男	東京都	2:44:42	0:38:47	499	1:18:53	180	1:57:40	291	0:47:02	132	205		M50-54	27
218	570	小田川 亮人	44	男	神奈川県	2:45:02	0:26:29	60	1:26:34	365	1:53:03	226	0:51:59	257	206		M40-44	28
219	391	鈴木 啓介	29	男	神奈川県	2:45:02	0:26:54	71	1:18:49	178	1:45:43	120	0:59:19	446	207		M25-29	13
220	337	上岡 里美	50	女	東京都	2:45:08	0:37:43	465	1:21:08	236	1:58:51	316	0:46:17	118		13	F50-54	1
221	874	紺野 克洋	58	男	神奈川県	2:45:09	0:34:18	336	1:21:43	251	1:56:01	267	0:49:08	181	208		M55-59	25
222	348	鎌田 綾子	53	女	神奈川県	2:45:13	0:26:19	57	1:24:09	319	1:50:28	188	0:54:45	338		14	F50-54	2
223	870	籏野 弘昭	57	男	東京都	2:45:14	0:37:50	471	1:16:01	129	1:53:51	237	0:51:23	239	209		M55-59	26
224	488	林 祐次郎	39	男	千葉県	2:45:20	0:31:59	243	1:17:28	146	1:49:27	176	0:55:53	369	210		M35-39	27
225	928	渡辺 吏	62	男	東京都	2:45:31	0:34:05	325	1:19:38	210	1:53:43	235	0:51:48	255	211		M60-64	11
226	641	多田 元比古	47	男	茨城県	2:45:32	0:30:26	177	1:18:05	159	1:48:31	160	0:57:01	394	212		M45-49	59
227	576	松戸 泰樹	44	男	神奈川県	2:45:33	0:27:40	86	1:24:07	318	1:51:47	208	0:53:46	309	213		M40-44	29
228	720	伊藤 寿浩	50	男	神奈川県	2:45:36	0:33:19	294	1:24:17	325	1:57:36	289	0:48:00	154	214		M50-54	28
229	865	石塚 朋樹	57	男	東京都	2:45:56	0:36:24	416	1:18:12	162	1:54:36	247	0:51:20	235	215		M55-59	27
230	923	村瀬 秀也	61	男	千葉県	2:46:29	0:29:52	150	1:17:49	149	1:47:41	150	0:58:48	438	216		M60-64	12
231	945	三浦 志朗	63	男	東京都	2:46:35	0:34:25	338	1:23:55	312	1:58:20	303	0:48:15	160	217		M60-64	13
232	828	森山 雅裕	55	男	神奈川県	2:46:37	0:35:49	401	1:22:17	268	1:58:06	297	0:48:31	163	218		M55-59	28
233	417	久保 祥馬	32	男	東京都	2:46:43	0:33:32	304	1:19:31	204	1:53:03	225	0:53:40	303	219		M30-34	9
234	584	芳賀 正克	45	男	東京都	2:46:48	0:31:50	231	1:19:34	207	1:51:24	200	0:55:24	352	220		M45-49	60
235	734	松木 大輔	50	男	東京都	2:46:48	0:33:48	313	1:21:45	252	1:55:33	258	0:51:15	232	221		M50-54	29
236	934	宮本 泰弘	62	男	千葉県	2:46:49	0:29:58	156	1:19:05	186	1:49:03	170	0:57:46	412	222		M60-64	14
237	801	横山 正志	54	男	神奈川県	2:46:54	0:34:41	347	1:20:30	225	1:55:11	254	0:51:43	251	223		M50-54	30
238	303	曹 未蘭	26	女	東京都	2:47:02	0:30:51	198	1:23:57	315	1:54:48	250	0:52:14	264		15	F25-29	4
239	313	蔀 玲奈	33	女	東京都	2:47:02	0:33:10	290	1:24:29	331	1:57:39	290	0:49:23	186		16	F30-34	1
240	653	轟 健一郎	48	男	東京都	2:47:26	0:31:53	237	1:21:48	253	1:53:41	234	0:53:45	307	224		M45-49	61
241	956	Chelberg Stephen	65	男	東京都	2:47:30	0:31:48	230	1:20:16	220	1:52:04	212	0:55:26	353	225		M65-69	2
242	661	西川 仁	48	男	神奈川県	2:47:31	0:26:15	56	1:22:15	265	1:48:30	159	0:59:01	444	226		M45-49	62
243	855	田之頭 宏明	56	男	東京都	2:47:32	0:35:45	400	1:23:06	289	1:58:51	317	0:48:41	170	227		M55-59	29
244	525	服部 慎也	42	男	東京都	2:47:40	0:44:10	574	1:16:01	128	2:00:11	337	0:47:29	140	228		M40-44	30
245	453	國光 健太郎	37	男	岡山県	2:47:44	0:30:20	173	1:23:39	308	1:53:59	240	0:53:45	308	229		M35-39	28
246	412	浅田 紀寛	31	男	東京都	2:47:49	0:25:45	51	1:30:50	443	1:56:35	274	0:51:14	231	230		M30-34	10
247	843	望月 秀直	56	男	静岡県	2:47:54	0:32:14	254	1:18:29	173	1:50:43	192	0:57:11	398	231		M55-59	30
248	822	芦田 達也	55	男	千葉県	2:47:54	0:33:39	308	1:21:55	258	1:55:34	259	0:52:20	270	232		M55-59	31
249	839	川村 求	56	男	千葉県	2:47:57	0:33:20	295	1:27:36	384	2:00:56	351	0:47:01	131	233		M55-59	32
250	332	俵 るみ子	47	女	東京都	2:47:57	0:36:14	410	1:18:04	157	1:54:18	244	0:53:39	302		17	F45-49	1
251	702	田中 謙一郎	50	男	神奈川県	2:48:04	0:35:43	398	1:15:48	123	1:51:31	202	0:56:33	384	234		M50-54	31
252	354	星野 久子	53	女	東京都	2:48:08	0:36:03	406	1:17:57	154	1:54:00	241	0:54:08	321		18	F50-54	3
253	802	味岡 宏幸	54	男	東京都	2:48:10	0:32:29	258	1:25:38	345	1:58:07	298	0:50:03	199	235		M50-54	32
254	499	Takama Takuro	40	男	神奈川県	2:48:15	0:30:19	171	1:23:47	309	1:54:06	243	0:54:09	322	236		M40-44	31
255	663	河田 哲	48	男	神奈川県	2:48:19	0:30:35	187	1:25:30	342	1:56:05	268	0:52:14	263	237		M45-49	63
256	459	岡本 祥太	37	男	東京都	2:48:24	0:35:04	367	1:26:35	366	2:01:39	358	0:46:45	128	238		M35-39	29
257	683	木村 佳宏	49	男	埼玉県	2:48:27	0:24:22	39	1:30:59	448	1:55:21	255	0:53:06	288	239		M45-49	64
258	988	大橋 弘幸	47	男	埼玉県	2:48:36	0:30:36	188	1:19:44	213	1:50:20	187	0:58:16	424	240		M45-49	65
259	410	高橋 直也	31	男	神奈川県	2:48:46	0:36:53	436	1:23:18	296	2:00:11	338	0:48:35	167	241		M30-34	11
260	913	小原 真一	60	男	千葉県	2:48:46	0:32:29	259	1:31:19	454	2:03:48	382	0:44:58	87	242		M60-64	15
261	358	高澤 由美	56	女	千葉県	2:48:53	0:34:01	323	1:21:24	243	1:55:25	256	0:53:28	296		19	F55-59	2
262	555	青木 裕康	43	男	東京都	2:49:02	0:30:00	157	1:22:21	271	1:52:21	215	0:56:41	387	243		M40-44	32
263	813	青戸 知之	54	男	千葉県	2:49:05	0:34:46	352	1:23:23	298	1:58:09	299	0:50:56	222	244		M50-54	33
264	509	加藤 由将	41	男	東京都	2:49:13	0:32:46	269	1:23:55	313	1:56:41	275	0:52:32	273	245		M40-44	33
265	819	日下 智幸	55	男	千葉県	2:49:15	0:29:30	134	1:16:19	131	1:45:49	121	1:03:26	516	246		M55-59	33
266	558	君島 洋平	44	男	東京都	2:49:53	0:31:54	239	1:26:27	361	1:58:21	304	0:51:32	242	247		M40-44	34
267	446	須加 昌宏	36	男	神奈川県	2:49:55	0:32:31	260	1:19:01	185	1:51:32	203	0:58:23	428	248		M35-39	30
268	824	内田 進	55	男	埼玉県	2:49:57	0:39:18	512	1:19:22	196	1:58:40	308	0:51:17	234	249		M55-59	34
269	685	岡田 年功	49	男	神奈川県	2:49:58	0:36:27	418	1:26:20	358	2:02:47	370	0:47:11	133	250		M45-49	66
270	712	望月 英明	50	男	東京都	2:50:04	0:38:26	490	1:21:55	257	2:00:21	340	0:49:43	195	251		M50-54	34
271	612	鈴木 説澄	46	男	東京都	2:50:06	0:38:52	501	1:18:14	163	1:57:06	283	0:53:00	284	252		M45-49	67
272	618	丹羽 洋一	46	男	神奈川県	2:50:08	0:32:58	280	1:18:17	165	1:51:15	198	0:58:53	440	253		M45-49	68
273	682	南 喜郎	49	男	神奈川県	2:50:14	0:37:26	458	1:21:23	242	1:58:49	314	0:51:25	240	254		M45-49	69
274	307	中山 琴絵	27	女	埼玉県	2:50:19	0:33:24	298	1:33:04	479	2:06:28	418	0:43:51	68		20	F25-29	5
275	574	笹岡 圭介	44	男	神奈川県	2:50:27	0:33:56	319	1:21:51	255	1:55:47	261	0:54:40	335	255		M40-44	35
276	735	庵原 一水	50	男	埼玉県	2:50:32	0:38:29	492	1:19:47	214	1:58:16	301	0:52:16	266	256		M50-54	35
277	681	磯野 昭光	49	男	東京都	2:50:34	0:28:40	115	1:26:07	354	1:54:47	249	0:55:47	366	257		M45-49	70
278	965	森本 正法	68	男	東京都	2:50:35	0:34:08	329	1:18:18	166	1:52:26	217	0:58:09	420	258		M65-69	3
279	405	末岡 悠平	30	男	神奈川県	2:50:37	0:35:30	387	1:20:18	221	1:55:48	262	0:54:49	339	259		M30-34	12
280	774	須藤 政志	52	男	神奈川県	2:50:42	0:37:54	472	1:22:59	284	2:00:53	350	0:49:49	196	260		M50-54	36
281	761	西野谷 旅	52	男	東京都	2:50:43	0:30:51	197	1:25:32	343	1:56:23	271	0:54:20	328	261		M50-54	37
282	527	渡邉 祥平	42	男	東京都	2:50:45	0:29:24	131	1:23:36	307	1:53:00	224	0:57:45	411	262		M40-44	36
283	666	山下 伸二	48	男	千葉県	2:50:50	0:37:32	461	1:24:59	337	2:02:31	367	0:48:19	161	263		M45-49	71
284	415	田中 広貴	32	男	埼玉県	2:51:07	0:34:56	361	1:22:13	264	1:57:09	284	0:53:58	313	264		M30-34	13
285	905	吉岡 朋昭	60	男	東京都	2:51:09	0:38:02	474	1:16:43	134	1:54:45	248	0:56:24	377	265		M60-64	16
286	803	前山 仁	54	男	東京都	2:51:10	0:38:11	478	1:21:21	240	1:59:32	326	0:51:38	246	266		M50-54	38
287	974	齋藤 健介	45	男	千葉県	2:51:14	0:30:16	168	1:30:06	426	2:00:22	341	0:50:52	219	267		M45-49	72
288	628	佐生 和之	47	男	東京都	2:51:17	0:36:24	417	1:22:04	260	1:58:28	305	0:52:49	281	268		M45-49	73
289	321	大久保 舞	38	女	福岡県	2:51:38	0:33:23	296	1:28:33	399	2:01:56	363	0:49:42	192		21	F35-39	2
290	441	細井 雄大	35	男	東京都	2:51:57	0:33:09	289	1:23:16	295	1:56:25	272	0:55:32	355	269		M35-39	31
291	463	金山 洋三	37	男	東京都	2:51:58	0:30:05	160	1:29:50	419	1:59:55	333	0:52:03	258	270		M35-39	32
292	721	木原 哲	50	男	東京都	2:51:58	0:27:53	92	1:27:08	375	1:55:01	253	0:56:57	392	271		M50-54	39
293	593	門出 格宏	45	男	東京都	2:52:01	0:30:14	166	1:25:41	347	1:55:55	264	0:56:06	371	272		M45-49	74
294	479	井上 潤一	39	男	神奈川県	2:52:07	0:27:01	73	1:21:06	234	1:48:07	154	1:04:00	523	273		M35-39	33
295	745	西井 健一	51	男	東京都	2:52:07	0:32:07	248	1:19:42	212	1:51:49	209	1:00:18	466	274		M50-54	40
296	404	小林 丈浩	30	男	千葉県	2:52:20	0:32:08	249	1:30:48	441	2:02:56	371	0:49:24	187	275		M30-34	14
297	425	柴沼 研司	34	男	神奈川県	2:52:23	0:35:14	374	1:24:16	324	1:59:30	325	0:52:53	283	276		M30-34	15
298	858	北村 靖二	57	男	埼玉県	2:52:33	0:38:11	479	1:20:22	224	1:58:33	306	0:54:00	317	277		M55-59	35
299	713	加藤 悟史	50	男	神奈川県	2:52:36	0:32:05	246	1:26:54	372	1:58:59	319	0:53:37	301	278		M50-54	41
300	762	岩城 勤也	52	男	東京都	2:52:41	0:34:08	328	1:20:19	222	1:54:27	246	0:58:14	422	279		M50-54	42
301	753	丸山 慶太	51	男	東京都	2:52:51	0:35:02	364	1:23:49	310	1:58:51	315	0:54:00	316	280		M50-54	43
302	353	渡辺 広美	53	女	東京都	2:52:53	0:32:56	278	1:22:46	278	1:55:42	260	0:57:11	397		22	F50-54	4
303	492	茂住 拓真	39	男	千葉県	2:53:06	0:30:07	161	1:18:20	167	1:48:27	158	1:04:39	530	281		M35-39	34
304	398	見山 駿	30	男	東京都	2:53:06	0:33:53	317	1:25:50	349	1:59:43	329	0:53:23	291	282		M30-34	16
305	840	永野 琢也	56	男	東京都	2:53:07	0:37:03	445	1:23:31	304	2:00:34	345	0:52:33	274	283		M55-59	36
306	435	中倉 駿	35	男	東京都	2:53:08	0:33:26	302	1:30:39	440	2:04:05	385	0:49:03	178	284		M35-39	35
307	820	松本 良史	55	男	東京都	2:53:17	0:32:14	253	1:24:18	326	1:56:32	273	0:56:45	388	285		M55-59	37
308	483	久保 尚己	39	男	栃木県	2:53:19	0:36:58	440	1:23:10	293	2:00:08	336	0:53:11	289	286		M35-39	36
309	621	千葉 亮典	46	男	神奈川県	2:53:24	0:34:07	326	1:24:37	332	1:58:44	310	0:54:40	336	287		M45-49	75
310	504	中澤 豪	40	男	東京都	2:53:36	0:37:49	470	1:23:08	290	2:00:57	352	0:52:39	278	288		M40-44	37
311	746	森崎 龍二	51	男	東京都	2:53:48	0:35:14	375	1:23:35	306	1:58:49	313	0:54:59	343	289		M50-54	44
312	347	鈴木 かおる	52	女	東京都	2:54:01	0:34:29	340	1:23:23	299	1:57:52	294	0:56:09	374		23	F50-54	5
313	388	山下 航平	28	男	千葉県	2:54:02	0:40:34	531	1:19:05	187	1:59:39	328	0:54:23	331	290		M25-29	14
314	768	江澤 勇	52	男	千葉県	2:54:09	0:35:36	392	1:21:37	248	1:57:13	286	0:56:56	390	291		M50-54	45
315	430	川尻 将大	34	男	北海道	2:54:10	0:36:55	438	1:20:53	229	1:57:48	293	0:56:22	376	292		M30-34	17
316	557	近藤 久人	43	男	東京都	2:54:22	0:29:52	151	1:23:34	305	1:53:26	228	1:00:56	480	293		M40-44	38
317	763	関 英利	52	男	千葉県	2:54:26	0:30:22	175	1:28:23	393	1:58:45	311	0:55:41	364	294		M50-54	46
318	341	藤本 優子	50	女	東京都	2:54:29	0:33:43	311	1:30:27	435	2:04:10	386	0:50:19	204		24	F50-54	6
319	674	澤 将史	48	男	東京都	2:54:36	0:35:36	394	1:27:27	382	2:03:03	374	0:51:33	243	295		M45-49	76
320	687	宮澤 竜也	49	男	埼玉県	2:54:38	0:30:07	162	1:29:21	408	1:59:28	323	0:55:10	349	296		M45-49	77
321	716	林 和幸	50	男	千葉県	2:54:38	0:33:36	307	1:25:27	341	1:59:03	320	0:55:35	358	297		M50-54	47
322	938	森本 貴代和	63	男	千葉県	2:54:44	0:44:21	577	1:22:24	273	2:06:45	424	0:47:59	153	298		M60-64	17
323	756	田邉 保晴	51	男	東京都	2:54:50	0:39:14	509	1:27:05	374	2:06:19	415	0:48:31	164	299		M50-54	48
324	592	水田 英樹	45	男	神奈川県	2:54:51	0:31:06	204	1:21:59	259	1:53:05	227	1:01:46	490	300		M45-49	78
325	469	松本 光一	38	男	神奈川県	2:54:52	0:31:33	221	1:23:26	303	1:54:59	252	0:59:53	455	301		M35-39	37
326	764	宮本 雅己	52	男	東京都	2:54:54	0:32:19	256	1:23:54	311	1:56:13	269	0:58:41	435	302		M50-54	49
327	686	西村 政樹	49	男	東京都	2:55:00	0:32:54	277	1:28:43	403	2:01:37	357	0:53:23	292	303		M45-49	79
328	489	石川 直也	39	男	東京都	2:55:05	0:33:13	291	1:26:26	360	1:59:39	327	0:55:26	354	304		M35-39	38
329	613	森園 泰寛	46	男	東京都	2:55:17	0:33:39	309	1:30:15	429	2:03:54	383	0:51:23	238	305		M45-49	80
330	611	Wagner Yamanaka	46	男	愛知県	2:55:18	0:31:53	238	1:25:05	340	1:56:58	280	0:58:20	425	306		M45-49	81
331	842	野田 方和	56	男	埼玉県	2:55:20	0:42:04	548	1:22:31	275	2:04:35	396	0:50:45	215	307		M55-59	38
332	615	中台 智之	46	男	千葉県	2:55:23	0:37:06	447	1:25:57	352	2:03:03	375	0:52:20	271	308		M45-49	82
333	733	Christianson Mark	50	男	東京都	2:55:44	0:35:02	363	1:24:15	323	1:59:17	321	0:56:27	380	309		M50-54	50
334	996	脇本 真治	48	男	東京都	2:55:45	0:47:19	600	1:23:14	294	2:10:33	481	0:45:12	91	310		M45-49	83
335	837	安積 功高	55	男	神奈川県	2:55:47	0:33:51	316	1:23:03	288	1:56:54	279	0:58:53	441	311		M55-59	39
336	310	東口 紬	30	女	千葉県	2:55:50	0:32:44	268	1:27:15	378	1:59:59	334	0:55:51	368		25	F30-34	2
337	608	鮫島 梓	46	男	神奈川県	2:55:56	0:44:23	579	1:19:50	215	2:04:13	388	0:51:43	252	312		M45-49	84
338	897	小林 聡	59	男	東京都	2:55:57	0:40:13	525	1:28:22	392	2:08:35	455	0:47:22	138	313		M55-59	40
339	943	秤屋 尚生	63	男	千葉県	2:55:57	0:32:47	272	1:18:55	182	1:51:42	206	1:04:15	524	314		M60-64	18
340	511	冨田 直哉	41	男	東京都	2:56:05	0:39:14	508	1:19:34	206	1:58:48	312	0:57:17	400	315		M40-44	39
341	660	鈴木 博之	48	男	埼玉県	2:56:07	0:46:43	596	1:20:20	223	2:07:03	429	0:49:04	179	316		M45-49	85
342	964	下川 養雄	67	男	東京都	2:56:17	0:33:03	285	1:27:38	385	2:00:41	348	0:55:36	359	317		M65-69	4
343	501	荻野 宏之	40	男	神奈川県	2:56:22	0:36:51	433	1:24:28	330	2:01:19	354	0:55:03	347	318		M40-44	40
344	523	渕上 祐樹	41	男	東京都	2:56:33	0:33:28	303	1:30:49	442	2:04:17	392	0:52:16	267	319		M40-44	41
345	475	後藤 幸起	39	男	千葉県	2:56:48	0:33:55	318	1:24:22	327	1:58:17	302	0:58:31	432	320		M35-39	39
346	603	北沢 伊	46	男	千葉県	2:56:54	0:32:33	263	1:25:36	344	1:58:09	300	0:58:45	437	321		M45-49	86
347	471	松澤 郁夫	38	男	東京都	2:56:58	0:31:20	213	1:30:01	421	2:01:21	355	0:55:37	360	322		M35-39	40
348	427	川戸 康司	34	男	千葉県	2:57:00	0:33:24	299	1:29:32	414	2:02:56	372	0:54:04	320	323		M30-34	18
349	929	幸村 秀生	62	男	千葉県	2:57:04	0:34:46	351	1:29:40	415	2:04:26	394	0:52:38	277	324		M60-64	19
350	541	丸山 浩輝	43	男	千葉県	2:57:05	0:34:42	350	1:24:01	316	1:58:43	309	0:58:22	427	325		M40-44	42
351	478	古西 敬之	39	男	神奈川県	2:57:10	0:35:35	391	1:32:43	475	2:08:18	450	0:48:52	173	326		M35-39	41
352	669	鈴木 孝	48	男	東京都	2:57:15	0:36:58	441	1:29:04	407	2:06:02	408	0:51:13	228	327		M45-49	87
353	847	原田 広希	56	男	千葉県	2:57:15	0:32:10	250	1:28:39	402	2:00:49	349	0:56:26	379	328		M55-59	41
354	700	山嵜 武	50	男	東京都	2:57:28	0:34:56	360	1:30:28	436	2:05:24	403	0:52:04	259	329		M50-54	51
355	539	西山 高広	43	男	東京都	2:57:41	0:31:50	232	1:32:27	470	2:04:17	391	0:53:24	294	330		M40-44	43
356	528	浅見 亮	42	男	神奈川県	2:57:56	0:35:49	402	1:22:48	279	1:58:37	307	0:59:19	447	331		M40-44	44
357	786	田島 康成	53	男	千葉県	2:58:01	0:38:12	480	1:29:23	411	2:07:35	434	0:50:26	209	332		M50-54	52
358	728	井上 昌泰	50	男	東京都	2:58:05	0:34:40	345	1:24:49	336	1:59:29	324	0:58:36	433	333		M50-54	53
359	507	吉田 裕紀	40	男	埼玉県	2:58:05	0:37:47	467	1:24:59	338	2:02:46	369	0:55:19	350	334		M40-44	45
360	775	青砥 健太郎	52	男	千葉県	2:58:09	0:38:22	487	1:23:26	302	2:01:48	361	0:56:21	375	335		M50-54	54
361	995	大塚 将之	46	男	東京都	2:58:13	0:37:02	444	1:23:18	297	2:00:20	339	0:57:53	415	336		M45-49	88
362	941	熊野 裕章	63	男	埼玉県	2:58:38	0:29:44	143	1:34:21	504	2:04:05	384	0:54:33	334	337		M60-64	20
363	795	尼子 雅章	53	男	千葉県	2:58:47	0:35:17	377	1:25:56	351	2:01:13	353	0:57:34	405	338		M50-54	55
364	647	山下 貴徳	48	男	東京都	2:59:10	0:31:30	219	1:17:59	155	1:49:29	178	1:09:41	568	339		M45-49	89
365	782	菅 優	53	男	東京都	2:59:10	0:30:21	174	1:22:19	270	1:52:40	220	1:06:30	547	340		M50-54	56
366	991	秋本 美津則	51	男	東京都	2:59:11	0:43:25	564	1:20:45	227	2:04:10	387	0:55:01	346	341		M50-54	57
367	476	関 芳隆	39	男	東京都	2:59:23	0:32:57	279	1:33:01	478	2:05:58	407	0:53:25	295	342		M35-39	42
368	808	氏田 英	54	男	東京都	2:59:29	0:36:40	428	1:24:43	335	2:01:23	356	0:58:06	419	343		M50-54	58
369	506	中島 丈博	40	男	東京都	2:59:35	0:49:22	608	1:21:26	245	2:10:48	486	0:48:47	172	344		M40-44	46
370	770	坂入 美可雄	52	男	千葉県	2:59:48	0:28:27	104	1:28:25	396	1:56:52	277	1:02:56	509	345		M50-54	59
371	529	河野 涼	42	男	千葉県	2:59:49	0:35:59	405	1:32:02	461	2:08:01	443	0:51:48	254	346		M40-44	47
372	563	土谷 竜介	44	男	神奈川県	2:59:54	0:34:17	335	1:27:50	387	2:02:07	364	0:57:47	413	347		M40-44	48
373	336	本澤 実央	50	女	埼玉県	2:59:57	0:28:49	120	1:36:09	526	2:04:58	399	0:54:59	345		26	F50-54	7
374	662	植垣 聡	48	男	千葉県	3:00:02	0:38:19	485	1:23:55	314	2:02:14	366	0:57:48	414	348		M45-49	90
375	849	新藤 健司	56	男	神奈川	3:00:04	0:36:38	426	1:32:15	466	2:08:53	460	0:51:11	226	349		M55-59	42
376	727	丸尾 良明	50	男	東京都	3:00:06	0:42:07	549	1:25:41	348	2:07:48	439	0:52:18	268	350		M50-54	60
377	888	山口 健二	59	男	東京都	3:00:09	0:34:42	348	1:21:34	246	1:56:16	270	1:03:53	520	351		M55-59	43
378	925	河村 裕之	61	男	東京都	3:00:09	0:34:42	349	1:32:25	469	2:07:07	431	0:53:02	287	352		M60-64	21
379	620	小島 英生	46	男	東京都	3:00:10	0:40:33	530	1:28:44	404	2:09:17	466	0:50:53	220	353		M45-49	91
380	736	山崎 航太	50	男	埼玉県	3:00:17	0:39:23	514	1:26:43	368	2:06:06	410	0:54:11	324	354		M50-54	61
381	519	佐藤 寛明	41	男	神奈川県	3:00:18	0:40:02	523	1:31:19	453	2:11:21	491	0:48:57	175	355		M40-44	49
382	993	小路 庸訓	58	男	東京都	3:00:20	0:36:50	431	1:27:24	381	2:04:14	389	0:56:06	370	356		M55-59	44
383	908	仲田 徳実	60	男	東京都	3:00:26	0:28:50	121	1:23:10	292	1:52:00	211	1:08:26	558	357		M60-64	22
384	688	横田 剛	49	男	東京都	3:00:28	0:33:35	306	1:28:39	401	2:02:14	365	0:58:14	421	358		M45-49	92
385	760	和久井 一隆	52	男	東京都	3:00:29	0:29:10	126	1:41:27	577	2:10:37	483	0:49:52	198	359		M50-54	62
386	335	堀内 直子	59	女	東京都	3:00:37	0:41:21	542	1:24:59	339	2:06:20	416	0:54:17	327		27	F55-59	3
387	961	島中 一俊	66	男	千葉県	3:00:45	0:35:34	388	1:19:23	198	1:54:57	251	1:05:48	542	360		M65-69	5
388	790	小林 慎太郎	53	男	埼玉県	3:00:46	0:30:32	186	1:30:01	423	2:00:33	344	1:00:13	465	361		M50-54	63
389	704	秋 山勉	50	男	埼玉県	3:00:48	0:33:05	286	1:25:52	350	1:58:57	318	1:01:51	492	362		M50-54	64
390	518	宮川 慶	41	男	千葉県	3:00:49	0:35:20	381	1:32:28	472	2:07:48	438	0:53:01	286	363		M40-44	50
391	477	弟子丸 篤	39	男	神奈川県	3:00:50	0:37:22	456	1:29:41	416	2:07:03	428	0:53:47	310	364		M35-39	43
392	902	金子 英徳	59	男	東京都	3:00:52	0:35:07	370	1:24:43	334	1:59:50	331	1:01:02	481	365		M55-59	45
393	706	陸田 典志	50	男	埼玉県	3:00:52	0:36:30	422	1:26:51	370	2:03:21	378	0:57:31	403	366		M50-54	65
394	755	関 貴弘	51	男	神奈川県	3:00:54	0:38:15	482	1:26:13	356	2:04:28	395	0:56:26	378	367		M50-54	66
395	739	増田 圭治	51	男	千葉県	3:00:59	0:34:12	331	1:26:15	357	2:00:27	342	1:00:32	471	368		M50-54	67
396	708	古川 泰斗	50	男	東京都	3:01:00	0:31:28	217	1:24:22	328	1:55:50	263	1:05:10	536	369		M50-54	68
397	893	佐藤 利晴	59	男	埼玉県	3:01:20	0:32:07	247	1:32:35	474	2:04:42	397	0:56:38	386	370		M55-59	46
398	314	道口 愛	35	女	千葉県	3:01:38	0:30:17	169	1:44:49	593	2:15:06	527	0:46:32	126		28	F35-39	3
399	399	塩塚 大之	30	男	東京都	3:01:39	0:37:48	468	1:30:22	431	2:08:10	447	0:53:29	297	371		M30-34	19
400	355	菅 みちる	54	女	東京都	3:01:52	0:37:56	473	1:30:32	438	2:08:28	453	0:53:24	293		29	F50-54	8
401	623	久下 伸太郎	46	男	埼玉県	3:01:53	0:36:53	435	1:29:22	410	2:06:15	413	0:55:38	361	372		M45-49	93
402	805	阿部 厚司	54	男	千葉県	3:01:56	0:37:15	450	1:22:35	276	1:59:50	330	1:02:06	495	373		M50-54	69
403	701	高野 実純	50	男	東京都	3:01:57	0:42:52	559	1:31:35	458	2:14:27	521	0:47:30	141	374		M50-54	70
404	919	小山 智	61	男	東京都	3:02:08	0:34:27	339	1:28:57	406	2:03:24	381	0:58:44	436	375		M60-64	23
405	773	巻田 隆正	52	男	東京都	3:02:10	0:39:37	516	1:20:58	231	2:00:35	346	1:01:35	486	376		M50-54	71
406	537	矢野 悠貴	43	男	東京都	3:02:12	0:29:11	127	1:38:59	555	2:08:10	449	0:54:02	319	377		M40-44	51
407	657	山野 雅史	48	男	東京都	3:02:14	0:38:45	498	1:23:02	287	2:01:47	360	1:00:27	470	378		M45-49	94
408	885	市川 正覚	58	男	茨城県	3:02:22	0:32:51	275	1:26:29	362	1:59:20	322	1:03:02	512	379		M55-59	47
409	432	津島 浩憲	35	男	千葉県	3:02:22	0:35:29	386	1:31:13	452	2:06:42	422	0:55:40	363	380		M35-39	44
410	740	料治 武彦	51	男	神奈川県	3:02:34	0:31:38	223	1:36:47	538	2:08:25	452	0:54:09	323	381		M50-54	72
411	894	池口 秀志	59	男	東京都	3:02:36	0:33:00	282	1:26:54	371	1:59:54	332	1:02:42	506	382		M55-59	48
412	656	TAKAGI NOBUAKI	48	男	東京都	3:02:39	0:33:16	293	1:35:48	522	2:09:04	462	0:53:35	299	383		M45-49	95
413	742	前田 知則	51	男	神奈川県	3:02:41	0:31:39	224	1:35:57	524	2:07:36	435	0:55:05	348	384		M50-54	73
414	750	初沢 茂篤	51	男	茨城県	3:02:47	0:34:19	337	1:36:41	535	2:11:00	487	0:51:47	253	385		M50-54	74
415	984	藤本 啓志	43	男	東京都	3:02:55	0:36:27	419	1:38:32	551	2:14:59	526	0:47:56	151	386		M40-44	52
416	567	新谷 健城	44	男	東京都	3:02:56	0:48:14	602	1:28:24	395	2:16:38	540	0:46:18	120	387		M40-44	53
417	946	中林 毅	63	男	東京都	3:02:56	0:35:09	372	1:32:54	477	2:08:03	444	0:54:53	340	388		M60-64	24
418	566	江田 朋昭	44	男	東京都	3:03:01	0:37:11	448	1:27:54	388	2:05:05	400	0:57:56	416	389		M40-44	54
419	834	冨沢 聡	55	男	千葉県	3:03:02	0:32:50	274	1:33:39	491	2:06:29	419	0:56:33	383	390		M55-59	49
420	906	島田 進司	60	男	神奈川県	3:03:02	0:40:14	526	1:33:09	482	2:13:23	513	0:49:39	190	391		M60-64	25
421	493	平野 守	39	男	千葉県	3:03:23	0:38:30	493	1:30:22	432	2:08:52	458	0:54:31	333	392		M35-39	45
422	419	中原 乾哲	33	男	神奈川県	3:03:28	0:32:58	281	1:33:06	480	2:06:04	409	0:57:24	402	393		M30-34	20
423	783	月森 崇文	53	男	東京都	3:03:34	0:36:59	442	1:26:24	359	2:03:23	379	1:00:11	460	394		M50-54	75
424	401	小野崎 伸明	30	男	千葉県	3:03:41	0:38:47	500	1:26:33	363	2:05:20	402	0:58:21	426	395		M30-34	21
425	926	黒崎 靖介	61	男	東京都	3:03:51	0:35:57	404	1:27:17	380	2:03:14	376	1:00:37	473	396		M60-64	26
426	561	五十嵐 豪史	44	男	千葉県	3:03:58	0:33:14	292	1:27:16	379	2:00:30	343	1:03:28	517	397		M40-44	55
427	376	横田 拓生	25	男	東京都	3:04:00	0:39:59	521	1:28:26	397	2:08:25	451	0:55:35	357	398		M25-29	15
428	481	美崎 洋太	39	男	埼玉県	3:04:13	0:37:21	455	1:26:55	373	2:04:16	390	0:59:57	456	399		M35-39	46
429	318	澤田 美穂	36	女	埼玉県	3:04:26	0:31:45	228	1:33:08	481	2:04:53	398	0:59:33	451		30	F35-39	4
430	987	鈴木 庸仁	46	男	東京都	3:04:35	0:38:25	488	1:19:28	201	1:57:53	295	1:06:42	549	400		M45-49	96
431	565	山口 巌	44	男	千葉県	3:04:36	0:44:58	587	1:33:49	495	2:18:47	555	0:45:49	111	401		M40-44	56
432	357	加藤 ひとみ	55	女	東京都	3:04:41	0:33:51	315	1:36:30	532	2:10:21	475	0:54:20	329		31	F55-59	4
433	937	佐々木 功輝	63	男	東京都	3:04:48	0:37:27	459	1:29:45	418	2:07:12	432	0:57:36	407	402		M60-64	27
434	798	新田 豪	54	男	神奈川県	3:04:52	0:38:36	496	1:30:10	427	2:08:46	457	0:56:06	372	403		M50-54	76
435	340	横田 尚子	50	女	東京都	3:04:59	0:39:44	520	1:32:15	467	2:11:59	498	0:53:00	285		32	F50-54	9
436	853	平井 宏宜	56	男	千葉県	3:05:03	0:35:35	390	1:32:04	463	2:07:39	436	0:57:24	401	404		M55-59	50
437	581	正村 浩三	45	男	千葉県	3:05:19	0:42:37	557	1:24:13	321	2:06:50	426	0:58:29	430	405		M45-49	97
438	627	岡本 康弘	47	男	千葉県	3:05:23	0:26:34	64	1:36:24	530	2:02:58	373	1:02:25	498	406		M45-49	98
439	490	佐々木 惇	39	男	埼玉県	3:05:26	0:28:43	117	1:28:00	390	1:56:43	276	1:08:43	561	407		M35-39	47
440	325	熊谷 友香	40	女	東京都	3:05:28	0:31:10	207	1:34:36	507	2:05:46	405	0:59:42	453		33	F40-44	4
441	517	今泉 孝裕	41	男	東京都	3:05:32	0:32:48	273	1:24:13	322	1:57:01	281	1:08:31	559	408		M40-44	57
442	617	長谷川 猛	46	男	神奈川県	3:05:46	0:37:18	453	1:30:52	446	2:08:10	448	0:57:36	406	409		M45-49	99
443	363	高橋 あき子	69	女	神奈川県	3:05:59	0:34:29	341	1:32:29	473	2:06:58	427	0:59:01	445		34	F65-69	1
444	791	大竹 章吾	53	男	神奈川県	3:06:09	0:50:29	610	1:24:12	320	2:14:41	523	0:51:28	241	410		M50-54	77
445	485	萱沼 宏行	39	男	静岡県	3:06:09	0:40:26	528	1:28:47	405	2:09:13	464	0:56:56	391	411		M35-39	48
446	345	宮本 純子	52	女	東京都	3:06:10	0:49:14	605	1:19:39	211	2:08:53	459	0:57:17	399		35	F50-54	10
447	577	佐野 雄一郎	45	男	東京都	3:06:28	0:35:21	383	1:21:40	250	1:57:01	282	1:09:27	567	412		M45-49	100
448	754	伊藤 直紀	51	男	神奈川県	3:06:35	0:32:28	257	1:34:01	499	2:06:29	420	1:00:06	459	413		M50-54	78
449	765	前田 暢彦	52	男	東京都	3:06:42	0:36:32	423	1:35:59	525	2:12:31	503	0:54:11	326	414		M50-54	79
450	751	吉田 卓矢	51	男	千葉県	3:06:50	0:35:20	379	1:31:05	450	2:06:25	417	1:00:25	468	415		M50-54	80
451	411	前田 祐聖	31	男	千葉県	3:06:56	0:36:18	412	1:27:59	389	2:04:17	393	1:02:39	504	416		M30-34	22
452	859	吉永 岳史	57	男	千葉県	3:07:24	0:45:47	592	1:24:39	333	2:10:26	477	0:56:58	393	417		M55-59	51
453	942	荻野 正	63	男	神奈川県	3:07:35	0:34:53	358	1:35:10	514	2:10:03	472	0:57:32	404	418		M60-64	28
454	604	築原 智之	46	男	神奈川県	3:07:37	0:36:29	420	1:29:21	409	2:05:50	406	1:01:47	491	419		M45-49	101
455	424	田中 慎也	34	男	神奈川県	3:07:41	0:40:00	522	1:36:40	534	2:16:40	541	0:51:01	223	420		M30-34	23
456	634	蔵本 浩一	47	男	千葉県	3:07:42	0:31:39	225	1:30:01	422	2:01:40	359	1:06:02	544	421		M45-49	102
457	947	中村 泰彦	64	男	東京都	3:07:45	0:32:31	261	1:30:04	425	2:02:35	368	1:05:10	535	422		M60-64	29
458	638	加藤 順也	47	男	東京都	3:07:54	0:35:22	384	1:32:07	464	2:07:29	433	1:00:25	469	423		M45-49	103
459	684	oka kosuke	49	男	東京都	3:08:05	0:36:56	439	1:36:48	539	2:13:44	515	0:54:21	330	424		M45-49	104
460	546	幸 政彦	43	男	東京都	3:08:06	0:38:05	476	1:32:22	468	2:10:27	478	0:57:39	409	425		M40-44	58
461	522	山本 泰	41	男	千葉県	3:08:06	0:35:20	380	1:33:47	494	2:09:07	463	0:58:59	443	426		M40-44	59
462	591	篠原 清顕	45	男	千葉県	3:08:15	0:35:40	395	1:33:38	490	2:09:18	467	0:58:57	442	427		M45-49	105
463	346	阿部 まり子	52	女	千葉県	3:08:32	0:37:16	452	1:39:02	556	2:16:18	539	0:52:14	265		36	F50-54	11
464	414	山城 舜太郎	31	男	東京都	3:08:46	0:34:03	324	1:33:56	497	2:07:59	441	1:00:47	475	428		M30-34	24
465	960	安藤 秀樹	66	男	東京都	3:08:50	0:37:04	446	1:34:43	510	2:11:47	495	0:57:03	395	429		M65-69	6
466	514	岡田 祐樹	41	男	神奈川県	3:09:00	0:41:37	545	1:38:07	547	2:19:44	563	0:49:16	184	430		M40-44	60
467	512	成澤 一茂	41	男	神奈川県	3:09:02	0:30:45	193	1:39:47	563	2:10:32	480	0:58:30	431	431		M40-44	61
468	994	村瀬 陽平	62	男	東京都	3:09:05	0:37:35	463	1:28:09	391	2:05:44	404	1:03:21	515	432		M60-64	30
469	317	吉田 裕理	35	女	東京都	3:09:07	0:35:44	399	1:30:22	433	2:06:06	411	1:03:01	511		37	F35-39	5
470	759	星 俊作	52	男	東京都	3:09:27	0:34:39	343	1:38:20	548	2:12:59	506	0:56:28	381	433		M50-54	81
471	940	中村 典男	63	男	東京都	3:09:32	0:38:31	494	1:34:32	505	2:13:03	508	0:56:29	382	434		M60-64	31
472	409	小松崎 駿	31	男	東京都	3:09:38	0:39:15	510	1:30:53	447	2:10:08	473	0:59:30	449	435		M30-34	25
473	818	山中 泰智	54	男	千葉県	3:09:40	0:42:14	551	1:30:51	444	2:13:05	509	0:56:35	385	436		M50-54	82
474	454	大和田 昇	37	男	東京都	3:09:40	0:33:59	321	1:26:38	367	2:00:37	347	1:09:03	563	437		M35-39	49
475	978	Chen Chiehyu	33	男	東京都	3:09:44	0:36:39	427	1:35:02	513	2:11:41	494	0:58:03	418	438		M30-34	26
476	944	松浦 一志	63	男	大阪府	3:09:55	0:44:57	586	1:20:12	218	2:05:09	401	1:04:46	531	439		M60-64	32
477	836	高橋 徹	55	男	千葉県	3:10:10	0:34:59	362	1:36:22	529	2:11:21	490	0:58:49	439	440		M55-59	52
478	333	合田 佳代	47	女	東京都	3:10:31	0:37:24	457	1:30:37	439	2:08:01	442	1:02:30	500		38	F45-49	2
479	957	河井 淳一	65	男	千葉県	3:10:33	0:36:49	430	1:33:56	496	2:10:45	485	0:59:48	454	441		M65-69	7
480	891	荒川 博英	59	男	千葉県	3:10:39	0:39:03	504	1:29:55	420	2:08:58	461	1:01:41	489	442		M55-59	53
481	799	藤田 博久	54	男	神奈川県	3:10:43	0:39:39	518	1:27:09	376	2:06:48	425	1:03:55	521	443		M50-54	83
482	793	舟越 和宏	53	男	東京都	3:10:49	0:45:26	590	1:29:44	417	2:15:10	529	0:55:39	362	444		M50-54	84
483	334	羅久井 志穂	47	女	神奈川県	3:10:51	0:44:54	585	1:33:38	489	2:18:32	553	0:52:19	269		39	F45-49	3
484	344	大河原 美貴	52	女	宮城県	3:10:58	0:39:11	507	1:28:29	398	2:07:40	437	1:03:18	514		40	F50-54	12
485	614	大木 悠治	46	男	神奈川県	3:11:03	0:30:47	195	1:35:22	516	2:06:09	412	1:04:54	532	445		M45-49	106
486	827	吉崎 明男	55	男	神奈川県	3:11:20	0:41:27	543	1:34:04	501	2:15:31	534	0:55:49	367	446		M55-59	54
487	371	島﨑 洸希	23	男	神奈川県	3:11:28	0:30:46	194	1:36:19	528	2:07:05	430	1:04:23	528	447		M20-24	7
488	857	北南 幹夫	56	男	千葉県	3:11:29	0:43:20	563	1:34:07	502	2:17:27	545	0:54:02	318	448		M55-59	55
489	749	安河内 高利	51	男	福岡県	3:11:39	0:44:14	576	1:27:14	377	2:11:28	493	1:00:11	461	449		M50-54	85
490	691	井川 一幸	49	男	茨城県	3:11:56	0:36:47	429	1:32:27	471	2:09:14	465	1:02:42	507	450		M45-49	107
491	743	松原 雅信	51	男	東京都	3:11:57	0:33:41	310	1:36:38	533	2:10:19	474	1:01:38	487	451		M50-54	86
492	639	若谷 喜大	47	男	埼玉県	3:12:11	0:36:23	415	1:42:04	580	2:18:27	551	0:53:44	306	452		M45-49	108
493	920	亀井 克之	61	男	大阪府	3:12:48	0:42:28	555	1:35:38	519	2:18:06	549	0:54:42	337	453		M60-64	33
494	352	岩井 志寿香	53	女	千葉県	3:12:48	0:42:38	558	1:36:13	527	2:18:51	557	0:53:57	312		41	F50-54	13
495	487	瀬戸 裕一郎	39	男	東京都	3:12:51	0:35:41	397	1:32:53	476	2:08:34	454	1:04:17	525	454		M35-39	50
496	480	上原 賢治	39	男	神奈川県	3:12:52	0:36:08	408	1:37:18	544	2:13:26	514	0:59:26	448	455		M35-39	51
497	916	川口 博貴	60	男	千葉県	3:13:15	0:41:34	544	1:36:42	536	2:18:16	550	0:54:59	344	456		M60-64	34
498	910	岡安 正夫	60	男	東京都	3:13:19	0:40:45	536	1:32:13	465	2:12:58	505	1:00:21	467	457		M60-64	35
499	872	二見 康弘	58	男	東京都	3:13:23	0:31:27	216	1:41:00	572	2:12:27	502	1:00:56	479	458		M55-59	56
500	578	スギモト ヒロユキ	45	男	千葉県	3:13:43	0:36:23	414	1:30:17	430	2:06:40	421	1:07:03	551	459		M45-49	109
501	968	中軽米 憲哉	70	男	埼玉県	3:13:48	0:33:26	301	1:34:41	508	2:08:07	445	1:05:41	541	460		M70-74	1
502	998	Chen YenLiang	45	男	台湾	3:13:55	0:38:18	483	1:34:55	512	2:13:13	511	1:00:42	474	461		M45-49	110
503	915	前田 恭嗣	60	男	熊本県	3:14:11	0:34:40	346	1:28:36	400	2:03:16	377	1:10:55	574	462		M60-64	36
504	580	棚田 浩章	45	男	神奈川県	3:14:12	0:41:09	539	1:35:56	523	2:17:05	543	0:57:07	396	463		M45-49	111
505	909	米森 秀一	60	男	千葉県	3:14:12	0:38:27	491	1:29:24	412	2:07:51	440	1:06:21	546	464		M60-64	37
506	408	堀内 琢矢	31	男	東京都	3:14:37	0:45:07	588	1:31:03	449	2:16:10	537	0:58:27	429	465		M30-34	27
507	456	金城 雄太	37	男	神奈川県	3:14:40	0:30:55	202	1:40:57	570	2:11:52	497	1:02:48	508	466		M35-39	52
508	342	一政 景子	51	女	東京都	3:14:41	0:38:39	497	1:30:02	424	2:08:41	456	1:06:00	543		42	F50-54	14
509	866	宍戸 慎一郎	57	男	千葉県	3:15:06	0:39:07	506	1:27:35	383	2:06:42	423	1:08:24	557	467		M55-59	57
510	903	中澤 宏行	60	男	東京都	3:15:24	0:36:54	437	1:37:06	541	2:14:00	519	1:01:24	485	468		M60-64	38
511	812	白井 幸男	54	男	千葉県	3:15:29	0:46:46	597	1:24:23	329	2:11:09	489	1:04:20	527	469		M50-54	87
512	823	八代 健正	55	男	千葉県	3:15:30	0:34:15	333	1:32:03	462	2:06:18	414	1:09:12	566	470		M55-59	58
513	717	加瀬 孝也	50	男	千葉県	3:15:35	0:37:00	443	1:41:49	579	2:18:49	556	0:56:46	389	471		M50-54	88
514	741	柏原 清治	51	男	茨城県	3:15:43	0:40:23	527	1:31:25	455	2:11:48	496	1:03:55	522	472		M50-54	89
515	889	高橋 宏哲	59	男	千葉県	3:15:50	0:38:13	481	1:21:54	256	2:00:07	335	1:15:43	593	473		M55-59	59
516	969	馬替 一郎	70	男	千葉県	3:16:02	0:39:42	519	1:35:48	521	2:15:30	532	1:00:32	472	474		M70-74	2
517	339	近藤 ゆりか	50	女	東京都	3:16:12	0:36:37	425	1:38:44	552	2:15:21	530	1:00:51	477		43	F50-54	15
518	324	楠田 悦子	39	女	埼玉県	3:16:24	0:31:24	215	1:41:11	576	2:12:35	504	1:03:49	518		44	F35-39	6
519	719	若尾 健二	50	男	千葉県	3:16:24	0:39:15	511	1:33:58	498	2:13:13	512	1:03:11	513	475		M50-54	90
520	486	林 稚憲	39	男	東京都	3:16:28	0:36:16	411	1:37:36	545	2:13:52	518	1:02:36	502	476		M35-39	53
521	860	牧江 邦幸	57	男	東京都	3:16:35	0:34:54	359	1:36:30	531	2:11:24	492	1:05:11	537	477		M55-59	60
522	338	大石 奈津子	50	女	埼玉県	3:17:08	0:37:42	464	1:34:18	503	2:12:00	499	1:05:08	534		45	F50-54	16
523	796	石田 明	53	男	神奈川県	3:17:38	0:39:06	505	1:31:58	459	2:11:04	488	1:06:34	548	478		M50-54	91
524	948	加藤 伸之	64	男	神奈川県	3:17:49	0:42:12	550	1:33:19	485	2:15:31	533	1:02:18	497	479		M60-64	39
525	377	福島 レイ	26	男	東京都	3:18:29	0:37:48	469	1:49:47	604	2:27:35	593	0:50:54	221	480		M25-29	16
526	695	松永 博	49	男	千葉県	3:18:42	0:37:44	466	1:24:06	317	2:01:50	362	1:16:52	596	481		M45-49	112
527	505	小川 猛効	40	男	千葉県	3:18:48	0:37:16	451	1:30:51	445	2:08:07	446	1:10:41	573	482		M40-44	62
528	784	矢野 晶太郎	53	男	神奈川県	3:18:49	0:38:26	489	1:40:11	564	2:18:37	554	1:00:12	463	483		M50-54	92
529	826	高橋 明博	55	男	神奈川県	3:18:52	0:42:18	552	1:35:26	518	2:17:44	547	1:01:08	483	484		M55-59	61
530	954	大島 昇	65	男	埼玉県	3:18:56	0:39:22	513	1:35:44	520	2:15:06	528	1:03:50	519	485		M65-69	8
531	327	料治 香里	41	女	神奈川県	3:19:16	0:36:35	424	1:37:16	543	2:13:51	517	1:05:25	539		46	F40-44	5
532	871	落合 孝之	57	男	東京都	3:19:19	0:44:01	573	1:28:23	394	2:12:24	501	1:06:55	550	486		M55-59	62
533	705	竹本 禄是	50	男	千葉県	3:19:42	0:35:22	385	1:58:44	611	2:34:06	603	0:45:36	103	487		M50-54	93
534	311	孫 昕麗	32	女	東京都	3:20:05	0:44:31	582	1:40:36	567	2:25:07	587	0:54:58	342		47	F30-34	3
535	767	石田 友一	52	男	神奈川県	3:20:07	0:39:28	515	1:35:24	517	2:14:52	524	1:05:15	538	488		M50-54	94
536	698	池田 明紀	49	男	静岡県	3:20:09	0:45:10	589	1:32:01	460	2:17:11	544	1:02:58	510	489		M45-49	113
537	560	強口 雅継	44	男	東京都	3:20:38	0:34:16	334	1:48:06	601	2:22:22	574	0:58:16	423	490		M40-44	63
538	917	高橋 宏明	61	男	神奈川県	3:20:42	0:46:28	593	1:33:09	483	2:19:37	560	1:01:05	482	491		M60-64	40
539	992	池田 新	54	男	東京都	3:20:48	0:32:44	267	1:38:00	546	2:10:44	484	1:10:04	571	492		M50-54	95
540	458	佐藤 隆寛	37	男	東京都	3:20:53	0:43:19	562	1:36:45	537	2:20:04	564	1:00:49	476	493		M35-39	54
541	778	近藤 敏	52	男	静岡県	3:21:04	0:40:46	537	1:31:30	457	2:12:16	500	1:08:48	562	494		M50-54	96
542	610	神屋敷 晶	46	男	東京都	3:21:05	0:40:10	524	1:29:32	413	2:09:42	470	1:11:23	577	495		M45-49	114
543	395	金 希匡	29	男	千葉県	3:21:13	0:35:36	393	1:43:25	585	2:19:01	558	1:02:12	496	496		M25-29	17
544	711	伊藤 道成	50	男	千葉県	3:21:30	0:48:48	604	1:33:11	484	2:21:59	573	0:59:31	450	497		M50-54	97
545	848	佐藤 健	56	男	神奈川県	3:21:44	0:34:08	327	1:38:53	554	2:13:01	507	1:08:43	560	498		M55-59	63
546	931	棚橋 伸	62	男	神奈川県	3:21:45	0:37:33	462	1:45:36	596	2:23:09	577	0:58:36	434	499		M60-64	41
547	851	横田 勝	56	男	埼玉県	3:22:09	0:38:21	486	1:31:10	451	2:09:31	468	1:12:38	582	500		M55-59	64
548	579	立岩 悠介	45	男	東京都	3:22:52	0:43:35	568	1:30:10	428	2:13:45	516	1:09:07	564	501		M45-49	115
549	403	松井 諒	30	男	秋田県	3:22:57	0:40:39	533	1:34:43	509	2:15:22	531	1:07:35	553	502		M30-34	28
550	394	笠井 健司	29	男	千葉県	3:22:59	0:37:30	460	1:39:14	560	2:16:44	542	1:06:15	545	503		M25-29	18
551	949	林 豊	64	男	千葉県	3:23:00	0:34:39	344	1:38:31	550	2:13:10	510	1:09:50	570	504		M60-64	42
552	330	村井 悠子	45	女	東京都	3:24:01	0:37:18	454	1:42:24	581	2:19:42	562	1:04:19	526		48	F45-49	4
553	787	白熊 宏一	53	男	千葉県	3:24:11	0:41:53	547	1:27:43	386	2:09:36	469	1:14:35	587	505		M50-54	98
554	672	上久保 大輔	48	男	東京都	3:24:19	0:38:33	495	1:44:30	589	2:23:03	576	1:01:16	484	506		M45-49	116
555	448	伊藤 拓郎	36	男	茨城県	3:24:48	0:58:53	619	1:30:32	437	2:29:25	597	0:55:23	351	507		M35-39	55
556	884	小林 文明	58	男	千葉県	3:25:32	0:46:56	598	1:33:35	487	2:20:31	566	1:05:01	533	508		M55-59	65
557	900	鶴岡 賢一	59	男	千葉県	3:25:56	0:36:03	407	1:34:32	506	2:10:35	482	1:15:21	589	509		M55-59	66
558	343	鈴木 幸恵	51	女	千葉県	3:26:01	0:43:33	566	1:40:27	566	2:24:00	580	1:02:01	493		49	F50-54	17
559	811	粟飯原 光広	54	男	千葉県	3:26:13	0:48:24	603	1:22:04	261	2:10:28	479	1:15:45	594	510		M50-54	99
560	421	中山 順司	33	男	東京都	3:26:27	0:40:39	532	1:45:47	597	2:26:26	591	1:00:01	458	511		M30-34	29
561	927	眞鍋 俊彦	61	男	東京都	3:26:32	0:27:45	90	1:50:46	605	2:18:31	552	1:08:01	554	512		M60-64	43
562	744	染谷 尚康	51	男	埼玉県	3:26:33	0:43:51	572	1:26:34	364	2:10:25	476	1:16:08	595	513		M50-54	100
563	989	古屋 泰造	48	男	東京都	3:27:17	0:44:23	580	1:37:14	542	2:21:37	569	1:05:40	540	514		M45-49	117
564	936	花澤 和男	63	男	神奈川県	3:27:21	0:35:16	376	1:41:01	573	2:16:17	538	1:11:04	575	515		M60-64	44
565	844	木村 広治	56	男	東京都	3:27:29	0:33:59	322	1:40:58	571	2:14:57	525	1:12:32	581	516		M55-59	67
566	962	一瀬 光廣	66	男	千葉県	3:28:00	0:36:51	432	1:39:13	559	2:16:04	536	1:11:56	579	517		M65-69	9
567	973	峰田 正隆	80	男	東京都	3:28:13	0:46:32	594	1:31:26	456	2:17:58	548	1:10:15	572	518		M80-84	1
568	841	板場 賢二	56	男	埼玉県	3:28:54	0:43:29	565	1:34:02	500	2:17:31	546	1:11:23	576	519		M55-59	68
569	392	平田 和音	29	男	神奈川県	3:29:08	0:36:53	434	1:44:46	590	2:21:39	570	1:07:29	552	520		M25-29	19
570	319	高橋 未奈子	36	女	東京都	3:29:35	0:43:47	571	1:41:10	575	2:24:57	585	1:04:38	529		50	F35-39	7
571	953	毛利 伸一	65	男	埼玉県	3:29:37	0:43:43	569	1:43:24	584	2:27:07	592	1:02:30	501	521		M65-69	10
572	850	吉村 洋一	56	男	東京都	3:30:00	0:41:16	541	1:40:38	568	2:21:54	572	1:08:06	555	522		M55-59	69
TOV	312	中塚 智香子	32	女	東京都	3:45:52	0:43:44	570	1:48:05	600	2:31:49	599	1:14:03	586			F30-34	
TOV	320	鈴木 紫方	38	女	群馬県	4:03:37	0:54:59	617	1:44:49	592	2:39:48	608	1:23:49	606			F35-39	
TOV	322	久住 安里	39	女	東京都	3:32:58	0:44:12	575	1:53:00	606	2:37:12	605	0:55:46	365			F35-39	
TOV	349	小川 美香	53	女	東京都	3:36:43	0:38:19	484	1:55:46	610	2:34:05	602	1:02:38	503			F50-54	
TOV	351	児玉 智恵子	53	女	兵庫県	3:45:18	0:56:30	618	1:40:40	569	2:37:10	604	1:08:08	556			F50-54	
TOV	360	増田 珠理	57	女	東京都	3:31:05	0:36:29	421	1:44:48	591	2:21:17	568	1:09:48	569			F55-59	
TOV	431	中村 吉宏	35	男	東京都	3:52:43	0:42:25	554	1:43:39	587	2:26:04	590	1:26:39	607			M35-39	
TOV	497	松田 大舗	40	男	東京都	3:40:02	0:40:59	538	1:39:06	557	2:20:05	565	1:19:57	601			M40-44	
TOV	520	小杉 純	41	男	神奈川県	3:36:10	0:35:12	373	1:39:24	561	2:14:36	522	1:21:34	604			M40-44	
TOV	530	吉田 健一郎	42	男	千葉県	3:38:31	0:52:31	613	1:45:08	595	2:37:39	607	1:00:52	478			M40-44	
TOV	538	浜辺 康弘	43	男	東京都	3:31:26	0:49:37	609	1:39:09	558	2:28:46	596	1:02:40	505			M40-44	
TOV	542	小泉 啓一	43	男	埼玉県	3:44:11	0:35:49	403	2:18:39	614	2:54:28	614	0:49:43	194			M40-44	
TOV	543	阿部 恒行	43	男	千葉県	3:32:34	0:42:36	556	1:49:46	603	2:32:22	600	1:00:12	462			M40-44	
TOV	549	本田 泰大	43	男	東京都	3:30:52	0:43:33	567	1:26:13	355	2:09:46	471	1:21:06	603			M40-44	
TOV	573	松村 健吾	44	男	東京都	3:37:15	0:43:07	560	1:41:42	578	2:24:49	584	1:12:26	580			M40-44	
TOV	616	山口 剛	46	男	埼玉県	3:32:37	0:40:40	534	1:40:26	565	2:21:06	567	1:11:31	578			M45-49	
TOV	632	金子 康行	47	男	東京都	3:53:44	0:44:41	584	1:39:37	562	2:24:18	581	1:29:26	610			M45-49	
TOV	673	鎗田 哲夫	48	男	千葉県	4:03:20	0:50:36	611	1:58:52	612	2:49:28	613	1:13:52	585			M45-49	
TOV	709	矢﨑 竜之介	50	男	千葉県	3:34:36	0:48:04	601	1:33:47	493	2:21:51	571	1:12:45	583			M50-54	
TOV	724	清井 憲一	50	男	埼玉県	3:44:50	0:45:35	591	1:30:26	434	2:16:01	535	1:28:49	609			M50-54	
TOV	757	山中 浩靖	51	男	東京都	3:55:20	0:51:39	612	1:33:43	492	2:25:22	589	1:29:58	611			M50-54	
TOV	769	金 成鎬	52	男	東京都	3:39:44	0:43:15	561	1:41:05	574	2:24:20	583	1:15:24	590			M50-54	
TOV	777	野口 孝行	52	男	埼玉県	3:33:09	0:38:57	502	1:54:00	607	2:32:57	601	1:00:12	464			M50-54	
TOV	804	宮畑 信吾	54	男	東京都	3:30:38	0:49:22	607	1:38:49	553	2:28:11	595	1:02:27	499			M50-54	
TOV	807	中森 正男	54	男	埼玉県	3:40:24	0:38:04	475	1:45:08	594	2:23:12	578	1:17:12	598			M50-54	
TOV	829	宗 政信	55	男	東京都	4:14:52	0:53:01	615	1:54:45	608	2:47:46	612	1:27:06	608			M55-59	
TOV	835	近藤 恭史	55	男	埼玉県	3:33:16	0:52:55	614	1:38:20	549	2:31:15	598	1:02:01	494			M55-59	
TOV	862	佐井川 隆	57	男	茨城県	4:33:06	1:00:20	620	1:46:05	598	2:46:25	611	1:46:41	612			M55-59	
TOV	883	栗田 康平	58	男	東京都	3:38:58	0:42:22	553	1:54:56	609	2:37:18	606	1:01:40	488			M55-59	
TOV	890	齋藤 弘道	59	男	神奈川県	3:36:17	0:44:22	578	1:34:45	511	2:19:07	559	1:17:10	597			M55-59	
TOV	921	島崎 レナット	61	男	東京都	3:46:46	0:41:44	546	1:43:17	583	2:25:01	586	1:21:45	605			M60-64	
TOV	939	萩原 利之	63	男	千葉県	3:39:11	0:40:32	529	1:43:06	582	2:23:38	579	1:15:33	592			M60-64	
TOV	950	小林 正光	64	男	東京都	3:51:20	0:53:04	616	1:49:08	602	2:42:12	609	1:09:08	565			M60-64	
TOV	951	大野 直樹	65	男	東京都	3:43:34	0:44:36	583	1:43:32	586	2:28:08	594	1:15:26	591			M65-69	
TOV	952	諸橋 秋好	65	男	東京都	3:38:50	0:41:14	540	1:44:02	588	2:25:16	588	1:13:34	584			M65-69	
TOV	955	石川 倫章	65	男	埼玉県	3:39:42	0:44:27	581	1:35:15	515	2:19:42	561	1:20:00	602			M65-69	
TOV	958	中木原 敬美	65	男	千葉県	3:44:14	0:47:15	599	1:37:04	540	2:24:19	582	1:19:55	600			M65-69	
TOV	963	富樫 孝幸	67	男	埼玉県	3:33:13	0:40:44	535	1:33:21	486	2:14:05	520	1:19:08	599			M65-69	
TOV	975	金増 宏輝	48	男	大阪府	3:37:41	0:35:41	396	1:47:08	599	2:22:49	575	1:14:52	588			M45-49	
TOV	976	石崎 雅人	61	男	千葉県	3:45:41	0:39:02	503	2:06:41	613	2:45:43	610	0:59:58	457			M60-64	
DNF	491	佐々木 克幸	39	男	千葉県		0:24:40	43	1:07:48	29	1:32:28	27					M35-39	
DNF	502	西村 廣起	40	男	東京都		0:38:08	477	1:17:49	151	1:55:57	265					M40-44	
DNF	568	大塚 庄一郎	44	男	千葉県		0:29:37	137									M40-44	
DNF	729	秋山 謙太郎	50	男	神奈川県		0:49:15	606									M50-54	
DNF	887	鈴木 謙太	59	男	東京都		0:29:48	148									M55-59	
DNF	901	渡辺 芳邦	59	男	千葉県		0:36:19	413									M55-59	
DNF	971	高木 優一	71	男	埼玉県		0:46:43	595									M70-74	
DNF	979	戸田 啓太	28	男	東京都		0:32:43	266									M25-29	
DNF	309	飯田 夏木	30	女	東京都												F30-34	
DNF	331	木村 有太子	46	女	東京都												F45-49	
DNF	350	大沼 早苗	53	女	千葉県												F50-54	
DNF	400	丸 貴也	30	男	東京都												M30-34	
DNF	434	田添 宏治	35	男	東京都												M35-39	
DNF	533	古嶋 俊明	42	男	埼玉県												M40-44	
DNF	536	武居 功二	42	男	千葉県												M40-44	
DNF	540	小塚 康雄	43	男	埼玉県												M40-44	
DNF	607	長尾 俊介	46	男	東京都												M45-49	
DNF	631	中曽 極	47	男	東京都												M45-49	
DNF	689	酒見 大輔	49	男	千葉県												M45-49	
DNF	758	田中 宏侍	51	男	東京都												M50-54	
DNF	766	立神 一樹	52	男	東京都												M50-54	
DNF	792	清水 壮一	53	男	千葉県												M50-54	
DNF	797	沢田 豊	54	男	東京都												M50-54	
DNF	806	福田 秀人	54	男	東京都												M50-54	
DNF	825	志田 祐	55	男	千葉県												M55-59	
DNF	861	玉置 和彦	57	男	東京都												M55-59	
DNF	895	鎌田 善成	59	男	東京都												M55-59	
DNF	972	髙野 甲子雄	75	男	千葉県												M75-79	
DNF	997	Chen Tien Li	49	男	台湾												M45-49	
DSQ	510	坂田 康明	41	男	東京都	2:51:37	0:39:50		1:27:41		2:07:31		0:44:06				M40-44	
DSQ	513	前田 崇志	41	男	東京都	3:16:02	0:37:55		1:22:25		2:00:20		1:15:42				M40-44	
DSQ	679	周防 和彦	49	男	千葉県	3:03:30	0:29:14		1:26:41		1:55:55		1:07:35				M45-49	
DSQ	785	松川 泰久	53	男	千葉県	2:49:57	0:36:20		1:16:12		1:52:32		0:57:25				M50-54	
DSQ	869	大澤 広久	57	男	千葉県	3:09:16	0:41:59		1:32:28		2:14:27		0:54:49				M55-59	
OPEN	1000	竹谷 賢二	54	男	千葉県	2:10:49	0:26:30		1:03:21		1:29:51		0:40:58				M50-54	
OPEN	1001	篠崎 友	40	男	神奈川県	1:59:57	0:22:23		0:58:10		1:20:33		0:39:24				M40-44	
DNS	315	根岸 雅子	35	女	東京都												F35-39	
DNS	356	福田 聡子	54	女	東京都												F50-54	
DNS	361	小又 茂子	59	女	千葉県												F55-59	
DNS	362	早川 弘美	62	女	千葉県												F60-64	
DNS	389	山木 真之介	28	男	千葉県												M25-29	
DNS	397	安藤 也侑	30	男	千葉県												M30-34	
DNS	413	堀田 一真	31	男	東京都												M30-34	
DNS	423	岡田 敦	34	男	神奈川県												M30-34	
DNS	426	塩原 圭介	34	男	東京都												M30-34	
DNS	433	伊藤 勇磨	35	男	東京都												M35-39	
DNS	437	森田 祐介	35	男	東京都												M35-39	
DNS	438	米津 慎之介	35	男	神奈川県												M35-39	
DNS	464	有賀 竜	37	男	神奈川県												M35-39	
DNS	472	池田 翔	38	男	千葉県												M35-39	
DNS	474	吉村 憲治	38	男	千葉県												M35-39	
DNS	503	伊藤 航人	40	男	東京都												M40-44	
DNS	508	平木 康孝	41	男	東京都												M40-44	
DNS	521	加藤 隆志	41	男	埼玉県												M40-44	
DNS	548	川村 賢史	43	男	東京都												M40-44	
DNS	552	高木 一将	43	男	千葉県												M40-44	
DNS	556	壷井 洋	43	男	神奈川県												M40-44	
DNS	569	佐藤 眞也	44	男	埼玉県												M40-44	
DNS	571	筒井 太一朗	44	男	東京都												M40-44	
DNS	590	東 竜二	45	男	埼玉県												M45-49	
DNS	606	豊島 國史	46	男	東京都												M45-49	
DNS	624	中野 海太郎	47	男	東京都												M45-49	
DNS	635	梶川 弘徳	47	男	千葉県												M45-49	
DNS	636	朝倉 啓友	47	男	東京都												M45-49	
DNS	645	野津 英秋	47	男	神奈川県												M45-49	
DNS	650	横田 裕弘	48	男	東京都												M45-49	
DNS	707	日比野 暢	50	男	東京都												M50-54	
DNS	718	高橋 耕次	50	男	千葉県												M50-54	
DNS	730	峰崎 揚右	50	男	東京都												M50-54	
DNS	731	久保 直之	50	男	東京都												M50-54	
DNS	788	山田 真理男	53	男	神奈川県												M50-54	
DNS	814	島 弘士	54	男	千葉県												M50-54	
DNS	833	一木 雅実	55	男	東京都												M55-59	
DNS	838	徳永 勝	55	男	東京都												M55-59	
DNS	854	山本 聡	56	男	千葉県												M55-59	
DNS	877	林 一也	58	男	千葉県												M55-59	
DNS	899	中西 健治	59	男	東京都												M55-59	
DNS	912	刈込 光晴	60	男	神奈川県												M60-64	
DNS	930	阿部 功	62	男	神奈川県												M60-64	
DNS	966	安東 孝一	69	男	東京都												M65-69	
DNS	967	飯島 真	69	男	神奈川県												M65-69	
DNS	970	溝垣 公次郎	71	男	東京都												M70-74	
DNS	985	加藤 義之	45	男	東京都												M45-49	
DNS	990	長崎 敦	48	男	東京都												M45-49	
