ContactId	Overall_Rank	Name	Gender	Division	Div_Rank	Total_Time	Swim	T1	Bike	T2	Run	Country	Status
ef713a37-2dc9-45f2-b8d0-8ed50f100266	1	Vincent Luis	M	MPRO	1	3:29:08	0:21:59	0:01:14	1:55:48	0:01:33	1:08:33	FR	
83d39463-1f78-4fbd-b71e-678204fa8a08	2	Vasco Vilaça	M	MPRO	2	3:31:19	0:22:01	0:01:20	1:55:48	0:01:55	1:10:15	PT	
a71a3b20-4cb3-4976-a480-2ed8e75c790b	3	Pieter Heemeryck	M	MPRO	3	3:34:04	0:24:21	0:01:18	1:54:22	0:01:36	1:12:27	BE	
263f5371-d9cf-456f-aa29-a1e1c418ec82	4	Chase Mcqueen	M	MPRO	4	3:37:07	0:21:59	0:01:18	1:55:45	0:01:34	1:16:32	USA	
def1131a-9d59-4664-8781-8a982793cc98	5	Will Grace	M	MPRO	5	3:40:12	0:25:00	0:01:26	2:00:52	0:01:40	1:11:14	GB	
5fab2357-60b9-4629-a601-073e26805bba	6	David Plese	M	MPRO	6	3:48:04	0:26:44	0:01:45	1:59:53	0:01:53	1:17:48	SI	
eca1e8a1-f505-461f-bc82-e66fe2ffcc3c	7	Georgia Taylor-Brown	F	FPRO	1	3:51:19	0:25:17	0:01:20	2:06:48	0:01:42	1:16:11	GB	
3c1ed1ea-008f-4c5c-9f37-00090122cda7	8	Natalie Van Coevorden	F	FPRO	2	3:53:34	0:25:13	0:01:22	2:06:53	0:01:35	1:18:31	AU	
849d9e57-fce3-4aac-97e5-091b993bf792	9	Xabier Tijero	M	M30-34	1	3:54:07	0:27:43	0:01:48	2:05:51	0:02:21	1:16:24	ESP	
ddbd020f-bbc3-414f-b8d3-f8988d9f0283	10	Jan Kepinski	M	MPRO	7	3:55:34	0:27:33	0:01:26	1:59:26	0:01:39	1:25:30	Poland	
2fc3fa9e-6cfe-4777-b89a-80ada0b8c651	11	India Lee	F	FPRO	3	3:56:35	0:25:11	0:01:13	2:06:55	0:01:47	1:21:30	GB	
b497f313-d3c3-4c2e-b5c8-1690cfb93c21	12	Jamie Price	M	MPRO	8	3:58:21	0:25:53	0:01:11	2:10:27	0:01:58	1:18:52	OM	
25e9cfa3-7fb2-ef11-b8e8-000d3a5a403c	13	Hamad Alkhaldi	M	M25-29	1	4:00:55	0:27:18	0:02:07	2:06:52	0:02:40	1:21:58	KWT	
8a11e782-0c0f-429d-bfa4-3ed0abeaa32a	14	Mohamed Isa Alqais	M	M35-39	1	4:01:35	0:30:44	0:02:26	2:10:05	0:02:25	1:15:56	BH	
acbd8026-ad64-471c-b503-68fb6c03b733	15	Mihai Vigariu	M	M40-44	1	4:06:22	0:28:50	0:02:25	2:03:50	0:03:09	1:28:08	ROU	
3295d2a9-d9d7-e911-a993-000d3a34edeb	16	Matthew Whitehead	M	M18-24	1	4:06:32	0:27:20	0:02:26	2:06:50	0:02:19	1:27:36	gbr	
b11610b2-cec0-4b7e-bec3-cbabdfba4be7	17	Phil Mosley	M	M50-54	1	4:07:08	0:29:32	0:02:36	2:10:20	0:02:36	1:22:05	GB	
c84ad05e-20e0-4a69-89cc-2f3b8e23e0ea	18	James Owen	M	M35-39	2	4:08:50	0:27:29	0:02:28	2:06:06	0:02:44	1:30:02	gbr	
854b41e4-5f4b-4e0b-9f95-ef754baf90e0	19	Andre Bellaguarda	M	M40-44	2	4:11:18	0:27:58	0:02:44	2:06:19	0:02:53	1:31:24	BR	
7bd7973a-9cf8-45bc-a247-1e3eb063bf90	20	Ruslan Erzhanov	M	M40-44	3	4:11:33	0:31:39	0:02:24	2:11:16	0:02:28	1:23:46	Kazakhstan	
2fb7bead-f182-41b6-b2d2-3a08696a6d86	21	Jonatan Martínez Jimenez	M	M35-39	3	4:11:51	0:30:56	0:01:53	2:14:01	0:02:31	1:22:29	esp	
fafb238b-a52c-4edc-9305-604951cdd8f0	22	Josef Bonavia	M	M40-44	4	4:13:57	0:31:53	0:02:40	2:11:39	0:02:56	1:24:49	Malta	
43d85c03-84f5-4985-9e4f-0dd61e6bfc53	23	Alexander Shabalin	M	M35-39	4	4:14:46	0:33:47	0:03:07	2:13:12	0:03:18	1:21:22	RU	
abbb78c5-dae3-ef11-8eea-00224806c129	24	Andrew Archibald	M	M35-39	5	4:16:01	0:29:59	0:02:13	2:11:13	0:02:55	1:29:40	GB	
017d9272-cdad-4fb4-8031-003ab11e364b	25	Roman Lacko	M	M50-54	2	4:17:22	0:32:01	0:02:14	2:08:39	0:02:42	1:31:47	gbr	
a432ac28-51fb-ee11-a1ff-000d3a314ae2	26	Jerome Muzzupapa	M	M40-44	5	4:17:31	0:30:13	0:02:37	2:12:15	0:03:02	1:29:25	fra	
2d76bb07-a833-45ee-b649-b1bf34900c09	27	Mohamed Ahmed	M	M25-29	2	4:19:39	0:32:07	0:02:10	2:17:44	0:02:13	1:25:25	BH	
ed57aa27-658a-43b5-bca1-658d12b8abb4	28	Ben Wade	M	M50-54	3	4:19:42	0:31:24	0:03:03	2:16:19	0:02:13	1:26:43	NAM	
58efa807-d0bb-ef11-b8e9-002248049fdc	29	Abdulla Allqeti	M	M40-44	6	4:20:30	0:35:25	0:02:29	2:16:09	0:03:30	1:22:56	ARE	
99bee41d-2709-43a8-aadf-6a7bdad17f19	30	Sorin Bobeica	M	M45-49	1	4:20:45	0:30:57	0:03:00	2:15:31	0:02:11	1:29:06	ROU	
28ec198b-a2c3-f011-bbd3-6045bd09951e	31	MOHAMMED KADHEM	M	M18-24	2	4:21:16	0:37:30	0:02:42	2:06:09	0:02:41	1:32:14	BHR	
6cf32718-2bf7-4c99-a4a1-de47df421523	32	Abdulla Albinzayed	M	M35-39	6	4:21:25	0:30:15	0:02:43	2:16:19	0:03:05	1:29:03	bhr	
035d528e-1a41-409e-b3c6-4d8f7c85775a	33	Hamad Mohamed Almansoori	M	M30-34	2	4:21:29	0:30:25	0:01:39	2:21:33	0:02:22	1:25:30	BH	
ef141a00-c589-49a2-b515-534268a25a28	34	Ghaith Al Daker	M	M35-39	7	4:21:30	0:31:58	0:02:27	2:11:48	0:02:54	1:32:24	AUS	
0a18387d-94f3-4fcd-b3b6-9d17e5b6a85f	35	Vainius Kaleda	M	M35-39	8	4:22:36	0:31:28	0:03:39	2:14:05	0:02:50	1:30:34	are	
e15c3991-e65a-411e-967f-e3ae7e2bfc9c	36	Peter Kníž	M	M50-54	4	4:25:35	0:27:52	0:02:23	2:22:11	0:02:40	1:30:31	SK	
549e4f53-b094-4ebf-8ce5-96bb0266f839	37	Emeline Delanis	F	F25-29	1	4:26:59	0:33:48	0:02:16	2:28:46	0:02:17	1:19:52	FR	
c34adef3-9f06-4c10-9c76-e963c64cd839	38	Neil Falzon	M	M45-49	2	4:27:14	0:32:55	0:02:43	2:18:37	0:02:29	1:30:29	USA	
f1cd494b-da85-4d3e-aa37-4d09c3e5ccde	39	Rachael Tatko	F	FPRO	4	4:29:37	0:30:47	0:01:59	2:27:25	0:02:05	1:27:21	US	
24d5c750-899a-4556-8096-baf882cca33f	40	Ivan Petukhov	M	M40-44	7	4:29:46	0:32:25	0:02:16	2:14:48	0:02:54	1:37:23	RU	
17f303c5-3c3e-413e-a534-b102c1edfb34	41	Hashim Al Farsi	M	M35-39	9	4:29:52	0:37:16	0:02:46	2:10:43	0:03:36	1:35:30	OM	
222bea10-e333-47a3-9944-ea28607fda93	42	Zhandos Ni	M	M35-39	10	4:29:58	0:34:18	0:03:13	2:15:55	0:03:23	1:33:09	KZ	
e0654257-e770-43e8-91f5-8df9d69fdd92	43	Jean-Sebastien Vaillancourt	M	M50-54	5	4:30:15	0:32:43	0:02:23	2:13:35	0:02:23	1:39:10	nld	
f3216408-e843-4bac-b815-d1fff3d2de3c	44	Lee Clare	M	M35-39	11	4:30:18	0:33:34	0:02:22	2:14:14	0:02:24	1:37:44	are	
6595a8e3-9543-401f-a0c7-8b1a4e087cff	45	Ivan Krestinin	M	M35-39	12	4:30:36	0:38:35	0:02:07	2:20:33	0:03:00	1:26:21	TUR	
cbe0bf30-b163-48f1-9679-c92c68e7edf6	46	Abdulla Almuqahwi	M	M25-29	3	4:31:05	0:33:08	0:02:35	2:21:47	0:02:46	1:30:49	BH	
64bc929e-38fa-400e-8230-61465810a7d7	47	Abdulla Salmeen	M	M40-44	8	4:31:15	0:36:15	0:03:00	2:19:06	0:02:36	1:30:18	bhr	
f67e6464-8d81-ef11-ac21-000d3a5a1803	48	Alan Conway	M	M40-44	9	4:32:49	0:35:09	0:03:07	2:18:27	0:02:27	1:33:40	UNITED ARAB EMIRATES	
f183416e-48c0-4666-9df3-d52b38273c72	49	Ian Farrell	M	M40-44	10	4:33:10	0:40:16	0:02:15	2:11:18	0:02:46	1:36:35	bhr	
1d597b12-3cb0-4723-bde2-cfd5456379e4	50	Lukas Riederer	M	M55-59	1	4:33:11	0:32:54	0:02:12	2:18:31	0:03:29	1:36:04	CH	
7b139f68-840f-49df-ad2a-2963553ca15d	51	Tarek Magdy	M	M35-39	13	4:34:08	0:28:39	0:02:11	2:24:39	0:03:41	1:34:58	EGY	
760effa9-daa3-420d-a8fc-5621fd42d179	52	Anirudh Ravichandran	M	M30-34	3	4:35:26	0:36:51	0:03:01	2:18:46	0:03:19	1:33:29	INDIA	
182ff302-f1a5-4137-ba9e-9145c09a179f	53	Abdallah Alireza	M	M30-34	4	4:35:40	0:32:03	0:02:10	2:24:53	0:02:40	1:33:54	ARE	
fb18628f-f7e0-4e2e-b48b-62e74f796fd0	54	Stephen Anderson	M	M50-54	6	4:35:50	0:37:39	0:03:42	2:18:18	0:03:04	1:33:08	GBR	
c48c3e82-808e-4c1d-8062-60d5843317b7	55	Ahmed Al Madani	M	M30-34	5	4:35:56	0:34:32	0:03:02	2:23:27	0:04:11	1:30:44	BH	
92f41cd1-8eea-4668-a75c-15e191d66128	56	Emilia Mangilinan	F	F35-39	1	4:36:23	0:34:18	0:02:46	2:26:57	0:02:03	1:30:19	United Arab Emirates	
467edad4-cdd7-48fc-91a7-607e577bc268	57	Mubarak Alwoqayan	M	M45-49	3	4:37:32	0:35:17	0:03:13	2:18:18	0:03:47	1:36:57	KW	
5bdf6a72-95b4-f011-bbd3-000d3a35ffc1	58	Mohammed Bakheet	M	M30-34	6	4:38:23	0:48:38	0:05:20	2:11:59	0:02:56	1:29:30	ARE	
eecc3641-34d4-4e94-9a4e-9477e654e53f	59	Zayed Alsudain	M	M18-24	3	4:39:15	0:35:10	0:03:22	2:25:16	0:03:02	1:32:24	TWN	
4e28a75c-d30a-430d-b488-f6528a7120df	60	Kiryl Kirychenka	M	M35-39	14	4:39:46	0:35:16	0:03:30	2:13:50	0:02:26	1:44:44	CYP	
6f4489a4-de69-44b0-a101-d5b809e23702	61	Abdullah Alrefai	M	M35-39	15	4:39:50	0:33:21	0:03:15	2:21:22	0:02:47	1:39:05	KWT	
57a1c9ae-21b3-4f1c-9920-590ea8416b14	62	Robert Tansley	M	M40-44	11	4:40:04	0:31:08	0:03:30	2:23:02	0:03:22	1:39:02	AE	
5636e7f6-4925-442d-aa2b-687964b5daf7	63	Björn Kollmorgen	M	M45-49	4	4:40:10	0:37:07	0:04:26	2:21:31	0:02:27	1:34:39	DE	
4775d118-2e80-4643-b342-49dbf9079306	64	Adam Konrad	M	M40-44	12	4:41:03	0:32:09	0:02:41	2:24:58	0:02:28	1:38:46	SK	
9678f69b-517d-42b0-9f7f-d9b03f648eba	65	Christophe Sargis	M	M55-59	2	4:41:17	0:29:00	0:02:54	2:28:09	0:02:40	1:38:34	SA	
43932168-2d8f-440e-81b1-70a51510b557	66	Mohamed Naeem Naeem	M	M25-29	4	4:42:00	0:34:53	0:02:36	2:29:03	0:01:54	1:33:34	BH	
d79ecda7-96ce-ed11-b597-000d3a314329	67	Rashid Alsubaey	M	M30-34	7	4:42:02	0:33:47	0:03:29	2:21:38	0:05:56	1:37:12	qat	
343e2dd7-2e92-4174-82bb-cbbbb7e03394	68	Mahmoud Sharaf	M	M40-44	13	4:42:21	0:38:21	0:02:31	2:10:26	0:02:58	1:48:06	are	
35f58c06-c27d-448c-a755-75be6cfbcd70	69	Hamad Ali	M	M30-34	8	4:42:28	0:38:12	0:02:22	2:19:22	0:03:30	1:39:03	AE	
52a51273-1631-4839-8a0a-d1c3a7abfaac	70	Fahad Ali	M	M35-39	16	4:42:32	0:40:30	0:02:15	2:23:27	0:02:33	1:33:47	BH	
326b360f-91a1-4371-82be-d5ea33bcdec3	71	Sebastian Foucault	M	M40-44	14	4:42:56	0:34:36	0:03:11	2:24:10	0:02:56	1:38:03	QAT	
a30a45b6-9caa-f011-bbd3-0022480c097c	72	Abdullah Alshammari	M	M35-39	17	4:43:32	0:43:37	0:04:24	2:20:57	0:03:44	1:30:49	kwt	
90fefbae-34bb-f011-bbd2-000d3a5b7c3b	73	Taher Hesham	M	M25-29	5	4:43:39	0:31:57	0:04:39	2:29:23	0:01:52	1:35:47	EGY	
bfcc6391-2344-4a8d-856c-69a9bf60ff4f	74	Valentina KUKRUS	F	F50-54	1	4:44:04	0:32:37	0:02:44	2:28:04	0:03:36	1:37:03	KG	
60a87729-2f8d-4a57-87b6-82e39abc2cf0	75	Andrey Shcherba	M	M18-24	4	4:44:36	0:35:23	0:04:14	2:27:13	0:03:16	1:34:29	esp	
62487fc3-a181-4baa-b360-cf6cb0076057	76	Sandro Crisolli	M	M40-44	15	4:45:05	0:41:45	0:03:45	2:17:19	0:04:22	1:37:54	DE	
e648b328-d8d9-462e-b39d-6ecd5a7536fa	77	Dominika Fustos	F	F40-44	1	4:45:51	0:29:40	0:02:38	2:25:15	0:02:40	1:45:39	AE	
1acd1036-25ce-4323-a2ea-d4d5fd3d290f	78	Efstratia Papadopoulou	F	F35-39	2	4:46:21	0:33:30	0:03:20	2:28:55	0:03:06	1:37:30	grc	
3ddf1429-9bf1-4da6-8193-2d678eb6a237	79	Jack Jeffries	M	M30-34	9	4:46:42	0:34:13	0:03:10	2:11:35	0:03:29	1:54:15	GB	
c0e08d26-6eab-47a6-a9ec-d706597f03dc	80	May Alhaji	F	F40-44	2	4:46:47	0:37:49	0:02:41	2:25:40	0:02:45	1:37:52	bhr	
b4a3a8d8-28b2-4429-8db1-af92ede9590c	81	Roberto Federici	M	M50-54	7	4:47:25	0:31:58	0:03:24	2:29:43	0:04:21	1:37:58	BR	
fe9c0dbe-46cb-ed11-b597-000d3a314ae2	82	Kirill Kozhevnikov	M	M45-49	5	4:47:30	0:31:40	0:03:27	2:22:50	0:03:03	1:46:29	AE	
9112d367-879d-4393-8de2-ad1ec03af82c	83	Omar Buti	M	M30-34	10	4:47:49	0:35:11	0:03:41	2:26:41	0:04:28	1:37:48	BH	
459833d5-b417-4323-b045-054d3a261430	84	Hamad Alblooshi	M	M30-34	11	4:48:25	0:39:23	0:04:28	2:32:56	0:02:36	1:29:03	AE	
25a41021-3c37-40a3-800e-5e8b8b665dfd	85	Christian Masera	M	M60-64	1	4:48:33	0:36:38	0:03:39	2:26:51	0:04:21	1:37:02	fra	
1b71b824-cce9-4ac9-927c-eeecd8e12fc4	86	Maja Falkiewicz	F	F18-24	1	4:48:46	0:29:44	0:02:37	2:31:00	0:03:07	1:42:19	DE	
d5dde69b-9dda-4217-8f13-282b5c0151df	87	Mohammed ALOlayan	M	M45-49	6	4:49:04	0:32:45	0:03:33	2:25:19	0:04:32	1:42:54	KW	
de2e9594-7a3a-ed11-9db0-00224808681a	88	Saad El Mandari	M	M45-49	7	4:49:51	0:35:17	0:02:42	2:27:24	0:03:53	1:40:35	AE	
09305235-6f71-400d-b2e9-1956d0a2eaa3	89	Emma Fisher	F	F55-59	1	4:50:01	0:30:44	0:03:30	2:32:25	0:03:05	1:40:18	gbr	
0dfb64cd-43f0-ea11-a815-000d3a5a1bfb	90	Richard Hajal	M	M35-39	18	4:50:06	0:38:08	0:03:01	2:27:40	0:02:37	1:38:41	LB	
c32ccc9d-a44f-42f0-bfde-f9ba5d87ef17	91	Alexander Petrov	M	M40-44	16	4:50:30	0:36:36	0:03:08	2:25:24	0:03:04	1:42:18	RU	
1cbd1772-8ef7-ef11-9340-6045bd05011a	92	Antoanela Manac	F	F30-34	1	4:50:52	0:28:34	0:01:59	2:37:14	0:02:45	1:40:20	RO	
312a4dd4-95f0-42f2-ba64-e18083a89593	93	Edo Conti	M	M40-44	17	4:52:20	0:40:30	0:03:43	2:28:39	0:02:52	1:36:36	IT	
349ea1e0-c95f-4c57-87a0-dfdc2f624b29	94	Glenn Wesley Dulay	M	M45-49	8	4:52:34	0:38:26	0:02:47	2:24:52	0:03:03	1:43:26	BH	
511874e3-9f2f-ee11-bdf3-000d3a314d17	95	Ali Al-Tawash	M	M30-34	12	4:52:40	0:43:54	0:04:19	2:33:11	0:02:55	1:28:22	bhr	
ed5e7a23-2e9b-4d3f-88f3-ff8b49d87f68	96	Melina Guedes	F	F45-49	1	4:52:56	0:35:18	0:03:03	2:28:21	0:03:22	1:42:51	BR	
57fea2ed-3978-ea11-a811-000d3a5a1bfb	97	Barkley Remigio	M	M30-34	13	4:53:18	0:34:08	0:02:53	2:32:16	0:03:29	1:40:32	BH	
37f7836b-212b-ef11-840b-00224809fd7c	98	Sidong Tian	M	M45-49	9	4:53:36	0:46:50	0:05:16	2:21:19	0:04:28	1:35:42	are	
2ff5a4a8-9be2-4a21-a1a2-38a9e8cd1d34	99	Dmitri Smorodin	M	M45-49	10	4:53:51	0:37:38	0:03:08	2:37:27	0:02:53	1:32:45	EE	
31d31b33-29c5-f011-bbd3-6045bd05fcc1	100	Hector Chan	M	M45-49	11	4:54:01	0:35:33	0:02:46	2:43:29	0:02:55	1:29:17	ARE	
eecaaead-b0bf-4299-945e-47f5a2ee60a3	101	Mohamad Taymour	M	M30-34	14	4:54:03	0:37:52	0:04:39	2:30:45	0:03:12	1:37:35	AE	
3ebd036b-792b-4e36-b1a8-9aaf1649ddb8	102	Sager Alkhalifa	M	M45-49	12	4:54:04	0:36:01	0:03:34	2:29:31	0:03:04	1:41:54	bhr	
95c547d0-3e8a-4968-bd3d-6e03940fdd67	103	Gareth Richards	M	M45-49	13	4:54:44	0:33:21	0:03:46	2:29:25	0:03:13	1:44:59	GB	
b067810d-41f8-4938-a140-fdd333b9c7ef	104	Jamie Gracie	M	M35-39	19	4:54:59	0:37:57	0:05:03	2:21:38	0:03:16	1:47:04	BH	
8549891f-6d28-420a-8428-e4ccfac9ab2c	105	David Adamia	M	M40-44	18	4:55:00	0:38:43	0:04:36	2:32:36	0:04:02	1:35:04	GE	
4e7f469c-2c36-485c-a8e3-e67c0c562f5b	106	Andi Woolley	M	M55-59	3	4:55:08	0:36:36	0:02:59	2:25:03	0:02:29	1:48:01	BH	
b41858c3-0403-42e4-ba95-46402ae4ba23	107	Denis Sabba	M	M50-54	8	4:55:15	0:37:12	0:04:08	2:38:30	0:03:31	1:31:54	ita	
dbf65034-604a-4335-be36-799005032e3c	108	Yousuf Al Hashimi	M	M25-29	6	4:55:39	0:34:09	0:05:19	2:28:22	0:03:36	1:44:14	are	
988029f0-0f81-4f11-a473-146d3c227de1	109	Erik Lentfert	M	M55-59	4	4:56:42	0:35:59	0:03:37	2:20:58	0:03:39	1:52:29	NLD	
945137f3-d911-ef11-9f89-000d3a59e106	110	Sergei Nedzelskii	M	M30-34	15	4:56:54	0:36:47	0:05:13	2:32:04	0:04:44	1:38:06	UA	
19afce35-83cf-418b-aa1c-0de933f3510e	111	Osvaldo Ferreira Porto Filho	M	M40-44	19	4:57:57	0:40:16	0:05:05	2:32:47	0:02:54	1:36:54	ZAF	
598941f2-1d9c-49e1-a382-509007eee95c	112	Madeleine Martin	F	F35-39	3	4:58:48	0:40:40	0:03:35	2:36:43	0:02:47	1:35:04	BH	
3827db32-7bf1-4fb3-9934-93e21ee0d876	113	Matthew Benson	M	M50-54	9	4:58:59	0:28:04	0:04:42	2:33:28	0:04:15	1:48:30	AE	
0603187d-9ed0-4070-a0d9-c6761b654892	114	Said Al Mamari	M	M40-44	20	4:59:09	0:39:43	0:03:38	2:37:55	0:03:30	1:34:24	OM	
cd2beb32-5ff8-40f9-b280-8c6ab7218843	115	Tarek Baghdadi	M	M35-39	20	4:59:17	0:33:54	0:03:58	2:19:21	0:04:13	1:57:52	fra	
0403681a-6ebc-44d1-89ab-1869a6bdf835	116	Ian Russell	M	M45-49	14	4:59:22	0:32:30	0:03:20	2:21:23	0:04:24	1:57:44	bhr	
2d293b99-58b2-f011-bbd3-6045bd05fcc1	117	Rashed Alazeezi	M	M18-24	5	4:59:36	0:47:28	0:03:54	2:26:21	0:03:02	1:38:51	ARE	
75cf072d-e12c-f011-8c4e-000d3a3173b5	118	Hazza Alkaabi	M	M30-34	16	4:59:45	0:34:50	0:03:03	2:28:28	0:04:09	1:49:15	ARE	
e6d68b71-93cb-4595-8d21-6da99f39a9ad	119	Alexander Krivolapov	M	M45-49	15	5:00:06	0:41:39	0:02:56	2:24:31	0:03:36	1:47:24	KG	
3963c73e-54da-4810-bbbc-08aac2f8b440	120	Charlotta Axling	F	F45-49	2	5:00:42	0:38:51	0:04:10	2:30:51	0:04:00	1:42:50	SE	
1e12f0ea-9fc3-434e-8edb-a428d8240151	121	Yuliia Rudavska	F	F45-49	3	5:00:58	0:38:17	0:02:35	2:32:14	0:03:14	1:44:38	UA	
bab76f56-8873-4244-b6bf-bf46f045fd6f	122	Craig Burgoine	M	M45-49	16	5:01:39	0:36:21	0:03:06	2:32:37	0:03:31	1:46:03	GBR	
758d9133-0483-4925-a244-5fff75c145a0	123	Artem Alekseev	M	M40-44	21	5:02:49	0:43:33	0:03:04	2:21:03	0:05:10	1:49:59	RU	
3c21c265-9200-4252-9132-f359f690b43a	124	Andres Bujosa	M	M25-29	7	5:03:36	0:33:22	0:04:15	2:35:06	0:03:30	1:47:23	ES	
c2794f05-6aeb-4229-a46b-9fa82c70beba	125	Michelle Nagle	F	F25-29	2	5:04:05	0:32:32	0:02:22	2:49:51	0:03:32	1:35:49	AE	
ac0fb909-8597-f011-b4cc-6045bd05f634	126	Konstantin Degtiarev	M	M35-39	21	5:04:08	0:41:01	0:03:35	2:36:03	0:02:48	1:40:41	ARE	
2c58e658-a208-48aa-a22e-1814aa34b01c	127	Mohammed AlSamahiji	M	M45-49	17	5:05:40	0:39:22	0:03:18	2:23:13	0:03:19	1:56:28	bhr	
531b253f-15c5-f011-bbd3-002248098cfa	128	Saleh Alhammadi	M	M35-39	22	5:06:17	0:44:58	0:04:34	2:37:02	0:02:49	1:36:55	ARE	
b4cfeae7-cd10-4d8c-90cc-2fe11edb48c6	129	Sergey Minkin	M	M40-44	22	5:06:42	0:45:23	0:03:48	2:27:29	0:03:49	1:46:14	RU	
5f506866-aa68-4bff-8614-c261b723819a	130	Zakhele Mkhize	M	M45-49	18	5:06:56	0:49:14	0:04:24	2:33:19	0:03:59	1:35:59	SOUTH AFRICA	
e29cc342-1cc9-f011-bbd3-6045bd05fcc1	131	Yusuf Alireza	M	M55-59	5	5:07:32	0:40:21	0:04:37	2:28:48	0:04:50	1:48:57	BHR	
329b0c12-5eb2-f011-bbd2-002248047e1a	132	zac reinbold		M30-34	17	5:07:59	0:40:02	0:03:38	2:34:49	0:04:25	1:45:04	USA	
c60c832a-e83d-4ce0-ac11-083cd61368cb	133	Gary Leeman	M	M40-44	23	5:08:05	0:41:03	0:03:55	2:26:36	0:03:23	1:53:08	SA	
7513c41c-186b-4422-abe7-a2b1bcf1f2e4	134	Abdulla Kanoo	M	M25-29	8	5:08:40	0:38:49	0:04:59	2:37:24	0:04:58	1:42:29	AE	
91e35ecc-4a62-4966-9ebf-b8e323590c16	135	Bader Albastaki	M	M35-39	23	5:09:16	0:36:18	0:04:05	2:34:38	0:02:20	1:51:56	BH	
574e329f-5f2b-44a6-a061-bc0d204afadd	136	Steven Allan	M	M50-54	10	5:09:27	0:34:05	0:05:47	2:29:55	0:05:24	1:54:16	AE	
a46b755a-ddd4-4998-b32e-f0f8f56ce54b	137	Roaya Alsaati	F	F35-39	4	5:09:28	0:38:36	0:03:58	2:41:36	0:02:50	1:42:28	BH	
831578c7-105b-ef11-a317-000d3a3b4ec1	138	Yakov Danilevskiy	M	M40-44	24	5:10:06	0:38:05	0:04:30	2:32:33	0:03:48	1:51:11	are	
537cf67c-eaba-f011-bbd3-6045bd05f634	139	Rainer Riel-Kollmann	F	M30-34	18	5:12:04	0:45:51	0:04:31	2:37:48	0:02:58	1:40:55	ARE	
7f3346c9-0664-4d85-8322-05345b635d34	140	Adnan Mufleh	M	M35-39	24	5:12:08	0:43:45	0:04:49	2:35:54	0:05:03	1:42:36	BH	
26da3cb3-fd54-4295-aefe-17ebe577e69e	141	Himanshu Puri	M	M35-39	25	5:12:28	0:42:37	0:03:04	2:41:15	0:03:48	1:41:45	ind	
e4597538-fc22-4f00-be55-7680bb84f99a	142	Abdulla Althawadi	M	M40-44	25	5:13:01	0:37:43	0:03:09	2:29:47	0:07:14	1:55:07	BH	
906dd8d1-ec38-4174-8541-9ad8570906e1	143	Nadine Schymski	F	F40-44	3	5:13:17	0:33:14	0:02:38	2:34:46	0:04:29	1:58:10	DE	
7d8c366c-2ac5-f011-bbd3-6045bd05f634	144	Fe Valvekens	F	F45-49	4	5:14:13	0:39:12	0:03:12	2:42:22	0:03:23	1:46:05	ARE	
543e641c-21f5-46b9-881f-da9af2f0a182	145	Waldo Van Der Nest	M	M30-34	19	5:14:15	0:29:18	0:03:09	2:28:29	0:03:29	2:09:51	ZA	
30a19090-e0f0-4bc5-970a-0c3b41549f09	146	Salman Alkhalifa	M	M30-34	20	5:15:29	0:44:21	0:04:50	2:34:16	0:04:49	1:47:14	BH	
56463aa6-52ad-49af-b6b8-16ea4fe108b1	147	Oscar Fernandez Muñoz	M	M55-59	6	5:15:35	0:38:49	0:05:38	2:37:52	0:04:31	1:48:45	ES	
5405c4cd-f819-4c1d-ac8f-cc526e912734	148	Ali Isa Al Khalifa	M	M30-34	21	5:15:35	0:37:58	0:03:26	2:38:51	0:03:38	1:51:42	BH	
9b755539-4933-4ed9-8d36-f1e9408efcfb	149	Ahmed Almansoori	M	M30-34	22	5:15:45	0:37:43	0:03:09	2:29:47	0:07:15	1:57:51	bhr	
6df58ebe-517f-45e7-94ec-32d0e373c256	150	Mohammad Bugambar	M	M35-39	26	5:15:50	0:39:44	0:03:38	2:35:46	0:03:52	1:52:50	KW	
348f0c37-bbb2-ef11-b8e9-6045bd02949c	151	Suood Alkhoori	M	M18-24	6	5:15:54	0:40:22	0:03:56	2:29:17	0:05:05	1:57:14	are	
4dc6f9a3-c2b5-47dd-be52-d595acf0aa2d	152	Talal Algahtani	M	M45-49	19	5:17:09	0:44:03	0:04:38	2:40:30	0:03:18	1:44:40	sau	
2081ac5f-727f-4ab3-9ae6-64295c99c8cd	153	Christophe Treuil	M	M50-54	11	5:17:17	0:44:12	0:04:27	2:34:40	0:07:19	1:46:39	fra	
93afaa6a-33d6-ef11-8eea-000d3a5a1803	154	Luis Gomes Ferreira	M	M30-34	23	5:17:24	0:40:16	0:03:58	2:45:46	0:03:34	1:43:50	BHR	
497bd94b-8e47-43f7-8b3f-26b04557eeea	155	Azza Alrafae	F	F35-39	5	5:17:33	0:39:09	0:04:16	2:37:37	0:05:41	1:50:50	bhr	
512c9fbc-1c24-4260-a041-f0f3802cbb3c	156	Fahad Almass	M	M35-39	27	5:18:19	0:42:03	0:04:50	2:37:34	0:05:46	1:48:05	bhr	
a417ac60-f9d7-4158-bc54-3a6bf457fb5e	157	Mika Vinokurov	M	M35-39	28	5:18:32	0:36:57	0:04:58	2:39:07	0:03:52	1:53:38	are	
cb40b85b-b35f-486d-b4e8-ef557d636b58	158	Abdulrahman Almarzooqi	M	M35-39	29	5:18:45	0:40:10	0:03:20	2:36:26	0:02:55	1:55:54	AE	
71b0bfe5-54c7-4df7-b1c3-f9af8a5f3f76	159	Salma Akram	F	F18-24	2	5:18:57	0:36:26	0:05:28	2:51:36	0:03:48	1:41:39	Egypt	
60c611c7-204b-4992-bb6e-f5e53b1ad9f7	160	Mike Nisbet	M	M55-59	7	5:19:09	0:36:21	0:04:10	2:30:26	0:04:07	2:04:05	GBR	
fbf09cbd-e1b6-42f6-acaa-751aa6446bfb	161	Jean-Francois Orhan	M	M60-64	2	5:20:19	0:36:29	0:03:29	2:36:35	0:06:42	1:57:05	FR	
eea864c6-be9d-f011-b41c-000d3a3173b5	162	Kaiyrzhan Kazmagambetov	M	M30-34	24	5:22:07	0:39:15	0:05:21	2:35:03	0:04:57	1:57:31	KZ	
7384491c-9e4e-466a-8551-1d0ca9afc9e2	163	Ryan Mace	M	M45-49	20	5:22:17	0:38:31	0:05:03	2:38:59	0:05:21	1:54:24	GB	
90b01b42-a114-4080-8675-f0e9eae8054d	164	Mazen Akhdar	M	M45-49	21	5:22:49	0:37:34	0:05:38	2:55:11	0:03:05	1:41:20	sau	
ce3e9a26-5f90-4da7-8c6c-10973da63b82	165	Abdulla Sulaibeekh	M	M30-34	25	5:22:51	0:40:09	0:04:58	2:46:16	0:06:10	1:45:18	AE	
50b09682-0e7d-40df-90d5-5b48ba6ac059	166	Ahmed Habashy	M	M35-39	30	5:23:15	0:44:57	0:04:59	2:43:59	0:04:56	1:44:24	EG	
ef223a83-38bf-f011-bbd3-0022480a7385	167	Xylph Bryan Heruela	M	M35-39	31	5:23:20	0:45:21	0:04:24	2:33:46	0:04:35	1:55:14	BHR	
8d640b03-11c9-f011-bbd3-0022480a7385	168	Panagiotis Marnelis	M	M45-49	22	5:25:16	0:38:36	0:04:46	2:36:53	0:04:36	2:00:24	SAU	
653a9c67-109b-f011-b4cc-000d3a5b7c3b	169	Bob Timmers	M	M30-34	26	5:25:47	0:30:28	0:05:16	2:46:57	0:05:45	1:57:22	BHR	
a3753c96-1792-ea11-a811-000d3a5a1cf8	170	Rashid Alsheraim	M	M35-39	32	5:26:36	0:44:42	0:05:14	2:37:27	0:03:59	1:55:14	qat	
cfc4d3df-4ab3-f011-bbd3-0022480c097c	171	Abdalla Alhosani	M	M25-29	9	5:26:46	0:40:54	0:05:03	2:28:02	0:04:41	2:08:06	ARE	
98cb3683-4371-4d38-9b8a-6ec5aaea025b	172	Aleksandr Pak	M	M40-44	26	5:26:57	0:43:26	0:03:38	2:41:07	0:05:36	1:53:09	KR	
27bff346-fa48-4f19-a3c4-6b202ec3b75c	173	Mustafa Janahi	M	M35-39	33	5:27:11	0:37:56	0:06:38	2:49:30	0:05:46	1:47:22	BH	
42e25ac2-f1a9-f011-bbd3-6045bd05f634	174	Rana Al alawi	F	F30-34	2	5:27:39	0:40:24	0:04:21	2:47:11	0:04:03	1:51:39	IND	
ff5aca41-f315-4829-9cd3-484a14c7ae44	175	Jorge Güil	M	M40-44	27	5:28:15	0:40:07	0:05:02	2:52:17	0:04:02	1:46:48	AE	
588d58d4-22be-4f0f-9da7-ca7e48dc4a5f	176	Matthew Day	M	M35-39	34	5:29:05	0:43:58	0:03:55	2:40:41	0:04:18	1:56:13	SA	
0ede3da0-85fa-e911-a812-000d3a5a1cf8	177	Hasan Kadhem	M	M35-39	35	5:29:08	0:39:10	0:05:38	2:44:15	0:06:09	1:53:56	bhr	
bf0d28ea-b0ca-4d3b-bdbe-6416dcbfd99a	178	Ibrahim Abdul Khaliq	M	M40-44	28	5:29:15	0:43:08	0:05:55	2:39:31	0:04:52	1:55:48	SA	
1acadc06-f832-4b2e-a914-4d6bcbd6251f	179	Polina Gryaznova	F	F35-39	6	5:30:15	0:44:17	0:03:40	2:48:19	0:02:52	1:51:07	RU	
57c108ca-d74c-47e7-a336-0155932e1673	180	Maan Almarghalani	M	M35-39	36	5:30:32	0:38:27	0:02:03	2:44:19	0:03:09	2:02:33	US	
46c2de03-01ba-46b0-bdd9-f89c90b64b02	181	Mahmood Faqeeh	M	M35-39	37	5:30:39	0:38:44	0:04:42	2:52:52	0:04:57	1:49:24	bhr	
e0b2eddf-d37f-4d62-af13-c518fa0f0f5c	182	Neil Lineham	M	M55-59	8	5:31:28	0:44:01	0:07:28	2:41:14	0:07:38	1:51:07	GB	
6eed143b-749a-ee11-be37-0022480acaa6	183	Anna Balabaeva	F	F35-39	7	5:32:13	0:42:32	0:03:46	3:03:23	0:02:50	1:39:42	RU	
f58b75c1-6ef8-4f3f-826d-a1172d1ea665	184	Mohamed Alharban	M	M40-44	29	5:32:35	0:40:06	0:04:12	2:38:59	0:04:38	2:04:40	USA	
6e6bb37e-dfa9-f011-bbd3-000d3a35ffc1	185	Aldert van Zyl	M	M40-44	30	5:32:49	0:51:01	0:04:26	2:47:48	0:03:07	1:46:28	ITA	
1ca8c653-83d3-4959-8d2b-0e15dbfc8473	186	Oleg Proskurin	M	M35-39	38	5:33:15	0:38:59	0:03:59	2:48:10	0:03:19	1:58:47	AE	
90107b2c-7423-4082-b05b-86099c118364	187	Inna Alekseeva	F	F45-49	5	5:34:54	0:42:43	0:05:05	2:54:57	0:04:22	1:47:47	RU	
419edf73-07c9-f011-bbd3-000d3a3173b5	188	Zakareya Yahya	M	M30-34	27	5:35:19	0:52:58	0:03:29	2:44:17	0:03:29	1:51:06	BHR	
03513a96-7979-491f-a0c2-4bc2e679062e	189	Andrea Pero	M	M60-64	3	5:35:30	0:37:45	0:04:55	2:32:52	0:04:43	2:15:15	ita	
f9733895-1893-43c6-b232-3cbd871b5646	190	Mike Walters	M	M50-54	12	5:36:20	0:37:30	0:03:39	2:41:18	0:04:11	2:09:42	gbr	
c2beccda-bccf-f011-8543-00224805d636	191	mansoor alkhaldi	M	M35-39	39	5:37:06	0:46:27	0:05:07	2:55:32	0:04:38	1:45:21	BHR	
15a6fe62-ced8-471d-8ab9-622cd1cfbc52	192	Khalid Saleh	M	M30-34	28	5:37:25	0:47:18	0:06:30	2:51:17	0:05:04	1:47:15	BH	
297037d9-4659-4e05-8dea-35e2720c53b5	193	Abdulrahman Alobaidli	M	M30-34	29	5:37:54	0:44:13	0:04:24	2:47:11	0:03:24	1:58:42	qat	
7cd5d9d7-be7b-4a21-86c9-2a4d52dcba5c	194	Jameel Jassim Jawad	M	M50-54	13	5:39:39	0:44:35	0:05:46	2:34:54	0:05:19	2:09:06	BH	
2a086fc2-1f6a-f011-bec3-000d3a3173b5	195	Borja Lopez	M	M45-49	23	5:40:05	0:46:09	0:04:52	2:41:47	0:03:17	2:04:01	ARE	
6f8b25d8-1f02-415c-aa81-0bc8676f4296	196	Peter Jayakumar Santhosh	M	M35-39	40	5:40:15	0:47:45	0:06:47	2:43:06	0:05:46	1:56:51	IN	
6943cf27-9ba4-4ea3-9ace-5bcb7ff829fa	197	Haytham Zahid	M	M45-49	24	5:40:21	0:36:56	0:07:34	2:34:14	0:05:58	2:15:39	US	
6489eae8-bd05-483d-96e0-2b396de83160	198	Fernando Salazar	M	M40-44	31	5:40:41	0:39:50	0:09:06	2:41:30	0:09:14	2:01:00	GB	
e053eb67-7faf-464f-b06a-4c43255421bc	199	Angie Storti	F	F50-54	2	5:40:42	0:47:31	0:04:49	2:45:41	0:05:30	1:57:11	ita	
deac5aeb-66a1-ef11-8a69-000d3a5a403c	200	Ahmed Alyammahi	M	M30-34	30	5:40:51	0:48:47	0:06:13	2:42:29	0:04:45	1:58:36	ARE	
8ad17ed2-c09a-44f4-849d-458268a70280	201	Mustapha El Lemdani	M	M35-39	41	5:41:32	0:37:05	0:07:01	2:56:31	0:04:01	1:56:54	BH	
624ccbed-9700-4ecb-812c-bbaa1bb49600	202	Guido Rizzo	M	M60-64	4	5:41:53	0:44:59	0:06:32	2:53:45	0:04:23	1:52:13	IT	
747cee6b-aac9-40ce-8b7e-5f31ae6e352e	203	Yasser Abubakr	M	M30-34	31	5:42:00	0:39:58	0:05:56	2:43:35	0:04:05	2:08:26	EG	
2688c22b-316e-4e1f-bd0e-960595ac2938	204	Salman Almuawdah	M	M40-44	32	5:42:08	0:44:38	0:05:05	2:37:27	0:07:08	2:07:51	bhr	
9af93190-ecf9-468c-98c1-55fe363ba22b	205	Heiko Zoellner	F	M50-54	14	5:42:14	0:40:00	0:03:32	2:48:06	0:03:23	2:07:13	DEU	
330c1eeb-2f26-4658-a7f3-5e5b181b6770	206	Hatim Oukrid	M	M35-39	42	5:42:28	0:43:21	0:05:53	3:02:17	0:05:41	1:45:17	are	
a1aec7f5-e0f6-471e-8183-79e578bb44d0	207	Oleg Zaitsev	M	M50-54	15	5:43:08	0:40:54	0:05:58	2:51:47	0:07:07	1:57:23	RU	
2c6cd39d-7bf8-420c-a503-e3fa14d03ab2	208	Vladimir Lasenko	M	M40-44	33	5:43:19	0:43:48	0:06:09	2:44:09	0:05:46	2:03:28	KG	
ea3560c2-87ae-49c9-a75c-1fb8558012b6	209	Claudia Ferreira	F	F55-59	2	5:43:28	0:43:44	0:04:03	3:03:32	0:02:53	1:49:16	PRT	
e38cc2d4-26af-f011-bbd3-000d3a3173b5	210	Fahad Alqadhi	M	M35-39	43	5:44:12	0:39:30	0:05:17	2:56:31	0:06:28	1:56:26	KW	
6a7e96aa-d1a9-f011-bbd3-000d3a35ffc1	211	Dian Reynecke	M	M18-24	7	5:44:29	0:39:34	0:03:54	2:55:15	0:05:37	2:00:09	BH	
58c65e01-faa9-f011-bbd3-6045bd09951e	212	Ayoob Ishaq	M	M18-24	8	5:44:54	0:47:25	0:03:37	2:59:52	0:04:26	1:49:34	BHR	
9d389399-7eab-f011-bbd3-6045bd09951e	213	Walter Bessis	M	M50-54	16	5:46:08	0:45:31	0:04:21	2:50:21	0:04:04	2:01:50	BH	
dd6a961c-38d6-4229-94fe-84fc6419f0dd	214	Aouni Hajar	M	M45-49	25	5:46:24	0:44:03	0:04:32	2:47:31	0:03:37	2:06:42	SA	
44810612-dca9-f011-bbd3-000d3a5b50ba	215	Megan Shelts	F	F25-29	3	5:46:56	0:30:56	0:03:59	3:22:33	0:04:56	1:44:32	IND	
14550884-7969-4688-9aa1-a675cfc83357	216	Santiago Penabella Alaez	M	M50-54	17	5:47:12	0:31:36	0:03:20	2:22:16	0:04:38	2:45:21	SA	
0c735259-b7cd-4bfb-a5c1-2e766b31d284	217	Ahmed KAMAL	M	M40-44	34	5:47:27	0:34:49	0:05:52	2:50:13	0:06:31	2:10:03	bhr	
db35d522-87d2-4bd9-a645-2a4f582ff9ef	218	Gustav Wetlesen	M	M18-24	9	5:48:28	0:39:53	0:04:07	2:39:09	0:04:00	2:21:21	DK	
df57792c-c773-f011-bec3-000d3a35ffc1	219	Muhammad Zulfadzli Che Mustafar	M	M40-44	35	5:48:49	0:59:18	0:05:33	2:51:07	0:03:29	1:49:23	MYS	
33f6a5e0-ee9c-420a-961e-6912dfd64cf9	220	Paul Langham	M	M45-49	26	5:49:08	0:35:40	0:06:20	2:55:30	0:06:38	2:04:59	SA	
2282346b-3b32-ef11-8409-000d3a383830	221	Sultan Gülen Teksin	F	F40-44	4	5:49:52	0:48:17	0:04:51	2:46:04	0:04:17	2:06:23	TR	
e359dcb9-ac32-4bd2-a02a-a77ae0fa8c83	222	Amy Taylor	F	F35-39	8	5:50:24	0:41:22	0:05:17	3:01:37	0:04:12	1:57:56	BH	
4b74a23c-5b29-4b35-9ae8-7e2f73b48e3e	223	Saleh Alsaleh	M	M35-39	44	5:50:27	0:41:05	0:05:04	3:08:01	0:05:26	1:50:51	SA	
fd87a978-386d-f011-bec3-6045bd09951e	224	Maimai Otads		F30-34	3	5:50:43	0:43:52	0:05:41	2:53:26	0:05:26	2:02:19	BHR	
ad42e3f6-4797-441f-812d-c10fc4217a79	225	Carsten Zielke	M	M55-59	9	5:50:44	0:38:42	0:05:37	2:52:39	0:06:05	2:07:41	deu	
c44c3365-42be-400c-a62a-82763c4f45db	226	Caleb Ault	M	M35-39	45	5:55:00	0:46:17	0:03:50	3:04:32	0:02:59	1:57:22	US	
755b53ab-b5bf-44fa-b3d1-c19d2973d9d4	227	Ali Hasan	M	M45-49	27	5:55:22	0:39:28	0:05:38	2:34:09	0:05:04	2:31:02	BH	
0d942811-f32e-4e26-b73e-5af75de6c53e	228	Ahmed Habib	M	M35-39	46	5:55:22	0:45:51	0:05:52	2:43:35	0:03:46	2:16:19	BH	
c56a4727-ca74-410c-a91a-9f021dd6a363	229	Hasan Alhasan	M	M45-49	28	5:55:52	0:45:36	0:07:19	2:59:06	0:07:08	1:56:43	BH	
aae19a0b-ac65-417b-963c-62b9c1f4ca56	230	Nirmeen Alireza	F	F55-59	3	5:56:32	0:44:59	0:05:47	2:51:20	0:04:51	2:09:35	SA	
060a66a4-5ec9-f011-bbd2-000d3a31a721	231	Ali Salman Yusuf Turabi	M	M30-34	32	5:57:33	0:46:02	0:06:13	2:46:53	0:04:59	2:13:27	USA	
da124d47-1327-4c29-8355-8188064a9167	232	Gustavo Ramirez	M	M45-49	29	5:58:18	0:42:35	0:02:56	2:42:37	0:03:48	2:26:23	US	
2c572f88-10c1-47f0-8d8f-ba71b3eca8da	233	Sanjay Chobdar	M	M35-39	47	5:59:13	0:48:37	0:07:03	2:41:15	0:06:56	2:15:21	IN	
cc96bba5-199a-f011-b4cc-6045bd05f634	234	Abdulla Alaamer	M	M18-24	10	6:00:30	0:51:33	0:04:36	2:58:34	0:03:36	2:02:11	BH	
b31f0750-01e8-4397-80b6-6d17c5c5f2ff	235	Claudio Convilli	M	M55-59	10	6:00:52	0:35:36	0:05:57	2:41:39	0:04:53	2:32:47	ita	
65bf69f2-88ae-f011-bbd3-000d3a5cf7d8	236	Hassan Alnemer	M	M35-39	48	6:01:14	0:43:55	0:06:58	2:35:03	0:07:39	2:27:39	SA	
08ca61fb-22d2-4bd1-8161-9258227714f6	237	Kaare Wetlesen	M	M50-54	18	6:01:40	0:40:15	0:05:24	2:48:15	0:04:47	2:22:59	BH	
a1deb256-89b4-ef11-b8e8-000d3a5ae96c	238	Mahmood Alrahma	M	M35-39	49	6:02:33	0:58:13	0:06:50	2:44:48	0:05:26	2:07:17	bra	
e6d656f9-97aa-ee11-be37-0022480acaa6	239	Alex Grebnev	M	M45-49	30	6:02:47	0:44:34	0:05:26	2:34:47	0:07:00	2:30:59	gbr	
a40d3cd6-ae3e-4a37-8d7d-552393dd8bea	240	Marlou Piamonte	M	M50-54	19	6:03:28	0:44:25	0:04:13	2:41:34	0:05:09	2:28:06	PH	
ba81c4a8-0eb0-f011-bbd3-6045bd05fcc1	241	Mahmood Mubarak	M	M40-44	36	6:03:46	1:06:25	0:03:51	2:59:12	0:05:49	1:48:30	BHR	
6cb9d1d7-3048-47e0-a329-296011620387	242	Samer Mahmandar	M	M40-44	37	6:03:58	0:46:02	0:08:53	2:59:00	0:06:23	2:03:40	BH	
585f89b5-818c-f011-b4cc-6045bd05f634	243	Finn Weatherhead	M	M18-24	11	6:03:59	0:44:56	0:04:27	2:48:55	0:06:03	2:19:37	BHR	
c86b72bc-6cad-4b23-921d-06b1928455ac	244	Klaus Buder	M	M55-59	11	6:04:51	0:43:00	0:04:37	2:46:03	0:05:44	2:25:28	Austria	
4e8743a2-87e4-42b0-890a-04e636a6d682	245	Gennadiy Saifulin	M	M55-59	12	6:05:03	0:44:13	0:04:56	2:49:32	0:05:34	2:20:48	KZ	
b0351c97-73fa-451a-9693-e279d857d01a	246	Jaber Salmeen	M	M18-24	12	6:06:33	0:48:57	0:05:11	3:01:57	0:03:46	2:06:41	bhr	
ba845ae1-b943-49a5-bb88-1087c060e9e7	247	Fadhel Hussain	M	M45-49	31	6:06:52	0:42:32	0:05:58	2:41:45	0:06:47	2:29:51	BH	
54fd8750-8b87-ef11-ac21-6045bd05c809	248	MICHAEL PAPADA	M	M40-44	38	6:07:34	0:39:36	0:03:56	2:41:24	0:04:58	2:37:40	US	
20fe58a6-2aa5-42b8-a6d7-33c915a1f6b5	249	Mohammed Javed	M	M65-69	1	6:07:55	0:47:17	0:06:22	3:03:19	0:05:51	2:05:06	BH	
c45a3a94-fe4f-421c-ba01-203ee99dea3a	250	Abdulaziz Heji	M	M35-39	50	6:12:33	0:42:05	0:04:34	2:48:32	0:04:30	2:32:52	BH	
cbb47211-66f1-46f9-8f52-22b55702effb	251	Ceren Eker Guven	F	F40-44	5	6:13:15	0:45:02	0:03:54	2:58:00	0:05:04	2:21:16	TR	
1074a7b0-4359-ef11-a316-000d3a371e3b	252	Peter Bannink	M	M35-39	51	6:14:54	0:55:55	0:04:17	2:55:23	0:04:50	2:14:29	SA	
7de61e35-93b2-f011-bbd3-6045bd05f634	253	Wyatt Franz	M	M50-54	20	6:15:24	0:42:59	0:07:34	2:56:19	0:05:50	2:22:43	USA	
ae12b4c8-3e40-4f60-b10c-06e4829b6e04	254	Ali Ahmed Abdulla Ahmed Ali	M	M35-39	52	6:15:54	0:48:54	0:06:10	3:04:22	0:05:09	2:11:18	BH	
fe411ed4-e4bf-f011-bbd3-6045bd05f634	255	Wasilewski Marion	F	F40-44	6	6:17:45	0:41:45	0:04:33	3:12:16	0:03:00	2:16:10	FRA	
ac321b31-5433-4c60-8889-1b36033cbce5	256	Jassim Alwardi	M	M30-34	33	6:17:50	0:45:57	0:05:17	2:58:53	0:03:22	2:24:21	BH	
37dd347b-1ff3-4c95-a9ec-7fdcdf424ebd	257	Mahmoud Zaki	M	M30-34	34	6:19:10	0:47:48	0:08:09	3:08:56	0:06:28	2:07:48	EG	
42cc2dbd-06cd-48bc-9fd3-93b93dca7f1b	258	Anas Almuqla	M	M25-29	10	6:19:25	0:32:04	0:03:56	3:05:08	0:04:47	2:33:30	BHR	
6f01b7bc-b9f4-4edb-a85e-4fe7abe3a655	259	Abdulla Albuerki	M	M35-39	53	6:19:45	0:46:34	0:06:08	2:59:19	0:04:49	2:22:54	USA	
1751e0c2-528c-4b7b-b1f3-25d05904f768	260	Muna ALShaikh	F	F45-49	6	6:20:23	0:52:13	0:11:32	3:11:15	0:09:19	1:56:04	are	
f54e3a41-ffa3-ef11-8a69-000d3a5a403c	261	Fariz Mammadov	M	M40-44	39	6:20:24	0:42:13	0:09:46	2:52:52	0:06:37	2:28:56	AZE	
fbb5ff55-1fed-4730-9ae6-249aab1bfca4	262	Kelly Samson	F	F30-34	4	6:20:53	0:36:16	0:04:43	3:14:25	0:03:09	2:22:20	SOUTH AFRICA	
5d31d702-116e-4555-b62a-213031e75f7f	263	Ali Yusuf Saeed Eid	M	M40-44	40	6:21:22	0:44:02	0:06:03	2:55:54	0:05:47	2:29:36	BH	
d8f52d74-70aa-ef11-b8e8-000d3a5a403c	264	Sassy Sarr	M	M40-44	41	6:22:19	0:53:50	0:05:12	3:12:12	0:07:22	2:03:44	FRA	
d15bb128-846f-4f1a-829f-1cb831570c94	265	Ali Marafie	M	M35-39	54	6:22:22	0:54:56	0:06:42	2:51:38	0:07:03	2:22:04	kwt	
b6a2b13c-4fb5-ef11-b8e8-000d3a5a403c	266	Justin Pillay	M	M45-49	32	6:22:42	0:42:35	0:04:26	3:10:49	0:04:38	2:20:14	SAU	
34ed1fa1-d603-ef11-a1fd-002248044460	267	Tariq Alsayed	M	M25-29	11	6:28:13	0:45:41	0:04:27	3:07:25	0:05:30	2:25:09	SA	
ca35f64a-6b59-46ed-8f9d-4fd088ea355a	268	Maryam Mohammed Alkhalasi	F	F35-39	9	6:29:56	0:53:47	0:04:28	3:06:56	0:03:44	2:21:01	BH	
cbb1517c-3620-4e3e-a48f-92afa7ddc08c	269	Victor DeJoy	M	M25-29	12	6:30:04	0:43:14	0:13:49	3:06:32	0:13:39	2:12:49	US	
c3063b1f-b771-4744-a73f-1b8940b8b261	270	Luca Doria	M	M50-54	21	6:30:40	0:36:36	0:06:24	2:56:00	0:08:36	2:43:03	ita	
7d7d9490-4c30-ed11-9db1-000d3a359220	271	Ebrahim Saleh	M	M40-44	42	6:30:55	0:50:55	0:05:26	2:53:22	0:04:19	2:36:53	USA	
b0357cd3-c32f-4625-a3de-75abb55ec81f	272	Dhiresh Kerai	M	M40-44	43	6:30:58	0:56:54	0:09:29	2:57:00	0:09:44	2:17:51	GB	
65565801-38a7-f011-bbd3-6045bd05f634	273	Yacob AlHamer	M	M30-34	35	6:32:49	0:43:42	0:05:54	3:08:43	0:05:16	2:29:14	bhr	
df5f30e6-ed08-450d-bc32-acbb4ed8e5b9	274	Abdulla Alkaabi	M	M45-49	33	6:33:08	0:54:52	0:06:03	2:55:48	0:04:14	2:32:10	USA	
af9dc874-b8f4-4f45-879d-9d272fb9d348	275	Eva Maria Orthuber	F	F55-59	4	6:35:35	0:46:52	0:06:08	2:48:41	0:05:48	2:48:06	aut	
88f09057-386f-4bb7-af48-8c3e38008517	276	Maha Albayat	F	F35-39	10	6:36:06	0:59:11	0:05:38	3:18:05	0:04:19	2:08:53	bhr	
5fcbec48-e195-4220-9a67-4abbb91bad8b	277	Issa Al Ismaili	M	M35-39	55	6:36:28	0:45:48	0:07:27	3:19:04	0:08:17	2:15:52	OM	
567a3a66-0fca-f011-bbd3-0022480a7385	278	joseph caraballo	M	M25-29	13	6:37:30	0:44:04	0:08:33	3:29:18	0:08:10	2:07:26	USA	
46c41f6b-d06a-483d-8583-b5e18dda6c75	279	Abdelmonem Amin	M	M35-39	56	6:37:46	0:52:36	0:07:00	2:48:59	0:08:32	2:40:39	BH	
02ffa45e-50e7-475d-9bd1-62c77e950738	280	Ammar Alqaseer	M	M35-39	57	6:37:54	0:52:35	0:05:39	3:14:51	0:05:51	2:18:58	BH	
53a0a740-b6ff-4ef5-b54b-7baeb9f7c91d	281	Mohamed Hasan	M	M35-39	58	6:38:09	0:47:20	0:05:17	3:20:42	0:05:38	2:19:11	bhr	
d176ada5-74ff-40df-93b1-8828808955ed	282	ADELE HART	F	F40-44	7	6:38:20	0:43:48	0:04:05	3:10:34	0:04:44	2:35:08	BH	
14da3810-8555-469e-a585-b720e2d2b9c5	283	Raul Romani	M	M55-59	13	6:41:00	0:48:25	0:06:47	2:52:43	0:07:25	2:45:40	SA	
cc864eb4-b2ab-4f16-9b52-b1729f8a2cc0	284	Laura Gualinetti	F	F40-44	8	6:42:06	0:41:05	0:07:05	3:09:57	0:05:45	2:38:13	SA	
05f3ab10-5a7a-4650-b811-506547328d30	285	Eduardo Campos	M	M45-49	34	6:43:26	1:09:37	0:05:34	2:58:04	0:06:14	2:23:57	BHR	
52676735-d9a9-f011-bbd2-6045bd03d968	286	Abdulaziz Althawadi	M	M35-39	59	6:43:31	0:57:03	0:08:25	3:12:01	0:07:38	2:18:23	BHR	
8a3f2964-97a8-462d-af70-371ee27e5f77	287	Abdulaziz Kanoo	M	M25-29	14	6:43:32	0:46:22	0:06:50	3:14:44	0:08:11	2:27:25	AE	
aa7a35e8-c070-4282-b7e7-1dc44754e2d5	288	Adel El Ashmawy	M	M45-49	35	6:45:16	0:43:37	0:07:02	3:08:08	0:07:00	2:39:29	EG	
82f2f505-f8d0-ef11-8ee9-000d3a5ae96c	289	Megan Alexander	F	F18-24	3	6:47:31	0:49:20	0:04:30	3:23:30	0:05:29	2:24:42	US	
020744e9-4136-f011-8c4d-00224804d68c	290	Nandil Sarma	M	M18-24	13	6:48:19	0:55:40	0:06:19	3:22:06	0:06:09	2:18:05	IND	
fa736f7c-a625-481b-82ff-d2acbf530190	291	Salman Rahimi	M	M30-34	36	6:48:21	0:40:14	0:07:09	3:11:07	0:05:54	2:43:56	BH	
4d9b7321-058e-f011-b4cc-6045bd09951e	292	Muneer Alkhyeli	M	M35-39	60	6:48:50	0:55:52	0:06:53	3:24:06	0:11:55	2:10:03	are	
e05b9b03-2566-f011-bec3-6045bd05fcc1	293	Abdulla Zowayed	M	M25-29	15	6:49:10	0:45:05	0:14:00	3:05:36	0:08:44	2:35:44	BHR	
8fc83c52-3f1f-4a80-a87c-64de8d9403f8	294	Uwe Prein	M	M65-69	2	6:49:53	0:47:24	0:07:46	3:09:17	0:06:38	2:38:48	deu	
725e84e0-baae-f011-bbd3-000d3a3173b5	295	Bassam Almulhim	M	M25-29	16	6:52:20	0:48:09	0:06:27	3:28:03	0:06:26	2:23:16	SAU	
5ff3ac01-d54d-40f8-ba77-578e63ed476e	296	Mark Jingco	M	M45-49	36	6:53:28	1:07:42	0:07:59	2:54:33	0:08:37	2:34:36	PH	
e8f79922-3fb5-4ea5-93ea-cfa48e593b53	297	Osama Alsayed	M	M30-34	37	6:54:02	0:55:53	0:06:34	3:19:20	0:06:30	2:25:45	BH	
fd928e95-5a5f-45a9-8633-4cc155191f8e	298	Manoj Nama	M	M50-54	22	6:54:44	0:44:57	0:09:00	3:25:01	0:08:02	2:27:45	ind	
ffc06bdc-a6d4-ef11-8ee9-6045bd018d16	299	Bharath Kumar	M	M18-24	14	6:56:55	0:55:34	0:08:09	2:52:05	0:05:12	2:55:55	IN	
65f7e131-7ef4-4831-9939-ecbcca245912	300	Kathrin Liebmann	F	F60-64	1	7:01:50	0:43:52	0:06:08	3:22:54	0:06:08	2:42:47	deu	
477671e2-b9f3-4102-a363-45463e58dc8d	301	Wafi Mohamed	M	M35-39	61	7:07:31	0:50:05	0:10:52	3:28:52	0:11:22	2:26:20	BH	
fb87f705-6fc7-41fd-90c6-5513df1e7623	302	Ian Shaw	M	M45-49	37	7:07:36	0:45:11	0:05:56	3:23:49	0:06:42	2:45:58	bhr	
ec46f34e-c7d4-ee11-9079-000d3a314d17	303	Tsakani Dube	F	F45-49	7	7:09:11	0:56:29	0:07:25	3:27:31	0:09:56	2:27:49	ZA	
7422cf90-5283-ef11-ac21-6045bd05c809	304	Jakhongir Pulatov	M	M30-34	38	7:10:47	0:55:42	0:05:50	3:31:16	0:06:43	2:31:17	NGA	
e3ccd39f-9fb0-f011-bbd3-0022480a7385	305	Roberto Enrique Wyszkowski Canal	M	M50-54	23	7:16:30	0:54:36	0:07:24	3:30:45	0:10:24	2:33:21	SAU	
84fbf06e-0869-46cd-b155-f3ffccfe22d0	306	Joao Valente	M	M60-64	5	7:16:44	0:44:47	0:09:12	3:08:56	0:08:07	3:05:42	FR	
7260f5d0-a339-47ae-8bc8-a3aa34791a04	307	Isa Janahi	M	M30-34	39	7:17:34	0:45:47	0:04:32	3:24:36	0:07:32	2:55:06	BH	
edd39a53-d7bb-f011-bbd3-000d3a35ffc1	308	Fadil Younes	M	M18-24	15	7:19:48	1:07:04	0:04:02	3:38:51	0:04:30	2:25:21	SAU	
578cc7eb-096e-426a-8d55-142b3d96399e	309	Alexander Balitaan	M	M50-54	24	7:22:56	1:07:44	0:05:58	3:17:45	0:08:20	2:43:09	BH	
ba74cce2-028b-48ab-b4d0-a96124f0e8db	310	Paul Jericho Pineda	M	M40-44	44	7:22:59	0:51:02	0:05:58	3:07:03	0:08:21	3:10:34	PH	
0bffc2fa-e049-4961-8e2d-2bfb7bd14e4e	311	Jasem Buqamber	M	M60-64	6	7:25:24	0:55:52	0:05:53	3:18:48	0:04:59	2:59:52	KW	
27ad0418-6eaa-f011-bbd3-0022480c097c	312	Ahmed Alkhalifa	M	M45-49	38	7:26:31	0:54:07	0:10:00	3:30:45	0:06:17	2:45:21	BH	
3221028c-8555-eb11-a812-002248091dbb	313	Mohammed Haridy	M	M35-39	62	7:36:17	0:57:11	0:07:15	3:10:15	0:07:22	3:14:15	SA	
e38c507a-8a04-f011-bae2-6045bd09951e	314	Juan Carlos Silva Garcia	M	M35-39	63	7:39:13	0:50:58	0:07:40	3:24:16	0:06:18	3:10:00	US	
40f42e00-d704-4c55-a880-aaa9988358c6	315	Noof Abdulaziz	F	F35-39	11	7:41:35	0:55:06	0:05:13	3:35:12	0:07:38	2:58:27	BH	
8d00146c-43c9-f011-bbd3-0022480a7385	316	Ali Asad Mohamed	M	M50-54	25	7:42:07	0:51:39	0:06:36	3:55:28	0:05:52	2:42:32	BHR	
c9888ac3-1f6a-f011-bec2-000d3a5cf7d8	317	Adel Noueihed	M	M40-44	45	7:48:41	1:09:26	0:07:06	3:42:54	0:08:14	2:41:00	ARE	
8395c27b-532d-4d8b-866b-4bc25e71152b	318	Sureshkumar Rajendran	M	M45-49	39	7:51:33	1:00:37	0:06:58	3:23:18	0:08:57	3:11:44	BH	
b6593a57-2498-4b87-a14a-cc967a695965	319	Anushka Upendra Deo	F	F25-29	4	7:54:44	0:56:01	0:06:40	3:48:04	0:08:29	2:55:29	IN	
a0a1241c-19a3-4b19-8873-5d5c77894752	320	Isa Karimi	M	M35-39	64	7:56:05	0:50:35	0:11:44	3:39:22	0:09:56	3:04:29	BH	
45636cba-1f69-45f2-a433-3ddeec952fee	321	Prasad Dixit	M	M35-39	65	8:00:53	0:58:36	0:16:14	3:28:05	0:09:30	3:08:28	IND	
31786785-046b-f011-bec2-0022480c097c	322	Francesco Bertoli	M	M65-69	3	8:04:31	0:40:09	0:04:25	3:04:29	0:05:59	4:09:29	ITA	
eb1db7a1-e1cf-414d-a6f1-21de018aaed2	99999	Louise Taylor	F	F35-39	99999							GB	DNS
ddea725c-85e7-4069-8c12-fc5a35decb1d	99999	Freddy André Henriksen	M	M35-39	99999							nor	DNS
5a6c3671-df9d-f011-b41c-000d3a5b50ba	99999	Ahmad Al Saleh	M	M30-34	99999							AE	DNS
97c0165e-3d0f-464b-9ab3-722bc8dcb93c	99999	Naser Majed Alnoaimi	M	M45-49	99999							BH	DNS
27a28783-db61-4c61-b714-1abbdff70f3a	99999	Asim Alsarhani	M	M35-39	99999							sau	DNS
bf7560b5-53f7-439e-9bbe-c9c286bbf969	99999	Ketaki Karwe	F	F30-34	99999	8:32:04	1:05:28	0:11:02	3:36:42	0:08:02	3:30:50	IN	
29646888-2a5e-4408-88da-37e18895a233	99999	Nicolae Lazar	M	M45-49	99999							AE	DNS
af3bb470-f533-41aa-8f46-f4c6af7c2e95	99999	Sayed Osama Almuhafdha	M	M45-49	99999	6:20:23	1:00:11	0:05:26	3:28:31	0:09:27	1:36:48	BH	DNF
6a7510b9-c306-4dee-b4ed-4826663d554c	99999	Kimberly Moneymaker	F	F55-59	99999							US	DNS
c8017665-2faa-f011-bbd2-6045bd03d968	99999	Vladimir Soldatov	M	M50-54	99999							RU	DNS
12aa6679-46ac-49cb-9d23-490a8002715d	99999	Marlene de Boer	F	FPRO	99999							NL	DNS
039fc73c-3715-4a02-8300-829ddf0bebe9	99999	Judith Karbowski	F	F55-59	99999							fra	DQ
ca59c294-e6da-4327-a0e6-7cf8c8569223	99999	Bader Alzayani	M	M45-49	99999		0:41:18	0:06:47				BH	DNF
d036c391-3cff-4ab9-ad7a-5bda8114d2d3	99999	Benjamin Tate	M	M45-49	99999							SA	DQ
b47eeab6-9c4c-ec11-8c62-000d3a5bc560	99999	Leonor Cordova	F	F35-39	99999							usa	DNS
0c735259-b7cd-4bfb-a5c1-2e766b31d284	99999	Ahmed KAMAL	M	M40-44	99999							bhr	DNS
6e857bdb-21c1-4276-a48d-f3890afbfeec	99999	Richelle Kuijper	F	F30-34	99999							NLD	DNS
e01a23a0-d363-485a-b041-d6ee1d3e6306	99999	Raed Aldosari	M	M45-49	99999		0:41:50	0:06:28	3:31:56	0:09:50		BH	DNF
c8c6c97e-5db4-4901-80fb-1d3c6c93b2eb	99999	Fatma Alsalem	F	F40-44	99999		1:13:49					KWT	DNF
7d353865-8e35-4800-b481-0c5be9ad3505	99999	Abdulla Marhab	M	M35-39	99999							BH	DNS
e0699196-6e0d-4825-b17a-1c4878cc5e72	99999	James Bell	M	M35-39	99999							GB	DNS
9005329e-5d4f-ef11-a317-6045bd08b27c	99999	Samir El-Sady	M	M30-34	99999							EGY	DNS
21e7e025-7eea-4c9a-a7f8-c54d17e58a68	99999	Maxat Aitbayev	M	M45-49	99999							KAZ	DNS
6916bf0a-7766-464a-8810-2d1cc041a5e2	99999	Asim Alansary	M	M30-34	99999		0:57:55					SA	DNF
0f5e3b57-e7a9-f011-bbd3-000d3a3173b5	99999	Ahmed Alumran	M	M45-49	99999							BH	DNS
fa2932b1-f3b7-f011-bbd3-000d3a5cf7d8	99999	Fawaz Rabeea	M	M30-34	99999		1:13:35					BHR	DNF
109edfad-d084-4bf7-a26c-635cf0116ef7	99999	Mohamed Fathalla	M	M30-34	99999	5:06:12	0:38:00	0:03:34	2:42:17	0:11:28	1:30:53	BH	DNF
d1556563-ecbf-4561-9426-e88f2b465815	99999	Ahmed Alhosani	M	M30-34	99999							ARE	DNS
af191bbc-2c41-416a-8475-d14666dfec32	99999	Keith Purdie	M	M55-59	99999		0:47:26	0:04:07	3:19:53	0:08:37		US	DNF
1976645c-729a-f011-b4cc-6045bd05fcc1	99999	ravi salunkhe	M	M40-44	99999		1:11:07					IN	DNF
3e0fb705-a4ae-f011-bbd3-6045bd05fcc1	99999	KHALID ALAMER	M	M60-64	99999		1:22:25					BH	DNF
e4597538-fc22-4f00-be55-7680bb84f99a	99999	Abdulla Althawadi	M	M40-44	99999							BH	DNS
47e2de2d-c167-f011-bec3-000d3a3173b5	99999	Rashed Alhajeri	M	M25-29	99999							ARE	DNS
d5712851-b240-4e78-9264-a82286784c65	99999	Mohsen Alali	M	M40-44	99999		0:32:37	0:02:16	2:22:30	0:06:13		AE	DNF
9c7d5651-a7d0-ec11-a7b5-000d3a34f9b8	99999	Saâd Chekhchekh	M	M35-39	99999	6:18:06	0:35:24	0:06:24	3:39:26	0:04:12	1:52:39	bhr	DNF
0b7952db-eaa9-f011-bbd3-6045bd05fcc1	99999	Roque Ramirez	M	M35-39	99999		1:18:39					US	DNF
52ee76b4-87fc-4825-9de4-d7b1faac3934	99999	Petros Solomou	M	M40-44	99999		0:33:55	0:03:51	2:48:23			ARE	DNF
456f3328-6b83-4659-961a-de6e6b472113	99999	Shukry A Rasool	M	M55-59	99999							BH	DNS
beb80cc6-f345-40bc-9ab8-51871eebd228	99999	Hassan Alqassab	M	M40-44	99999		0:48:58	0:04:12	3:25:45	0:07:34		US	DNF
459a5b37-8481-4994-a331-70aebed6a535	99999	Paolo Corinaldesi	M	M60-64	99999							IT	DNS
801b5ef9-f8b6-f011-bbd2-000d3a5b7c3b	99999	Fiona Harrop	F	F50-54	99999		0:51:41	0:11:04	3:25:38			GBR	DNF
3dafa1b8-e203-48b9-b30b-a1c3f10f96f2	99999	Kacper Stepniak	M	MPRO	99999							Poland	DNS
75bf45a0-e2ca-f011-8543-6045bd02c3db	99999	Mohamed Anwar	M	M18-24	99999		0:34:33	0:03:45				BHR	DNF
f37ba0e9-6274-ec11-8943-000d3a34a32c	99999	Mikhail Evstiunichev	M	M40-44	99999							RU	DNS
b09df086-f849-f011-877a-000d3a35ffc1	99999	ahmed almulla	M	M25-29	99999							ARE	DNS
242930af-216c-46b1-bb9e-12affa5020f2	99999	Ebrahim Abdulla Touq	M	M40-44	99999	6:33:03	0:48:56	0:04:14	3:25:45	0:07:35	2:06:34	BH	DNF
1078c875-ce7b-4df0-bf57-2749ae5681eb	99999	Ebrahim Mohd Al Tamimi	M	M35-39	99999							BHR	DNS
746ae7a7-27da-ef11-8eea-000d3a5a1803	99999	Fadel Bakkar	M	M45-49	99999							EGY	DNS
e785f03c-39ea-4815-93cf-81c537936fda	99999	Valentin Wernz	M	MPRO	99999		0:22:52	0:01:27				DE	DNF
671353c8-08a5-4feb-9bb3-a83d1955460e	99999	Thomas Brackmann	M	M45-49	99999							sau	DNS
53e477fd-2f75-46a2-beba-55979c6eaf7b	99999	Ugo Mascheroni	M	M45-49	99999							IT	DNS
34a1c59a-9c6f-ef11-a671-000d3a371e3b	99999	Sascha Renz	M	M30-34	99999							DE	DNS
0e7904d6-60aa-f011-bbd3-000d3a5b50ba	99999	Maha Asfout	F	F40-44	99999		1:10:45					KWT	DNF
2a8d5603-e348-f011-8779-0022480c097c	99999	Theyab Alhajeri	M	M35-39	99999							AE	DNS
7d2f502d-abd5-4e56-9f65-5aa08195f603	99999	Khalid Alshamsi	M	M45-49	99999							AE	DNS
