総合順位	No.	氏名	年齢	性別	登録地	総合記録	スイムラップ	S順	バイクラップ	B順	スプリット	通過	ランラップ	R順	男子順位	女子順位	年齢区分	年齢別順
1	450	石関 玲於	27	男	佐賀県	8:18:18	0:44:38	1	4:27:47	1	5:12:25	1	3:05:53	2	1		M25～29	
2	433	神谷 全人	36	男	愛知県	8:55:09	0:59:58	48	4:49:50	4	5:49:48	6	3:05:21	1	2		M35～39	
3	308	長辻 肇	52	男	東京都	9:00:44	0:53:53	19	4:40:28	3	5:34:21	3	3:26:23	7	3		M50～54	
4	422	藤井 雅之	40	男	岐阜県	9:05:10	1:00:29	52	4:50:40	5	5:51:09	7	3:14:01	3	4		M40～44	
5	226	松田 薫	55	男	大阪府	9:14:36	0:54:30	21	4:53:44	6	5:48:14	5	3:26:22	6	5		M55～59	
6	430	片山 草太	36	男	大阪府	9:18:56	0:53:42	18	5:03:55	10	5:57:37	8	3:21:19	5	6		M35～39	
7	451	大石 一博	27	男	愛知県	9:26:09	0:46:39	3	4:58:51	7	5:45:30	4	3:40:39	16	7		M25～29	
8	446	清水 慎一	30	男	広島県	9:39:00	0:59:34	45	5:18:15	23	6:17:49	21	3:21:11	4	8		M30～34	
9	337	西内 洋行	50	男	兵庫県	9:45:37	0:46:39	2	5:29:40	35	6:16:19	18	3:29:18	9	9		M50～54	
10	404	チョー スタンレー	44	男	東京都	9:46:41	0:58:33	42	5:09:21	13	6:07:54	13	3:38:47	13	10		M40～44	
11	239	中川 勝憲	54	男	長崎県	9:47:24	1:02:06	71	5:17:39	22	6:19:45	26	3:27:39	8	11		M50～54	1
12	453	菊池 一成	25	男	東京都	9:48:20	0:53:28	14	5:12:53	17	6:06:21	11	3:41:59	18	12		M25～29	1
13	299	本多 裕介	52	男	京都府	9:52:29	1:07:26	134	4:59:46	8	6:07:12	12	3:45:17	21	13		M50～54	2
14	402	塩田 紘之	44	男	長崎県	9:57:15	1:10:58	169	5:05:53	11	6:16:51	19	3:40:24	15	14		M40～44	1
15	439	古川 祥之	34	男	長崎県	9:58:07	0:50:05	8	5:15:09	18	6:05:14	10	3:52:53	31	15		M30～34	1
16	438	来栖 槙一郎	35	男	東京都	9:58:56	1:01:18	62	5:03:31	9	6:04:49	9	3:54:07	33	16		M35～39	1
17	384	杉尾 秀章	46	男	宮崎県	10:01:23	0:59:56	47	5:28:57	34	6:28:53	33	3:32:30	10	17		M45～49	1
18	406	神谷 嵩史	43	男	茨城県	10:01:45	1:03:24	84	5:15:38	19	6:19:02	25	3:42:43	19	18		M40～44	2
19	414	西田 亮太	41	男	福岡県	10:03:53	1:11:09	172	5:11:44	15	6:22:53	27	3:41:00	17	19		M40～44	3
20	246	近藤 真司	54	男	愛知県	10:04:19	0:56:57	30	5:15:43	20	6:12:40	16	3:51:39	28	20		M50～54	3
21	434	飯森 裕真	35	男	東京都	10:09:09	0:53:32	15	5:37:50	53	6:31:22	35	3:37:47	11	21		M35～39	2
22	252	山野 健夫	54	男	鳥取県	10:09:34	0:51:29	11	5:27:05	32	6:18:34	23	3:51:00	26	22		M50～54	4
23	181	長澤 宏隆	59	男	山梨県	10:17:23	1:09:26	145	5:28:30	33	6:37:56	47	3:39:27	14	23		M55～59	1
24	399	深堀 洋介	45	男	埼玉県	10:18:13	0:57:11	34	5:37:20	50	6:34:31	44	3:43:42	20	24		M45～49	2
25	440	山田 尚緒	33	男	東京都	10:20:11	0:46:48	4	5:32:09	41	6:18:57	24	4:01:14	46	25		M30～34	2
26	361	中垣内 敦詞	48	男	愛知県	10:20:17	1:04:03	95	5:19:17	26	6:23:20	29	3:56:57	40	26		M45～49	3
27	253	太田 英輝	54	男	東京都	10:21:01	1:02:37	75	5:30:02	37	6:32:39	40	3:48:22	24	27		M50～54	5
28	297	木家 勝之	52	男	神奈川県	10:32:57	1:06:42	125	5:31:37	40	6:38:19	48	3:54:38	34	28		M50～54	6
29	254	武本 泰造	54	男	愛知県	10:33:37	1:00:31	53	5:09:56	14	6:10:27	14	4:23:10	74	29		M50～54	7
30	444	鈴木 颯太	32	男	東京都	10:35:28	1:05:24	105	5:36:42	48	6:42:06	54	3:53:22	32	30		M30～34	3
31	132	藤城 健	65	男	愛知県	10:36:24	1:17:30	241	5:32:36	42	6:50:06	66	3:46:18	22	31		M65～69	1
32	227	笹部 直道	55	男	大阪府	10:36:34	0:57:20	37	5:31:25	39	6:28:45	32	4:07:49	52	32		M55～59	2
33	218	大田 慎三	56	男	広島県	10:36:53	0:53:40	17	5:48:04	78	6:41:44	52	3:55:09	36	33		M55～59	3
34	372	鈴木 慎一郎	48	男	静岡県	10:37:27	1:11:42	181	5:20:51	28	6:32:33	39	4:04:54	49	34		M45～49	4
35	449	橋本 聡	28	男	広島県	10:37:34	1:00:36	55	5:35:54	47	6:36:30	45	4:01:04	45	35		M25～29	2
36	359	永井 毅	49	男	東京都	10:39:49	0:55:10	24	5:35:53	46	6:31:03	34	4:08:46	53	36		M45～49	5
37	354	佐藤 哲朗	49	男	広島県	10:41:51	1:03:04	80	5:25:36	30	6:28:40	31	4:13:11	62	37		M45～49	6
38	336	浅野 朗宏	50	男	茨城県	10:42:06	1:05:29	107	5:47:14	74	6:52:43	74	3:49:23	25	38		M50～54	8
39	196	田村 好弘	57	男	東京都	10:42:32	1:01:49	64	5:48:45	80	6:50:34	68	3:51:58	29	39		M55～59	4
40	188	金原 亨	58	男	東京都	10:43:49	1:14:26	214	5:18:29	24	6:32:55	41	4:10:54	58	40		M55～59	5
41	427	大平 和寛	37	男	鹿児島県	10:44:15	1:11:03	171	5:37:48	52	6:48:51	59	3:55:24	37	41		M35～39	3
42	366	渡邉 哲也	48	男	千葉県	10:44:39	1:14:37	217	5:19:08	25	6:33:45	42	4:10:54	59	42		M45～49	7
43	192	待田 正	58	男	栃木県	10:45:54	1:10:43	165	5:42:45	64	6:53:28	77	3:52:26	30	43		M55～59	6
44	412	橋口 靖大	42	男	長崎県	10:46:47	0:54:54	22	5:41:48	62	6:36:42	46	4:10:05	57	44		M40～44	4
45	302	樋口 浩二	52	男	長崎県	10:51:33	1:07:30	135	5:34:22	45	6:41:52	53	4:09:41	56	45		M50～54	9
46	524	小川 暁子	46	女	広島県	10:52:15	1:03:09	81	5:49:07	81	6:52:16	73	3:59:59	43		1	W45～49	
47	382	田尻 守拡	47	男	福岡県	10:52:58	1:00:49	57	5:33:18	43	6:34:07	43	4:18:51	67	46		M45～49	8
48	376	赤瀬 圭祐	47	男	長崎県	10:53:25	1:11:52	183	5:44:43	70	6:56:35	86	3:56:50	39	47		M45～49	9
49	229	掛樋 勇次	55	男	兵庫県	10:53:35	1:09:39	152	5:52:55	90	7:02:34	98	3:51:01	27	48		M55～59	7
50	365	白川 貴一	48	男	福岡県	10:57:31	1:14:31	215	5:37:27	51	6:51:58	71	4:05:33	50	49		M45～49	10
51	176	末石 泰次郎	59	男	神奈川県	10:58:22	1:11:38	180	5:29:51	36	6:41:29	51	4:16:53	66	50		M55～59	8
52	389	尾崎 洋介	46	男	千葉県	10:58:34	1:12:30	190	5:43:06	65	6:55:36	81	4:02:58	47	51		M45～49	11
53	256	牛田 隆史	54	男	愛知県	11:00:51	0:53:56	20	5:20:18	27	6:14:14	17	4:46:37	123	52		M50～54	10
54	356	池田 耕一郎	49	男	広島県	11:04:38	0:56:05	27	6:07:40	130	7:03:45	101	4:00:53	44	53		M45～49	12
55	443	梶原 拓真	32	男	香川県	11:04:48	1:05:30	108	5:55:35	101	7:01:05	96	4:03:43	48	54		M30～34	4
56	290	成松 祐介	52	男	神奈川県	11:07:25	0:55:05	23	5:37:11	49	6:32:16	37	4:35:09	102	55		M50～54	11
57	140	松田 彰康	62	男	兵庫県	11:09:43	1:25:09	308	5:47:07	73	7:12:16	126	3:57:27	41	56		M60～64	1
58	316	赤野 史典	51	男	東京都	11:10:09	0:57:01	31	5:51:06	86	6:48:07	57	4:22:02	71	57		M50～54	12
59	325	浅野 義高	51	男	大阪府	11:12:44	1:05:25	106	5:47:22	75	6:52:47	75	4:19:57	69	58		M50～54	13
60	225	萩野 圭一	55	男	東京都	11:13:20	1:03:38	90	5:39:28	57	6:43:06	55	4:30:14	87	59		M55～59	9
61	362	横井 一朗	48	男	静岡県	11:14:07	0:49:58	7	6:01:35	119	6:51:33	70	4:22:34	72	60		M45～49	13
62	410	敦賀 礼	42	男	神奈川県	11:14:38	0:58:12	41	6:10:26	140	7:08:38	114	4:06:00	51	61		M40～44	5
63	426	須加 昌宏	38	男	神奈川県	11:15:03	1:09:13	141	5:15:50	21	6:25:03	30	4:50:00	132	62		M35～39	4
64	527	山崎 裕子	44	女	神奈川県	11:16:12	1:06:52	126	5:42:22	63	6:49:14	61	4:26:58	81		2	W40～44	
65	249	藤岡 朋寛	54	男	京都府	11:16:39	1:05:43	115	5:40:02	58	6:45:45	56	4:30:54	89	63		M50～54	14
66	348	三野 芳基	49	男	沖縄県	11:17:19	1:04:09	97	5:59:24	113	7:03:33	100	4:13:46	63	64		M45～49	14
67	340	宇都 克博	50	男	鹿児島県	11:17:42	0:57:21	38	6:01:14	117	6:58:35	93	4:19:07	68	65		M50～54	15
68	519	原田 昌美	48	女	福岡県	11:18:19	1:24:06	296	5:55:17	99	7:19:23	138	3:58:56	42		3	W45～49	
69	395	山崎 芳彦	45	男	鹿児島県	11:19:44	1:14:18	212	5:37:54	54	6:52:12	72	4:27:32	82	66		M45～49	15
70	363	大原 健	48	男	東京都	11:20:15	1:07:03	128	5:57:19	108	7:04:22	105	4:15:53	64	67		M45～49	16
71	529	松村 美雪	43	女	大阪府	11:20:27	1:23:13	288	5:47:45	76	7:10:58	122	4:09:29	55		4	W40～44	
72	141	田口 和弘	62	男	神奈川県	11:20:49	1:00:36	54	5:57:35	109	6:58:11	91	4:22:38	73	68		M60～64	2
73	190	小田 邦裕	58	男	東京都	11:22:33	0:56:50	29	6:14:18	153	7:11:08	123	4:11:25	60	69		M55～59	10
74	330	河田 哲	50	男	神奈川県	11:25:18	1:09:22	144	5:40:08	59	6:49:30	64	4:35:48	104	70		M50～54	16
75	509	笠井 純子	54	女	東京都	11:26:54	1:10:47	166	5:59:39	114	7:10:26	120	4:16:28	65		5	W50～54	
76	283	杉山 令	53	男	静岡県	11:27:11	1:20:09	255	5:34:04	44	6:54:13	79	4:32:58	97	71		M50～54	17
77	264	加藤 学	53	男	神奈川県	11:28:00	1:09:56	157	5:31:01	38	6:40:57	50	4:47:03	126	72		M50～54	18
78	385	宗平 裕	46	男	大阪府	11:29:51	1:05:43	114	5:12:07	16	6:17:50	22	5:12:01	180	73		M45～49	17
79	429	鈴木 啓	37	男	兵庫県	11:30:25	1:01:56	67	5:46:57	72	6:48:53	60	4:41:32	113	74		M35～39	5
80	321	金澤 信隆	51	男	東京都	11:33:20	1:05:32	111	5:55:32	100	7:01:04	95	4:32:16	94	75		M50～54	19
81	532	篭島 菖子	35	女	福岡県	11:35:33	1:21:18	269	5:44:15	67	7:05:33	107	4:30:00	86		6	W35～39	
82	380	金子 篤	47	男	長崎県	11:35:45	1:01:50	65	6:46:35	249	7:48:25	213	3:47:20	23	76		M45～49	18
83	436	西岡 秀治	35	男	広島県	11:36:15	1:12:48	197	5:51:08	87	7:03:56	104	4:32:19	96	77		M35～39	6
84	421	桑野 友佑	40	男	東京都	11:36:22	1:13:30	202	6:44:44	240	7:58:14	238	3:38:08	12	78		M40～44	6
85	278	山田 英司	53	男	福岡県	11:38:07	1:05:40	113	5:49:46	83	6:55:26	80	4:42:41	115	79		M50～54	20
86	459	井上 滉基	22	男	福岡県	11:38:23	0:53:36	16	5:38:45	55	6:32:21	38	5:06:02	168	80		M20～24	1
87	428	永原 龍夫	37	男	長崎県	11:39:16	1:20:49	263	5:54:05	96	7:14:54	130	4:24:22	77	81		M35～39	7
88	452	斎藤 尭	26	男	大分県	11:40:18	1:04:17	99	6:04:40	123	7:08:57	117	4:31:21	91	82		M25～29	3
89	456	渡守 爽太郎	24	男	福岡県	11:40:37	0:49:42	6	6:12:38	149	7:02:20	97	4:38:17	107	83		M20～24	2
90	329	宮添 秀敏	50	男	福岡県	11:41:59	1:11:22	175	5:55:04	98	7:06:26	111	4:35:33	103	84		M50～54	21
91	244	前田 勝彦	54	男	大阪府	11:42:47	1:00:40	56	6:13:32	151	7:14:12	128	4:28:35	84	85		M50～54	22
92	381	伊藤 岳	47	男	東京都	11:43:10	1:02:00	69	5:08:40	12	6:10:40	15	5:32:30	224	86		M45～49	19
93	517	山口 尚美	50	女	福井県	11:43:22	1:18:33	246	5:53:21	92	7:11:54	125	4:31:28	92		7	W50～54	
94	455	清水 匠パスカル	24	男	福岡県	11:43:31	1:00:22	51	5:38:56	56	6:39:18	49	5:04:13	164	87		M20～24	3
95	333	竹原 司郎	50	男	福岡県	11:44:06	0:53:27	13	6:25:26	187	7:18:53	137	4:25:13	80	88		M50～54	23
96	269	駿河崎 哲郎	53	男	鹿児島県	11:45:51	1:11:21	174	5:46:26	71	6:57:47	89	4:48:04	127	89		M50～54	24
97	371	梅田 貴裕	48	男	神奈川県	11:46:24	1:14:00	210	6:23:34	184	7:37:34	183	4:08:50	54	90		M45～49	20
98	285	麻生 恭一	53	男	埼玉県	11:49:41	1:02:41	76	6:12:36	148	7:15:17	131	4:34:24	99	91		M50～54	25
99	327	新倉 直樹	50	男	神奈川県	11:51:11	1:03:11	83	5:54:39	97	6:57:50	90	4:53:21	142	92		M50～54	26
100	301	陸田 典志	52	男	埼玉県	11:51:35	1:13:56	206	6:09:38	136	7:23:34	150	4:28:01	83	93		M50～54	27
101	139	金子 英一	63	男	神奈川県	11:53:19	1:11:01	170	6:17:28	164	7:28:29	160	4:24:50	78	94		M60～64	3
102	209	内山 周一郎	56	男	宮崎県	11:53:23	1:14:00	209	5:53:10	91	7:07:10	112	4:46:13	121	95		M55～59	11
103	221	中山 裕充	55	男	埼玉県	11:54:54	1:15:18	225	6:14:45	155	7:30:03	162	4:24:51	79	96		M55～59	12
104	155	奥野 孝	61	男	京都府	11:55:13	1:03:00	79	5:53:54	95	6:56:54	88	4:58:19	154	97		M60～64	4
105	274	田中 祐作	53	男	長崎県	11:56:17	1:12:46	195	6:08:52	134	7:21:38	144	4:34:39	100	98		M50～54	28
106	535	河合 志歩	21	女	福岡県	11:56:40	1:05:30	109	6:14:12	152	7:19:42	140	4:36:58	106		8	W20～24	
107	166	田所 洋貴	60	男	茨城県	11:57:29	1:12:45	194	5:47:48	77	7:00:33	94	4:56:56	150	99		M60～64	5
108	432	中西 大輔	36	男	長崎県	11:59:19	1:16:25	236	6:06:46	128	7:23:11	149	4:36:08	105	100		M35～39	8
109	347	江崎 貴一	49	男	福岡県	11:59:20	0:58:36	43	5:57:37	110	6:56:13	85	5:03:07	163	101		M45～49	21
110	204	林 利之	57	男	長崎県	11:59:29	1:12:34	191	5:56:08	104	7:08:42	115	4:50:47	137	102		M55～59	13
111	417	武藤 良太	41	男	福岡県	12:00:27	1:29:48	336	6:18:23	169	7:48:11	212	4:12:16	61	103		M40～44	7
112	386	深江 鉄兵	46	男	長崎県	12:02:56	0:56:22	28	5:21:05	29	6:17:27	20	5:45:29	237	104		M45～49	22
113	394	遠武 憲明	46	男	宮崎県	12:04:02	1:02:47	77	5:48:43	79	6:51:30	69	5:12:32	181	105		M45～49	23
114	282	出野 正悟	53	男	滋賀県	12:04:47	1:12:50	199	6:05:34	125	7:18:24	136	4:46:23	122	106		M50～54	29
115	320	山崎 啓太	51	男	大阪府	12:05:08	1:09:30	149	6:17:09	162	7:26:39	157	4:38:29	108	107		M50～54	30
116	133	小野 弘幸	65	男	神奈川県	12:05:16	1:27:41	316	6:08:36	132	7:36:17	177	4:28:59	85	108		M65～69	2
117	390	土谷 竜介	46	男	神奈川県	12:05:38	1:10:07	158	5:53:40	94	7:03:47	102	5:01:51	160	109		M45～49	24
118	241	上竹 哲也	54	男	広島県	12:05:52	1:06:22	122	5:58:52	112	7:05:14	106	5:00:38	156	110		M50～54	31
119	518	中塚 裕美	49	女	兵庫県	12:06:21	1:07:08	129	6:35:02	214	7:42:10	199	4:24:11	76		9	W45～49	
120	189	渡辺 敬之	58	男	静岡県	12:06:34	1:21:04	265	6:02:32	120	7:23:36	151	4:42:58	116	111		M55～59	14
121	223	鮫島 正昭	55	男	鹿児島県	12:07:10	1:04:59	104	5:44:31	68	6:49:30	63	5:17:40	190	112		M55～59	15
122	345	丸田 貴之	50	男	兵庫県	12:08:16	1:06:37	124	5:49:59	85	6:56:36	87	5:11:40	178	113		M50～54	32
123	360	滝澤 仁	48	男	熊本県	12:09:34	1:05:37	112	5:44:35	69	6:50:12	67	5:19:22	193	114		M45～49	25
124	294	成田 英将	52	男	神奈川県	12:10:03	1:02:03	70	6:17:43	166	7:19:46	141	4:50:17	134	115		M50～54	33
125	143	島田 進司	62	男	兵庫県	12:10:19	1:29:27	331	6:45:57	247	8:15:24	274	3:54:55	35	116		M60～64	6
126	513	片岡 昭子	53	女	大阪府	12:12:11	1:09:46	155	7:06:05	293	8:15:51	276	3:56:20	38		10	W50～54	
127	364	城向 邦彦	48	男	大阪府	12:12:37	0:51:03	9	5:40:47	61	6:31:50	36	5:40:47	232	117		M45～49	26
128	260	嘉古田 信雄	54	男	愛知県	12:13:00	1:05:57	118	6:34:46	213	7:40:43	194	4:32:17	95	118		M50～54	34
129	350	阿部 浩二	49	男	大分県	12:13:32	1:03:56	94	6:49:10	256	7:53:06	228	4:20:26	70	119		M45～49	27
130	124	青野 朋之	67	男	北海道	12:13:43	1:05:30	110	6:00:24	116	7:05:54	108	5:07:49	171	120		M65～69	3
131	232	小林 哲朗	55	男	神奈川県	12:14:00	1:22:07	274	6:20:45	174	7:42:52	201	4:31:08	90	121		M55～59	16
132	408	鈴村 広平	43	男	広島県	12:14:30	0:55:39	25	6:30:08	200	7:25:47	154	4:48:43	129	122		M40～44	8
133	202	潮 孝二	57	男	大阪府	12:15:22	1:04:10	98	6:06:34	127	7:10:44	121	5:04:38	166	123		M55～59	17
134	257	坂村 哲也	54	男	東京都	12:16:57	1:29:27	332	6:01:22	118	7:30:49	163	4:46:08	120	124		M50～54	35
135	401	岩橋 誠	44	男	長崎県	12:18:27	1:13:42	205	6:07:56	131	7:21:38	145	4:56:49	149	125		M40～44	9
136	296	亀田 行康	52	男	福岡県	12:18:49	1:00:16	50	6:08:37	133	7:08:53	116	5:09:56	174	126		M50～54	36
137	128	大木 唯弘	66	男	埼玉県	12:20:13	1:10:51	168	6:22:26	180	7:33:17	171	4:46:56	125	127		M65～69	4
138	324	青木 康太	51	男	埼玉県	12:20:28	1:14:05	211	6:18:08	167	7:32:13	167	4:48:15	128	128		M50～54	37
139	392	野原 申栄	46	男	長崎県	12:22:09	1:12:52	200	6:38:40	226	7:51:32	222	4:30:37	88	129		M45～49	28
140	219	山口 高男	56	男	東京都	12:22:34	1:04:43	101	6:37:25	221	7:42:08	198	4:40:26	112	130		M55～59	18
141	180	益田 裕久	59	男	東京都	12:22:42	1:10:31	163	5:55:39	103	7:06:10	110	5:16:32	188	131		M55～59	19
142	306	川崎 修平	52	男	神奈川県	12:23:55	0:55:41	26	6:10:23	139	7:06:04	109	5:17:51	191	132		M50～54	38
143	317	阿曽沼 樹	51	男	福岡県	12:24:43	0:57:10	33	5:52:18	88	6:49:28	62	5:35:15	227	133		M50～54	39
144	276	田中 裕之	53	男	大阪府	12:25:02	1:04:07	96	5:59:42	115	7:03:49	103	5:21:13	202	134		M50～54	40
145	238	阪田 雅明	54	男	長崎県	12:25:10	1:29:22	330	6:16:58	161	7:46:20	210	4:38:50	110	135		M50～54	41
146	148	北本 大	62	男	茨城県	12:25:30	1:31:42	342	5:56:30	107	7:28:12	159	4:57:18	151	136		M60～64	7
147	322	窪田 俊介	51	男	愛媛県	12:26:06	1:01:05	60	6:10:16	138	7:11:21	124	5:14:45	184	137		M50～54	42
148	424	松浦 嵩	39	男	東京都	12:26:31	1:22:09	275	6:29:42	198	7:51:51	224	4:34:40	101	138		M35～39	9
149	203	滝沢 登	57	男	神奈川県	12:26:38	1:10:21	161	6:23:16	183	7:33:37	172	4:53:01	141	139		M55～59	20
150	251	藤井 正	54	男	大分県	12:27:13	1:09:36	150	6:27:31	191	7:37:07	180	4:50:06	133	140		M50～54	43
151	369	安用寺 浩史	48	男	石川県	12:28:43	1:21:14	268	6:12:34	147	7:33:48	173	4:54:55	144	141		M45～49	29
152	293	生嶋 伸司	52	男	大阪府	12:28:53	0:59:44	46	6:02:54	121	7:02:38	99	5:26:15	215	142		M50～54	44
153	457	天野 淳世	22	男	福岡県	12:29:20	1:12:45	193	5:55:38	102	7:08:23	113	5:20:57	201	143		M20～24	4
154	136	石川 厚司	64	男	愛知県	12:29:56	1:29:46	335	6:36:48	219	8:06:34	255	4:23:22	75	144		M60～64	8
155	263	安達 知誠	53	男	長崎県	12:30:20	1:15:02	223	6:11:03	143	7:26:05	156	5:04:15	165	145		M50～54	45
156	243	渡邊 悟	54	男	島根県	12:30:28	1:05:50	117	6:21:58	179	7:27:48	158	5:02:40	162	146		M50～54	46
157	388	三枝 洋介	46	男	東京都	12:31:32	1:09:29	148	6:29:42	197	7:39:11	189	4:52:21	140	147		M45～49	30
158	172	永井 孝佳	60	男	兵庫県	12:32:31	1:34:21	346	6:25:10	186	7:59:31	241	4:33:00	98	148		M60～64	9
159	312	橋本 智志	51	男	東京都	12:33:19	1:06:15	121	5:43:40	66	6:49:55	65	5:43:24	236	149		M50～54	47
160	153	鈴木 茂之	61	男	静岡県	12:33:24	1:09:20	143	6:10:30	141	7:19:50	142	5:13:34	183	150		M60～64	10
161	378	伊藤 淳史	47	男	千葉県	12:36:05	0:57:44	40	5:56:09	105	6:53:53	78	5:42:12	234	151		M45～49	31
162	352	伊藤 陽之	49	男	京都府	12:36:32	1:03:43	91	5:52:27	89	6:56:10	83	5:40:22	231	152		M45～49	32
163	533	山嵜 佑莉愛	22	女	大阪府	12:37:37	0:51:13	10	7:01:09	283	7:52:22	225	4:45:15	119		11	W20～24	1
164	437	多田 裕貴	35	男	大阪府	12:38:42	1:07:10	131	6:11:05	144	7:18:15	135	5:20:27	196	153		M35～39	10
165	531	吉田 梨絵	36	女	東京都	12:39:13	1:03:36	89	5:49:20	82	6:52:56	76	5:46:17	238		12	W35～39	1
166	304	前原 健太郎	52	男	愛知県	12:39:32	1:01:00	59	6:42:28	235	7:43:28	204	4:56:04	148	154		M50～54	48
167	191	古賀 嘉憲	58	男	長崎県	12:40:03	1:00:53	58	6:15:56	157	7:16:49	133	5:23:14	207	155		M55～59	21
168	335	小川 大泉	50	男	鹿児島県	12:40:11	1:16:39	237	6:21:29	176	7:38:08	186	5:02:03	161	156		M50～54	49
169	416	石橋 浩二	41	男	福岡県	12:40:34	1:21:36	271	6:37:05	220	7:58:41	239	4:41:53	114	157		M40～44	10
170	505	大貫 千春	59	女	茨城県	12:42:01	1:12:22	189	6:50:57	262	8:03:19	247	4:38:42	109		13	W55～59	1
171	110	米倉 宏亨	73	男	滋賀県	12:42:47	1:13:57	207	6:23:35	185	7:37:32	182	5:05:15	167	158		M70～74	1
172	398	那須 大基	45	男	長崎県	12:45:38	1:28:27	324	5:53:34	93	7:22:01	146	5:23:37	211	159		M45～49	33
173	511	中山 好美	54	女	愛知県	12:46:28	1:11:34	179	6:33:30	207	7:45:04	207	5:01:24	158		14	W50～54	1
174	184	市村 隆也	58	男	埼玉県	12:48:14	1:10:33	164	6:09:08	135	7:19:41	139	5:28:33	220	160		M55～59	22
175	309	寺内 浩	52	男	福岡県	12:48:36	1:23:06	286	6:28:10	193	7:51:16	221	4:57:20	152	161		M50～54	50
176	194	藤井 靖幸	58	男	岡山県	12:48:48	1:20:31	258	6:17:36	165	7:38:07	185	5:10:41	177	162		M55～59	23
177	314	滝 聡雄	51	男	愛知県	12:49:15	0:58:58	44	6:33:49	211	7:32:47	169	5:16:28	187	163		M50～54	51
178	326	溝上 康治	51	男	神奈川県	12:50:40	1:07:31	136	6:35:40	215	7:43:11	203	5:07:29	170	164		M50～54	52
179	311	平尾 義隆	51	男	神奈川県	12:51:29	1:04:23	100	6:16:49	159	7:21:12	143	5:30:17	222	165		M50～54	53
180	207	飯田 博之	57	男	愛知県	12:51:39	0:57:32	39	5:58:39	111	6:56:11	84	5:55:28	242	166		M55～59	24
181	458	中村 陽太郎	22	男	広島県	12:51:48	1:03:09	82	6:05:48	126	7:08:57	118	5:42:51	235	167		M20～24	5
182	461	平田 皓己	21	男	福岡県	12:52:06	1:07:48	138	6:18:10	168	7:25:58	155	5:26:08	214	168		M20～24	6
183	373	天野 貴文	48	男	徳島県	12:52:13	1:27:58	317	6:52:28	267	8:20:26	285	4:31:47	93	169		M45～49	34
184	266	野畑 潤	53	男	千葉県	12:52:35	1:17:36	242	6:33:31	208	7:51:07	219	5:01:28	159	170		M50～54	54
185	522	小阪 はるな	48	女	兵庫県	12:53:09	1:10:23	162	6:33:13	205	7:43:36	205	5:09:33	173		15	W45～49	1
186	387	阪田 哲生	46	男	大阪府	12:55:01	1:15:30	231	6:16:25	158	7:31:55	165	5:23:06	205	171		M45～49	35
187	397	武田 大樹	45	男	長野県	12:55:11	1:28:41	328	6:27:42	192	7:56:23	234	4:58:48	155	172		M45～49	36
188	265	永岡 剛士	53	男	宮崎県	12:55:32	1:11:17	173	6:53:55	271	8:05:12	252	4:50:20	135	173		M50～54	55
189	213	中村 光男	56	男	埼玉県	12:56:02	1:25:06	307	6:50:45	261	8:15:51	275	4:40:11	111	174		M55～59	25
190	156	丸茂 敏幸	61	男	千葉県	12:57:21	1:10:08	159	6:26:25	189	7:36:33	178	5:20:48	200	175		M60～64	11
191	178	楜澤 信	59	男	神奈川県	12:57:56	1:06:10	120	5:49:48	84	6:55:58	82	6:01:58	245	176		M55～59	26
192	442	原崎 芳加	33	男	長崎県	12:58:50	1:23:47	292	6:44:20	238	8:08:07	258	4:50:43	136	177		M30～34	5
193	391	君島 洋平	46	男	東京都	12:58:59	1:02:10	73	6:44:54	241	7:47:04	211	5:11:55	179	178		M45～49	37
194	403	渡邉 祥平	44	男	東京都	12:59:51	1:00:01	49	6:32:36	204	7:32:37	168	5:27:14	216	179		M40～44	11
195	460	山本 竜大	21	男	福岡県	13:00:49	1:23:20	290	6:09:39	137	7:32:59	170	5:27:50	217	180		M20～24	7
196	445	中山 蒼	31	男	神奈川県	13:02:09	0:57:19	36	6:41:44	232	7:39:03	188	5:23:06	206	181		M30～34	6
197	200	波多 幸雄	57	男	大阪府	13:02:25	1:03:29	85	6:33:41	209	7:37:10	181	5:25:15	213	182		M55～59	27
198	315	酒見 大輔	51	男	千葉県	13:02:35	1:30:02	337	6:04:05	122	7:34:07	175	5:28:28	219	183		M50～54	56
199	377	小西 明伸	47	男	大阪府	13:02:47	1:19:43	250	6:19:39	172	7:39:22	190	5:23:25	210	184		M45～49	38
200	234	堀 潤一	55	男	東京都	13:03:17	1:09:27	146	6:33:41	210	7:43:08	202	5:20:09	194	185		M55～59	28
201	165	田所 義史	60	男	兵庫県	13:03:28	1:01:42	63	6:37:56	223	7:39:38	192	5:23:50	212	186		M60～64	12
202	242	原口 哲也	54	男	福岡県	13:03:40	1:04:57	103	6:04:42	124	7:09:39	119	5:54:01	241	187		M50～54	57
203	272	森重 伸之	53	男	愛知県	13:04:06	1:22:33	282	6:52:25	266	8:14:58	272	4:49:08	131	188		M50～54	58
204	154	高安 光晴	61	男	福岡県	13:04:13	1:21:42	272	6:19:13	171	7:40:55	195	5:23:18	209	189		M60～64	13
205	129	宮脇 満	66	男	愛知県	13:05:11	1:05:44	116	6:07:13	129	7:12:57	127	5:52:14	240	190		M65～69	5
206	507	石本 歩	57	女	長崎県	13:05:17	1:22:16	277	6:32:33	203	7:54:49	232	5:10:28	176		16	W55～59	2
207	374	石井 将文	48	男	広島県	13:05:34	1:07:01	127	6:37:56	224	7:44:57	206	5:20:37	198	191		M45～49	39
208	126	田前 正博	67	男	神奈川県	13:05:59	1:26:16	312	6:44:35	239	8:10:51	263	4:55:08	146	192		M65～69	6
209	353	穐山 智樹	49	男	奈良県	13:06:20	1:03:32	86	6:34:28	212	7:38:00	184	5:28:20	218	193		M45～49	40
210	281	行川 賢一郎	53	男	神奈川県	13:07:26	1:07:08	130	7:13:25	301	8:20:33	286	4:46:53	124	194		M50～54	59
211	212	赤瀬 一夫	56	男	東京都	13:07:38	1:09:16	142	6:21:42	178	7:30:58	164	5:36:40	228	195		M55～59	29
212	520	新倉 美代子	48	女	神奈川県	13:08:32	1:24:07	298	6:49:23	258	8:13:30	269	4:55:02	145		17	W45～49	2
213	142	村上 昌文	62	男	埼玉県	13:08:45	1:32:04	343	6:35:51	216	8:07:55	257	5:00:50	157	196		M60～64	14
214	291	大隅 健太郎	52	男	福岡県	13:09:20	1:08:15	140	5:40:09	60	6:48:24	58	6:20:56	247	197		M50～54	60
215	267	関 貴弘	53	男	神奈川県	13:09:31	1:23:16	289	6:23:00	182	7:46:16	209	5:23:15	208	198		M50～54	61
216	393	梶川 陽平	46	男	和歌山県	13:09:37	1:14:52	222	6:36:23	218	7:51:15	220	5:18:22	192	199		M45～49	41
217	177	河本 淳	59	男	埼玉県	13:09:41	1:24:00	294	6:54:11	273	8:18:11	280	4:51:30	139	200		M55～59	30
218	211	尾藤 航治	56	男	大阪府	13:10:11	1:10:13	160	7:04:27	288	8:14:40	271	4:55:31	147	201		M55～59	31
219	351	澤井 健司	49	男	東京都	13:11:55	1:11:59	184	7:11:07	298	8:23:06	289	4:48:49	130	202		M45～49	42
220	236	今林 義考	54	男	大阪府	13:13:09	1:04:48	102	6:11:43	146	7:16:31	132	5:56:38	244	203		M50～54	62
221	187	古閑 彰一	58	男	熊本県	13:13:21	1:19:46	252	7:08:33	295	8:28:19	297	4:45:02	118	204		M55～59	32
222	134	高田 剛	65	男	福岡県	13:13:44	1:15:22	228	6:48:08	253	8:03:30	249	5:10:14	175	205		M65～69	7
223	160	羽田野 潔	61	男	東京都	13:14:29	1:15:18	224	6:46:28	248	8:01:46	244	5:12:43	182	206		M60～64	15
224	379	永江 直	47	男	山口県	13:14:57	1:12:49	198	6:41:42	231	7:54:31	230	5:20:26	195	207		M45～49	43
225	512	鈴木 恵子	54	女	大阪府	13:16:26	1:05:58	119	6:48:48	255	7:54:46	231	5:21:40	203		18	W50～54	2
226	341	藤川 誠二	50	男	愛知県	13:16:41	1:11:31	176	6:58:51	281	8:10:22	262	5:06:19	169	208		M50～54	63
227	222	北村 辰男	55	男	千葉県	13:16:53	1:15:24	229	6:45:20	244	8:00:44	243	5:16:09	186	209		M55～59	33
228	171	吉田 修治	60	男	福岡県	13:17:51	1:09:38	151	6:47:30	251	7:57:08	236	5:20:43	199	210		M60～64	16
229	514	滝本 泉	53	女	千葉県	13:18:06	1:24:23	301	6:55:59	276	8:20:22	284	4:57:44	153		19	W50～54	3
230	224	石川 大介	55	男	福岡県	13:18:15	1:20:13	256	7:13:10	300	8:33:23	305	4:44:52	117	211		M55～59	34
231	400	池松 龍介	45	男	千葉県	13:18:46	0:57:18	35	6:51:37	264	7:48:55	215	5:29:51	221	212		M45～49	44
232	396	大野 英雄	45	男	千葉県	13:19:13	1:09:53	156	6:13:10	150	7:23:03	148	5:56:10	243	213		M45～49	45
233	418	後藤 将太	41	男	東京都	13:19:43	1:28:24	321	6:30:42	201	7:59:06	240	5:20:37	197	214		M40～44	12
234	228	野原 茂雄	55	男	長崎県	13:20:32	1:22:50	285	7:06:44	294	8:29:34	301	4:50:58	138	215		M55～59	35
235	161	鈴木 規之	61	男	愛知県	13:21:16	1:19:38	249	6:19:57	173	7:39:35	191	5:41:41	233	216		M60～64	17
236	411	近藤 正嗣	42	男	愛知県	13:21:23	1:03:36	88	6:14:37	154	7:18:13	134	6:03:10	246	217		M40～44	13
237	210	山本 拓郎	56	男	福岡県	13:21:36	1:14:49	220	6:26:46	190	7:41:35	197	5:40:01	230	218		M55～59	36
238	310	水谷 紀輔	52	男	愛知県	13:22:24	1:28:35	325	6:45:28	245	8:14:03	270	5:08:21	172	219		M50～54	64
239	526	洞田 和歌子	45	女	長野県	13:22:56	1:23:12	287	6:43:06	236	8:06:18	254	5:16:38	189		20	W45～49	3
240	508	井口 由美	56	女	兵庫県	13:23:51	1:32:55	344	6:56:08	277	8:29:03	299	4:54:48	143		21	W55～59	3
241	358	鈴木 亮市	49	男	愛知県	13:24:31	1:11:46	182	6:33:20	206	7:45:06	208	5:39:25	229	220		M45～49	46
242	183	高橋 博司	58	男	兵庫県	13:24:40	1:02:22	74	6:49:19	257	7:51:41	223	5:32:59	225	221		M55～59	37
243	413	福地 智	42	男	静岡県	13:25:08	1:21:11	267	6:29:21	196	7:50:32	218	5:34:36	226	222		M40～44	14
244	375	高津 直樹	47	男	北海道	13:26:39	1:18:38	247	6:18:28	170	7:37:06	179	5:49:33	239	223		M45～49	47
245	431	高橋 優太	36	男	岡山県	13:27:25	1:17:56	244	6:38:37	225	7:56:33	235	5:30:52	223	224		M35～39	11
246	338	安藤 辰	50	男	岡山県	13:27:25	1:16:52	238	6:47:37	252	8:04:29	251	5:22:56	204	225		M50～54	65
247	346	杉本 貴彦	50	男	大阪府	13:27:47	1:19:20	248	6:52:39	269	8:11:59	266	5:15:48	185	226		M50～54	66
SKIP	454	牟田 博貴	24	男	福岡県						8:12:19		5:17:46				M20～24	
SKIP	231	伊東 達次	55	男	福岡県						8:22:12						M55～59	
SKIP	152	松澤 隆	62	男	京都府												M60～64	
SKIP	530	田中 美咲	38	女	神奈川県												W35～39	
SKIP	534	川本 萌海	22	女	福岡県												W20～24	
DNF	106	瀬戸 勉	75	男	大阪府		1:14:50	221	7:01:33	286	8:16:23	277					M75～79	
DNF	107	若狹 壽	74	男	大阪府		1:19:53	253	6:36:20	217	7:56:13	233					M70～74	
DNF	111	藤本 基治	70	男	熊本県		1:07:22	132	6:45:14	243	7:52:36	226					M70～74	
DNF	112	木俣 守勝	70	男	京都府		1:03:54	93	6:30:56	202	7:34:50	176					M70～74	
DNF	114	青木 充雄	70	男	大分県		1:12:47	196	7:05:16	291	8:18:03	278					M70～74	
DNF	116	西原 学	69	男	岡山県		1:01:51	66	6:39:13	227	7:41:04	196					M65～69	
DNF	117	川本 晴彦	69	男	京都府		1:20:26	257	6:46:36	250	8:07:02	256					M65～69	
DNF	120	福井 啓二	68	男	愛媛県		1:09:27	147	6:54:33	274	8:04:00	250					M65～69	
DNF	122	齋藤 徹	68	男	東京都		1:15:44	232	6:44:19	237	8:00:03	242					M65～69	
DNF	125	片岡 宏介	67	男	福岡県		1:10:50	167	6:39:22	228	7:50:12	217					M65～69	
DNF	127	高橋 伸年	67	男	大阪府		1:16:02	234	7:21:42	306	8:37:44	306					M65～69	
DNF	145	岡田 功	62	男	大阪府		1:14:35	216	6:57:32	280	8:12:07	267					M60～64	
DNF	151	萩原 登志夫	62	男	兵庫県		1:14:44	218	6:51:29	263	8:06:13	253					M60～64	
DNF	157	堀田 浩	61	男	愛媛県		1:01:56	68	6:30:02	199	7:31:58	166					M60～64	
DNF	158	三原 寛司	61	男	東京都		1:24:02	295	6:56:10	278	8:20:12	283					M60～64	
DNF	164	堀越 淳	60	男	広島県		1:15:19	226	7:12:53	299	8:28:12	296					M60～64	
DNF	170	廣瀬 永雅	60	男	京都府		1:31:35	341	6:39:52	229	8:11:27	264					M60～64	
DNF	182	原田 真宏	58	男	東京都		1:07:47	137	6:55:41	275	8:03:28	248					M55～59	
DNF	185	堀内 章広	58	男	東京都		1:21:10	266	6:17:23	163	7:38:33	187					M55～59	
DNF	186	若林 夏樹	58	男	埼玉県		1:21:21	270	6:28:38	195	7:49:59	216					M55～59	
DNF	195	斉藤 浩一	58	男	神奈川県		1:17:11	240	6:22:57	181	7:40:08	193					M55～59	
DNF	197	山口 拓志	57	男	神奈川県		1:36:06	348	6:45:12	242	8:21:18	288					M55～59	
DNF	205	中井 俊光	57	男	大阪府		1:02:09	72	5:56:16	106	6:58:25	92					M55～59	
DNF	217	吉野 信一	56	男	長崎県		1:25:29	310	7:04:33	289	8:30:02	302					M55～59	
DNF	230	畠中 洋史	55	男	愛知県		1:24:29	304	6:37:32	222	8:02:01	245					M55～59	
DNF	235	柳迫 寿男	55	男	大阪府		1:03:34	87	6:11:10	145	7:14:44	129					M55～59	
DNF	240	加藤 洋介	54	男	東京都		1:13:59	208	7:15:21	302	8:29:20	300					M50～54	
DNF	255	阿草 太郎	54	男	愛知県		1:20:46	262	7:10:39	297	8:31:25	304					M50～54	
DNF	261	苅部 泰輝	54	男	宮城県		1:19:44	251	6:52:34	268	8:12:18	268					M50～54	
DNF	268	五貫 裕明	53	男	福岡県		1:13:39	204	6:10:56	142	7:24:35	152					M50～54	
DNF	271	森山 正治	53	男	愛知県		1:29:36	333	6:59:16	282	8:28:52	298					M50～54	
DNF	273	野澤 健男	53	男	神奈川県		1:14:48	219	7:05:10	290	8:19:58	282					M50～54	
DNF	277	料治 武彦	53	男	神奈川県		1:13:33	203	6:48:39	254	8:02:12	246					M50～54	
DNF	279	山崎 勇治	53	男	京都府		1:12:38	192	7:05:27	292	8:18:05	279					M50～54	
DNF	287	田口 光	53	男	愛知県		1:27:25	315	6:42:03	234	8:09:28	260					M50～54	
DNF	288	中野 暢也	53	男	兵庫県		1:16:56	239	6:40:42	230	7:57:38	237					M50～54	
DNF	292	入江 誠	52	男	岡山県		1:12:11	186	6:16:50	160	7:29:01	161					M50～54	
DNF	298	松橋 亨	52	男	静岡県		1:22:43	284	6:45:42	246	8:08:25	259					M50～54	
DNF	303	田村 亘	52	男	神奈川県		1:08:03	139	7:15:51	303	8:23:54	290					M50～54	
DNF	305	日高 正信	52	男	神奈川県		1:24:27	303	7:01:19	284	8:25:46	294					M50～54	
DNF	313	大島 淳	51	男	東京都		1:16:10	235	6:53:48	270	8:09:58	261					M50～54	
DNF	318	岡田 晃輔	51	男	大阪府		1:28:40	326	6:52:03	265	8:20:43	287					M50～54	
DNF	331	岡安 類	50	男	奈良県		0:57:08	32	5:25:50	31	6:22:58	28					M50～54	
DNF	332	梶田 勝史	50	男	静岡県		1:22:20	279	6:26:07	188	7:48:27	214					M50～54	
DNF	339	長谷 幸敏	50	男	三重県		1:17:43	243	6:53:55	272	8:11:38	265					M50～54	
DNF	349	山田 亨	49	男	千葉県		0:52:26	12	6:49:59	259	7:42:25	200					M45～49	
DNF	355	中里 正茂	49	男	長崎県		1:24:14	299	6:28:25	194	7:52:39	227					M45～49	
DNF	370	石川 哲	48	男	奈良県		1:06:31	123	7:20:55	305	8:27:26	295					M45～49	
DNF	405	吉本 康匡	43	男	大阪府		1:11:34	178	6:41:46	233	7:53:20	229					M40～44	
DNF	407	柴田 隆司	43	男	神奈川県		1:28:27	323	6:56:43	279	8:25:10	292					M40～44	
DNF	409	壽賀 公彦	42	男	広島県		1:12:19	188	6:21:30	177	7:33:49	174					M40～44	
DNF	435	藤井 聖哉	35	男	愛知県		1:22:00	273	7:09:10	296	8:31:10	303					M35～39	
DNF	447	石田 涼	30	男	大阪府		0:46:50	5	4:37:18	2	5:24:08	2					M30～34	
DNF	503	今倉 茂尾	62	女	大阪府		1:20:42	260	7:04:00	287	8:24:42	291					W60～64	
DNF	504	小畑 雅代	60	女	熊本県		1:24:44	305	6:50:38	260	8:15:22	273					W60～64	
DNF	506	峰 真由美	58	女	長崎県		1:24:26	302	7:01:19	285	8:25:45	293					W55～59	
DNF	515	曽祢 陽子	51	女	愛媛県		1:07:25	133	6:14:59	156	7:22:24	147					W50～54	
DNF	521	森川 さつき	48	女	熊本県		1:03:50	92	6:20:58	175	7:24:48	153					W45～49	
DNF	525	横道 愛	45	女	長崎県		1:02:58	78	7:15:58	304	8:18:56	281					W45～49	
DNF	101	中川 隆二	81	男	兵庫県		1:29:10	329									M80～84	
DNF	102	白桃 繁行	77	男	大阪府		1:25:22	309									M75～79	
DNF	103	岩田 孝	77	男	埼玉県		1:22:28	281									M75～79	
DNF	104	児島 哲二	76	男	熊本県		1:11:32	177									M75～79	
DNF	105	井元 健一	76	男	滋賀県		1:28:40	327									M75～79	
DNF	109	森 盛幸	73	男	静岡県		1:28:04	318									M70～74	
DNF	113	新島 直之	70	男	神奈川県		1:23:52	293									M70～74	
DNF	115	作長 悦也	70	男	宮崎県		1:14:19	213									M70～74	
DNF	118	辻 明	69	男	長崎県		1:20:43	261									M65～69	
DNF	119	村上 功	68	男	東京都		1:09:42	153									M65～69	
DNF	130	米岡 茂幸	66	男	千葉県		1:22:23	280									M65～69	
DNF	135	出原 真路	64	男	愛知県		1:12:56	201									M60～64	
DNF	137	田村 浩志	63	男	東京都		1:28:27	322									M60～64	
DNF	138	犬塚 一彦	63	男	愛知県		1:31:25	339									M60～64	
DNF	146	小渕 嗣郎	62	男	長崎県		1:24:49	306									M60～64	
DNF	159	松田 良夫	61	男	山形県		1:28:22	320									M60～64	
DNF	163	田中 慶	61	男	神奈川県		1:19:55	254									M60～64	
DNF	167	武市 秀樹	60	男	大阪府		1:35:10	347									M60～64	
DNF	168	今泉 喜樹	60	男	佐賀県		1:01:13	61									M60～64	
DNF	169	尾崎 善一郎	60	男	佐賀県		1:20:55	264									M60～64	
DNF	206	山下 英幸	57	男	兵庫県		1:11:59	185									M55～59	
DNF	208	林 徹	56	男	神奈川県		1:09:44	154									M55～59	
DNF	214	岩崎 智一	56	男	愛知県		1:15:46	233									M55～59	
DNF	233	竹内 智則	55	男	東京都		1:22:34	283									M55～59	
DNF	245	柳町 年輝	54	男	神奈川県		1:15:28	230									M50～54	
DNF	248	新見 和彦	54	男	兵庫県		1:22:17	278									M50～54	
DNF	250	笠原 賢一	54	男	長野県		1:27:15	314									M50～54	
DNF	258	平野 亘介	54	男	神奈川県		1:12:14	187									M50～54	
DNF	259	柳田 智彦	54	男	神奈川県		1:18:04	245									M50～54	
DNF	300	福田 成洋	52	男	佐賀県		1:20:36	259									M50～54	
DNF	307	芹田 章博	52	男	福岡県		1:31:30	340									M50～54	
DNF	323	一瀬 昭寛	51	男	長崎県		1:24:18	300									M50～54	
DNF	328	和久井 章人	50	男	福岡県		1:29:39	334									M50～54	
DNF	344	野中 秋世	50	男	東京都		1:24:07	297									M50～54	
DNF	357	美和 太郎	49	男	滋賀県		1:30:53	338									M45～49	
DNF	368	大崎 和彦	48	男	愛知県		1:28:16	319									M45～49	
DNF	420	小戸 学	40	男	大阪府		1:34:05	345									M40～44	
DNF	425	平田 恭一	39	男	福岡県		1:26:47	313									M35～39	
DNF	501	福田 百合子	74	女	熊本県		1:26:13	311									W70～74	
DNF	502	片田 知子	65	女	神奈川県		1:15:22	227									W65～69	
DNF	516	岡安 多鶴	50	女	奈良県		1:40:03	349									W50～54	
DNF	523	北井 綾子	47	女	兵庫県		1:23:30	291									W45～49	
DNF	528	料治 香里	43	女	神奈川県		1:22:13	276									W40～44	
DNF	108	村上 隆	74	男	北海道												M70～74	
DNF	121	青木 信男	68	男	福岡県												M65～69	
DNF	123	平田 宏之	67	男	長崎県												M65～69	
DNF	174	川手 雅之	60	男	東京都												M60～64	
DNF	175	山本 隆久	60	男	東京都												M60～64	
DNF	179	菅 祐治	59	男	神奈川県												M55～59	
DNF	198	山本 崇人	57	男	神奈川県												M55～59	
DNF	199	結束 淳一	57	男	千葉県												M55～59	
DNF	201	伊藤 康行	57	男	熊本県												M55～59	
DNF	216	藤田 雅人	56	男	神奈川県												M55～59	
DNF	280	大江 歩	53	男	東京都												M50～54	
DNS	131	柴田 浩明	66	男	神奈川県												M65～69	
DNS	144	小田 稔	62	男	千葉県												M60～64	
DNS	147	滝澤 結	62	男	群馬県												M60～64	
DNS	149	古賀 敏朗	62	男	長崎県												M60～64	
DNS	150	原田 博幸	62	男	東京都												M60～64	
DNS	162	水原 利朗	61	男	東京都												M60～64	
DNS	173	バイサウス リチャード	60	男	神奈川県												M60～64	
DNS	193	大蔵 克裕	58	男	福岡県												M55～59	
DNS	215	岡本 直記	56	男	神奈川県												M55～59	
DNS	220	長村 直樹	56	男	広島県												M55～59	
DNS	237	中嶋 淳	54	男	福岡県												M50～54	
DNS	247	田中 寛二	54	男	佐賀県												M50～54	
DNS	262	高田 泰祥	54	男	広島県												M50～54	
DNS	270	青木 智宏	53	男	鳥取県												M50～54	
DNS	275	川原 英揮	53	男	愛知県												M50～54	
DNS	284	堀田 卓朗	53	男	長崎県												M50～54	
DNS	286	篠原 卓時	53	男	岡山県												M50～54	
DNS	289	村上 忠弘	53	男	愛知県												M50～54	
DNS	295	佐藤 和昭	52	男	東京都												M50～54	
DNS	319	縄手 利彦	51	男	佐賀県												M50～54	
DNS	334	原田 直和	50	男	東京都												M50～54	
DNS	342	汐口 慶	50	男	長崎県												M50～54	
DNS	343	笹谷 武	50	男	愛知県												M50～54	
DNS	367	高嶋 宏明	48	男	埼玉県												M45～49	
DNS	383	松本 洋和	46	男	鹿児島県												M45～49	
DNS	415	松本 大樹	41	男	愛知県												M40～44	
DNS	419	高鍋 諭史	41	男	熊本県												M40～44	
DNS	423	中村 健太	39	男	長崎県												M35～39	
DNS	441	山内 晴貴	33	男	佐賀県												M30～34	
DNS	448	久山 司	29	男	大阪府												M25～29	
DNS	462	中原 諒二	21	男	長崎県												M20～24	
DNS	510	長村 絵里子	54	女	広島県											