総合順位	No.	氏名	年齢	性別	総合記録	ｽｲﾑﾗｯﾌﾟ	Ｓ順	ﾊﾞｲｸﾗｯﾌﾟ	Ｂ順	ﾗﾝﾗｯﾌﾟ	Ｒ順	男子順位	女子順位	区分	区分順位
1	2237	妹尾 元気	36	男	1:00:39	0:09:09	1	0:31:32	7	0:19:58	15	1		男子30歳代	1
2	2218	五十川 陸斗	32	男	1:01:08	0:09:41	4	0:30:52	3	0:20:35	29	2		男子30歳代	2
3	2211	河合 祥揮	31	男	1:01:44	0:10:38	15	0:32:42	21	0:18:24	1	3		男子30歳代	3
4	2205	高野 真志	30	男	1:02:08	0:09:55	5	0:33:28	41	0:18:45	2	4		男子30歳代	4
5	2101	高橋 冬伊	20	男	1:02:35	0:09:41	3	0:33:15	33	0:19:39	10	5		男子20歳代	1
6	2225	南出 充彦	33	男	1:02:41	0:10:26	10	0:30:50	2	0:21:25	44	6		男子30歳代	5
7	2233	高原 翼	35	男	1:02:58	0:10:37	14	0:33:28	43	0:18:53	3	7		男子30歳代	6
8	2358	藤川 大輔	47	男	1:03:29	0:12:38	84	0:30:41	1	0:20:10	21	8		男子40歳代	1
9	2439	中野 正紀	53	男	1:03:45	0:12:04	60	0:31:26	5	0:20:15	22	9		男子50歳代	1
10	2210	野々田 智大	31	男	1:03:47	0:10:46	19	0:32:40	20	0:20:21	23	10		男子30歳代	7
11	2243	山崎 朗	38	男	1:03:52	0:10:39	17	0:33:39	49	0:19:34	8	11		男子30歳代	8
12	2252	奥平 竜司	38	男	1:03:53	0:09:14	2	0:31:50	11	0:22:49	78	12		男子30歳代	9
13	2320	大野 雄一朗	42	男	1:03:55	0:10:47	20	0:32:23	16	0:20:45	31	13		男子40歳代	2
14	2411	山口 俊輔	50	男	1:04:10	0:11:50	54	0:32:28	18	0:19:52	12	14		男子50歳代	2
15	2356	星谷 雄太	47	男	1:04:22	0:10:52	21	0:32:39	19	0:20:51	32	15		男子40歳代	3
16	3110	木村 綾愛	29	女	1:04:22	0:10:18	9	0:33:55	55	0:20:09	20		1	女子20歳代	1
17	2203	内田 郁弥	30	男	1:04:49	0:10:53	23	0:32:10	14	0:21:46	54	16		男子30歳代	10
18	2471	齋藤 修	56	男	1:05:03	0:12:44	93	0:31:18	4	0:21:01	33	17		男子50歳代	3
19	2208	小林 樹	30	男	1:05:08	0:10:14	8	0:33:01	28	0:21:53	57	18		男子30歳代	11
20	2126	齋藤 陽之助	26	男	1:05:19	0:11:31	39	0:33:25	39	0:20:23	24	19		男子20歳代	2
21	2136	野本 将平	27	男	1:05:19	0:11:04	27	0:33:01	27	0:21:14	37	20		男子20歳代	3
22	2244	深澤 匡行	38	男	1:05:28	0:12:16	68	0:33:40	51	0:19:32	7	21		男子30歳代	12
23	2520	生井 和平	54	男	1:05:29	0:11:43	46	0:31:30	6	0:22:16	64	22		男子50歳代	4
24	2344	石川 智也	46	男	1:05:35	0:11:28	37	0:32:48	24	0:21:19	41	23		男子40歳代	4
25	2155	竹永 怜生	23	男	1:05:43	0:12:08	62	0:34:41	72	0:18:54	4	24		男子20歳代	4
26	2443	山元 正樹	54	男	1:05:49	0:11:32	40	0:31:36	8	0:22:41	76	25		男子50歳代	5
27	2416	黒柳 勝	51	男	1:05:52	0:10:44	18	0:32:08	13	0:23:00	82	26		男子50歳代	6
28	2265	小泉 亘	39	男	1:06:00	0:11:49	52	0:32:16	15	0:21:55	58	27		男子30歳代	13
29	2207	高橋 颯太朗	30	男	1:06:05	0:11:57	58	0:32:49	25	0:21:19	40	28		男子30歳代	14
30	2212	木村 大介	31	男	1:06:12	0:13:07	116	0:33:11	29	0:19:54	13	29		男子30歳代	15
31	2500	藤本 徳正	58	男	1:06:45	0:11:45	49	0:33:20	35	0:21:40	51	30		男子50歳代	7
32	2448	山本 英永	54	男	1:06:49	0:11:22	34	0:33:17	34	0:22:10	63	31		男子50歳代	8
33	2378	大谷 将史	44	男	1:06:54	0:12:43	90	0:34:40	70	0:19:31	6	32		男子40歳代	5
34	2006	鈴木 徹志	18	男	1:07:04	0:12:50	98	0:34:08	57	0:20:06	18	33		男子19歳以下	1
35	2376	小澤 拓実	40	男	1:07:08	0:12:57	106	0:33:39	50	0:20:32	28	34		男子40歳代	6
36	2452	平山 順一	54	男	1:07:12	0:12:16	69	0:33:36	47	0:21:20	42	35		男子50歳代	9
37	2514	石井 智明	50	男	1:07:17	0:12:22	76	0:33:22	36	0:21:33	49	36		男子50歳代	10
38	2415	原田 剛	51	男	1:07:18	0:13:13	121	0:31:39	9	0:22:26	70	37		男子50歳代	11
39	2119	亀山 一輝	26	男	1:07:18	0:10:10	6	0:35:51	98	0:21:17	39	38		男子20歳代	5
40	2106	吉川 諒	22	男	1:07:24	0:13:53	146	0:33:23	38	0:20:08	19	39		男子20歳代	6
41	2223	福田 勇希	32	男	1:07:34	0:11:06	28	0:34:35	68	0:21:53	56	40		男子30歳代	16
42	2259	髙木 太希	30	男	1:07:39	0:13:41	140	0:33:13	32	0:20:45	30	41		男子30歳代	17
43	2253	仲田 弘明	39	男	1:07:39	0:10:27	11	0:34:19	59	0:22:53	80	42		男子30歳代	18
44	2328	碓井 智寛	43	男	1:07:46	0:11:25	35	0:34:51	76	0:21:30	47	43		男子40歳代	7
45	2228	西村 知也	34	男	1:07:50	0:15:18	226	0:32:58	26	0:19:34	9	44		男子30歳代	19
46	2008	中道 誠人	19	男	1:08:17	0:12:51	100	0:36:25	116	0:19:01	5	45		男子19歳以下	2
47	2467	正木 英二	55	男	1:08:20	0:11:19	33	0:35:25	88	0:21:36	50	46		男子50歳代	12
48	2349	中嶋 出	46	男	1:08:27	0:13:32	134	0:35:00	80	0:19:55	14	47		男子40歳代	8
49	2242	牧野 一成	37	男	1:08:38	0:14:18	171	0:33:13	31	0:21:07	35	48		男子30歳代	20
50	2308	西上 昌樹	41	男	1:08:38	0:12:35	82	0:36:17	110	0:19:46	11	49		男子40歳代	9
51	3415	石井 恵	50	女	1:08:45	0:12:22	75	0:36:21	114	0:20:02	16		2	女子50歳代	1
52	2446	羽場 茂	54	男	1:09:04	0:13:12	120	0:33:42	52	0:22:10	62	50		男子50歳代	13
53	2419	東 剛志	51	男	1:09:11	0:11:54	56	0:34:53	78	0:22:24	67	51		男子50歳代	14
54	2611	丹野 憲仁	61	男	1:09:24	0:13:20	125	0:33:37	48	0:22:27	71	52		男子60歳代	1
55	2418	吉原 充	51	男	1:09:27	0:13:01	111	0:33:30	45	0:22:56	81	53		男子50歳代	15
56	2377	三品 喬弘	42	男	1:09:32	0:12:13	66	0:32:28	17	0:24:51	137	54		男子40歳代	10
57	2325	布施 康史	43	男	1:09:43	0:10:52	22	0:38:19	187	0:20:32	27	55		男子40歳代	11
58	2456	加茂前 佳男	54	男	1:09:46	0:10:12	7	0:33:29	44	0:26:05	178	56		男子50歳代	16
59	2405	及川 浩次郎	50	男	1:09:53	0:14:01	152	0:34:36	69	0:21:16	38	57		男子50歳代	17
60	2159	長島 翔太	25	男	1:09:53	0:11:46	51	0:36:36	122	0:21:31	48	58		男子20歳代	7
61	2258	白石 亘	30	男	1:09:57	0:11:13	31	0:36:20	111	0:22:24	66	59		男子30歳代	21
62	2364	猪口 琢哉	48	男	1:09:57	0:11:17	32	0:34:47	75	0:23:53	103	60		男子40歳代	12
63	2426	海瀬 隆太郎	52	男	1:10:01	0:11:44	48	0:34:21	62	0:23:56	104	61		男子50歳代	18
64	2334	野田 農	45	男	1:10:02	0:13:51	143	0:32:43	22	0:23:28	94	62		男子40歳代	13
65	2154	茂山 友樹	29	男	1:10:06	0:12:20	73	0:34:41	71	0:23:05	84	63		男子20歳代	8
66	2003	岩田 新市	17	男	1:10:09	0:11:00	25	0:36:44	126	0:22:25	68	64		男子19歳以下	3
67	2460	山崎 浩康	55	男	1:10:22	0:12:44	92	0:33:51	54	0:23:47	99	65		男子50歳代	19
68	2340	藁谷 卓也	46	男	1:10:41	0:12:09	64	0:36:35	121	0:21:57	59	66		男子40歳代	14
69	2424	河田 哲	51	男	1:10:48	0:13:34	135	0:32:47	23	0:24:27	119	67		男子50歳代	20
70	2127	岡 亮輔	26	男	1:10:50	0:14:09	157	0:34:58	79	0:21:43	52	68		男子20歳代	9
71	2146	林原 聡太郎	29	男	1:10:56	0:17:25	328	0:31:45	10	0:21:46	53	69		男子20歳代	10
72	2646	柘植 孝之	66	男	1:11:02	0:13:24	128	0:34:24	64	0:23:14	87	70		男子60歳代	2
73	2001	風間 結犀	16	男	1:11:07	0:14:36	193	0:36:01	101	0:20:30	25	71		男子19歳以下	4
74	2413	田代 賢二郎	50	男	1:11:09	0:13:10	117	0:34:08	56	0:23:51	101	72		男子50歳代	21
75	2355	内海 貴之	47	男	1:11:31	0:13:04	114	0:35:09	83	0:23:18	89	73		男子40歳代	15
76	2640	阿部 功	65	男	1:11:44	0:12:44	91	0:34:17	58	0:24:43	130	74		男子60歳代	3
77	3205	鶴岡 彩	33	女	1:11:49	0:14:36	192	0:33:49	53	0:23:24	91		3	女子30歳代	1
78	2231	岡田 一宏	34	男	1:12:02	0:14:17	169	0:35:42	92	0:22:03	60	75		男子30歳代	22
79	2249	中村 明寛	38	男	1:12:04	0:12:45	94	0:37:53	174	0:21:26	46	76		男子30歳代	23
80	2498	水谷 陽	58	男	1:12:06	0:11:41	45	0:36:12	108	0:24:13	111	77		男子50歳代	22
81	2487	高橋 玄	57	男	1:12:07	0:12:15	67	0:35:16	85	0:24:36	126	78		男子50歳代	23
82	2140	村枝 雅史	28	男	1:12:15	0:11:40	44	0:35:55	100	0:24:40	129	79		男子20歳代	11
83	2141	藤田 侑己	28	男	1:12:17	0:13:36	136	0:36:35	119	0:22:06	61	80		男子20歳代	12
84	2482	伊藤 泰寿	56	男	1:12:18	0:12:09	63	0:35:45	94	0:24:24	118	81		男子50歳代	24
85	2362	亀山 崇	48	男	1:12:25	0:11:52	55	0:35:36	90	0:24:57	141	82		男子40歳代	16
86	3209	堀 夏子	39	女	1:12:27	0:11:03	26	0:38:58	218	0:22:26	69		4	女子30歳代	2
87	2315	椎葉 洋	42	男	1:12:46	0:12:58	107	0:34:22	63	0:25:26	156	83		男子40歳代	17
88	2614	大坪 隆	62	男	1:12:51	0:11:55	57	0:36:12	109	0:24:44	131	84		男子60歳代	4
89	2427	中丸 隆一郎	52	男	1:12:51	0:14:15	164	0:33:31	46	0:25:05	146	85		男子50歳代	25
90	3401	岩原 恵理香	51	女	1:12:51	0:13:31	133	0:36:48	130	0:22:32	73		5	女子50歳代	2
91	2241	石山 亮	36	男	1:12:55	0:11:43	47	0:36:56	133	0:24:16	112	86		男子30歳代	24
92	2447	藤村 幸彦	54	男	1:12:56	0:13:05	115	0:34:19	61	0:25:32	158	87		男子50歳代	26
93	3315	金澤 理恵	48	女	1:12:58	0:12:17	70	0:34:24	65	0:26:17	187		6	女子40歳代	1
94	2434	堀部 弘之	53	男	1:13:17	0:12:43	89	0:36:54	132	0:23:40	97	88		男子50歳代	27
95	3410	野上 陽子	56	女	1:13:19	0:11:49	53	0:38:47	210	0:22:43	77		7	女子50歳代	3
96	2309	鈴木 広志	41	男	1:13:21	0:13:11	119	0:35:21	87	0:24:49	133	89		男子40歳代	18
97	3104	藤田 光	23	女	1:13:22	0:11:34	41	0:36:08	106	0:25:40	162		8	女子20歳代	2
98	2481	柏原 繁	56	男	1:13:38	0:15:23	231	0:35:35	89	0:22:40	75	90		男子50歳代	28
99	2255	鹿谷 悠一郎	39	男	1:13:43	0:13:29	131	0:36:32	118	0:23:42	98	91		男子30歳代	25
100	2329	岩田 淳	43	男	1:13:46	0:12:56	105	0:36:45	127	0:24:05	107	92		男子40歳代	19
101	2245	小倉 敏裕	38	男	1:13:54	0:15:00	207	0:34:30	66	0:24:24	117	93		男子30歳代	26
102	2304	加田 謙一	40	男	1:13:57	0:12:31	79	0:36:23	115	0:25:03	144	94		男子40歳代	20
103	2262	田井 浩気	34	男	1:13:59	0:17:06	312	0:36:48	129	0:20:05	17	95		男子30歳代	27
104	2370	伊田 順治	49	男	1:14:00	0:14:27	181	0:34:47	74	0:24:46	132	96		男子40歳代	21
105	2524	徳光 芳文	57	男	1:14:07	0:13:24	129	0:36:20	113	0:24:23	116	97		男子50歳代	29
106	2632	鈴木 基則	63	男	1:14:08	0:12:50	97	0:35:13	84	0:26:05	177	98		男子60歳代	5
107	2335	渡邉 祥平	45	男	1:14:08	0:12:20	74	0:36:01	102	0:25:47	168	99		男子40歳代	22
108	2160	宇部 智喜	25	男	1:14:10	0:14:14	162	0:39:25	240	0:20:31	26	100		男子20歳代	13
109	2496	三浦 裕	58	男	1:14:11	0:11:45	50	0:37:28	161	0:24:58	142	101		男子50歳代	30
110	2229	鈴木 達朗	34	男	1:14:11	0:14:10	158	0:36:35	120	0:23:26	93	102		男子30歳代	28
111	2425	岡本 篤志	51	男	1:14:15	0:10:37	13	0:37:24	158	0:26:14	186	103		男子50歳代	31
112	2339	竹中 収	45	男	1:14:21	0:15:23	230	0:36:41	125	0:22:17	65	104		男子40歳代	23
113	2357	和賀 祐一	47	男	1:14:28	0:15:07	216	0:35:04	81	0:24:17	113	105		男子40歳代	24
114	2470	中野 浩	56	男	1:14:38	0:13:17	122	0:36:50	131	0:24:31	122	106		男子50歳代	32
115	3317	波多野 幸子	49	女	1:14:47	0:12:53	101	0:35:46	96	0:26:08	180		9	女子40歳代	2
116	2124	内田 祐次郎	26	男	1:14:48	0:14:46	197	0:37:25	159	0:22:37	74	107		男子20歳代	14
117	2459	加峰 裕昭	55	男	1:14:52	0:12:19	72	0:37:36	165	0:24:57	140	108		男子50歳代	33
118	2132	天野 康平	27	男	1:14:54	0:16:28	286	0:37:06	137	0:21:20	43	109		男子20歳代	15
119	3310	亀山 智美	46	女	1:14:57	0:11:40	43	0:37:10	141	0:26:07	179		10	女子40歳代	3
120	2213	守田 亮介	31	男	1:15:01	0:14:18	172	0:37:21	154	0:23:22	90	110		男子30歳代	29
121	2113	大野 弘泰	24	男	1:15:07	0:13:25	130	0:36:08	105	0:25:34	159	111		男子20歳代	16
122	2518	内山 和夫	53	男	1:15:10	0:12:59	108	0:34:19	60	0:27:52	250	112		男子50歳代	34
123	2005	片桐 正翔	18	男	1:15:15	0:12:39	86	0:39:31	244	0:23:05	83	113		男子19歳以下	5
124	2107	成本 雄紀	22	男	1:15:22	0:12:10	65	0:38:21	188	0:24:51	135	114		男子20歳代	17
125	2336	三須 隆之	45	男	1:15:22	0:14:13	160	0:36:58	134	0:24:11	110	115		男子40歳代	25
126	2007	小倉 聖	18	男	1:15:23	0:14:16	166	0:35:45	93	0:25:22	152	116		男子19歳以下	6
127	2134	木村 和都	27	男	1:15:24	0:12:04	61	0:39:18	236	0:24:02	106	117		男子20歳代	18
128	2474	小笠原 治	56	男	1:15:27	0:15:46	253	0:34:51	77	0:24:50	134	118		男子50歳代	35
129	2479	影山 健二	56	男	1:15:29	0:12:45	95	0:38:13	184	0:24:31	123	119		男子50歳代	36
130	2156	松嶋 奏翔	24	男	1:15:34	0:14:00	150	0:33:23	37	0:28:11	258	120		男子20歳代	19
131	2493	赤瀬 一夫	57	男	1:15:56	0:14:17	170	0:33:28	42	0:28:11	257	121		男子50歳代	37
132	2133	井野 寛基	27	男	1:16:13	0:10:39	16	0:39:01	221	0:26:33	196	122		男子20歳代	20
133	2656	小森谷 功	63	男	1:16:21	0:12:54	102	0:36:09	107	0:27:18	228	123		男子60歳代	6
134	3502	森 悦子	63	女	1:16:22	0:14:24	176	0:37:07	138	0:24:51	136		11	女子60歳代	1
135	2403	小谷 順	50	男	1:16:29	0:15:18	228	0:37:11	144	0:24:00	105	124		男子50歳代	38
136	2368	河合 鉄平	48	男	1:16:41	0:13:20	124	0:37:09	139	0:26:12	184	125		男子40歳代	26
137	2641	北山 毅	65	男	1:16:42	0:14:22	175	0:36:45	128	0:25:35	160	126		男子60歳代	7
138	2256	大内 雄介	39	男	1:16:48	0:15:41	246	0:40:02	258	0:21:05	34	127		男子30歳代	30
139	2480	信田 篤志	56	男	1:16:51	0:15:28	234	0:36:06	104	0:25:17	150	128		男子50歳代	39
140	2613	芝地 克彰	61	男	1:16:54	0:15:29	236	0:36:05	103	0:25:20	151	129		男子60歳代	8
141	3001	影山 ゆあ	18	女	1:17:00	0:10:35	12	0:41:17	294	0:25:08	148		12	女子19歳以下	1
142	2712	平川 政治	74	男	1:17:04	0:13:42	141	0:35:54	99	0:27:28	233	130		男子70歳代	1
143	3416	脇 真由美	56	女	1:17:07	0:11:26	36	0:38:58	219	0:26:43	200		13	女子50歳代	4
144	2510	高木 裕二	59	男	1:17:07	0:13:58	148	0:34:46	73	0:28:23	263	131		男子50歳代	40
145	2128	高木 士門	27	男	1:17:36	0:13:53	145	0:37:46	170	0:25:57	171	132		男子20歳代	21
146	2504	三井 昌彦	59	男	1:17:36	0:14:20	173	0:39:10	228	0:24:06	108	133		男子50歳代	41
147	2501	佐々木 祥	58	男	1:17:36	0:14:01	151	0:38:31	197	0:25:04	145	134		男子50歳代	42
148	2260	山田 郷	31	男	1:17:37	0:13:21	126	0:38:51	213	0:25:25	154	135		男子30歳代	31
149	2004	岡部 慶	17	男	1:17:38	0:14:04	153	0:41:42	308	0:21:52	55	136		男子19歳以下	7
150	2444	伊藤 直紀	54	男	1:17:40	0:13:01	109	0:38:09	181	0:26:30	194	137		男子50歳代	43
151	2458	戸塚 英邦	55	男	1:17:45	0:14:25	178	0:36:26	117	0:26:54	207	138		男子50歳代	44
152	2437	田中 康晴	53	男	1:17:47	0:14:27	182	0:36:36	123	0:26:44	202	139		男子50歳代	45
153	2121	山室 柊太	26	男	1:17:48	0:16:45	299	0:37:57	176	0:23:06	85	140		男子20歳代	22
154	2604	綱川 佳邦	60	男	1:17:58	0:14:51	201	0:37:30	162	0:25:37	161	141		男子60歳代	9
155	3319	中村 香織	46	女	1:18:00	0:12:01	59	0:38:43	206	0:27:16	227		14	女子40歳代	4
156	2627	篠江 洋人	62	男	1:18:12	0:14:14	163	0:38:17	186	0:25:41	165	142		男子60歳代	10
157	2436	阿部 忠順	53	男	1:18:12	0:14:12	159	0:33:27	40	0:30:33	310	143		男子50歳代	46
158	2239	守安 純平	36	男	1:18:13	0:14:57	203	0:37:19	152	0:25:57	172	144		男子30歳代	32
159	2454	三輪 博一	54	男	1:18:21	0:16:21	278	0:33:12	30	0:28:48	274	145		男子50歳代	47
160	2408	池田 裕一	50	男	1:18:21	0:19:12	383	0:35:18	86	0:23:51	102	146		男子50歳代	48
161	3105	吉田 有里彩	25	女	1:18:28	0:13:48	142	0:41:14	290	0:23:26	92		15	女子20歳代	3
162	3108	松本 和海	26	女	1:18:32	0:11:09	29	0:40:48	280	0:26:35	197		16	女子20歳代	4
163	2151	池田 優希	29	男	1:18:33	0:18:08	353	0:38:59	220	0:21:26	45	147		男子20歳代	23
164	2633	人見 克哉	63	男	1:18:34	0:14:35	191	0:37:35	164	0:26:24	190	148		男子60歳代	11
165	2232	神野 渉	35	男	1:18:35	0:14:45	195	0:37:11	143	0:26:39	199	149		男子30歳代	33
166	2517	神志那 正明	52	男	1:18:38	0:16:03	265	0:39:02	222	0:23:33	96	150		男子50歳代	49
167	2516	染谷 要一	51	男	1:18:42	0:13:30	132	0:37:50	173	0:27:22	231	151		男子50歳代	50
168	2461	佐藤 慎祐	55	男	1:18:42	0:15:48	257	0:35:39	91	0:27:15	226	152		男子50歳代	51
169	2352	宮田 規好	47	男	1:18:45	0:15:02	209	0:39:14	233	0:24:29	121	153		男子40歳代	27
170	2432	牛込 夏樹	52	男	1:18:48	0:16:38	293	0:37:04	135	0:25:06	147	154		男子50歳代	52
171	2365	竹國 和紀	48	男	1:18:50	0:12:50	99	0:37:10	142	0:28:50	275	155		男子40歳代	28
172	2490	小澤 賢	57	男	1:18:52	0:16:55	307	0:37:21	156	0:24:36	127	156		男子50歳代	53
173	2214	遠藤 昌樹	31	男	1:18:52	0:15:05	211	0:40:58	283	0:22:49	79	157		男子30歳代	34
174	2314	田邊 悠	42	男	1:18:57	0:14:33	189	0:38:43	205	0:25:41	164	158		男子40歳代	29
175	2111	坂上 飛翼	24	男	1:18:59	0:16:30	287	0:38:22	189	0:24:07	109	159		男子20歳代	24
176	2417	幸嶋 晶	51	男	1:19:01	0:14:15	165	0:39:53	253	0:24:53	138	160		男子50歳代	54
177	3302	野本 真理	40	女	1:19:03	0:14:21	174	0:36:39	124	0:28:03	254		17	女子40歳代	5
178	2204	高橋 一帆	30	男	1:19:07	0:13:04	113	0:41:28	296	0:24:35	125	161		男子30歳代	35
179	2110	森嶋 勇臣	24	男	1:19:08	0:12:55	103	0:38:23	190	0:27:50	248	162		男子20歳代	25
180	2453	安達 邦宏	54	男	1:19:09	0:15:19	229	0:38:09	182	0:25:41	163	163		男子50歳代	55
181	2131	柳田 晃純	27	男	1:19:09	0:14:28	184	0:41:31	297	0:23:10	86	164		男子20歳代	26
182	2305	巣山 直樹	40	男	1:19:10	0:14:49	200	0:38:08	180	0:26:13	185	165		男子40歳代	30
183	2234	茂谷 逸平	35	男	1:19:10	0:15:23	232	0:37:20	153	0:26:27	193	166		男子30歳代	36
184	2261	岡島 琢也	32	男	1:19:11	0:12:32	80	0:39:27	242	0:27:12	222	167		男子30歳代	37
185	2206	大塚 優樹	30	男	1:19:12	0:15:12	222	0:37:16	150	0:26:44	203	168		男子30歳代	38
186	2219	中司 佳吾	32	男	1:19:28	0:15:30	239	0:37:15	148	0:26:43	201	169		男子30歳代	39
187	2129	郷間 隆史	27	男	1:19:29	0:17:24	327	0:37:36	166	0:24:29	120	170		男子20歳代	27
188	2142	石田 晴	28	男	1:19:29	0:13:52	144	0:40:13	264	0:25:24	153	171		男子20歳代	28
189	2521	浜野 雅之	54	男	1:19:38	0:14:55	202	0:38:32	198	0:26:11	181	172		男子50歳代	56
190	2316	竹下 昌完	42	男	1:19:42	0:15:07	217	0:38:49	211	0:25:46	167	173		男子40歳代	31
191	3207	井上 望実	34	女	1:19:50	0:11:09	30	0:40:05	260	0:28:36	269		18	女子30歳代	3
192	3313	小林 恵理子	48	女	1:19:54	0:16:27	285	0:37:56	175	0:25:31	157		19	女子40歳代	6
193	2486	村田 茂	57	男	1:19:56	0:15:47	256	0:37:09	140	0:27:00	211	174		男子50歳代	57
194	2623	大津 伸一	62	男	1:19:57	0:12:18	71	0:38:56	217	0:28:43	272	175		男子60歳代	12
195	3408	宮野 真樹	55	女	1:20:05	0:15:28	235	0:38:53	215	0:25:44	166		20	女子50歳代	5
196	2622	横溝 務	62	男	1:20:07	0:15:01	208	0:39:07	226	0:25:59	175	176		男子60歳代	13
197	2449	古谷 幸一	54	男	1:20:11	0:17:14	322	0:35:06	82	0:27:51	249	177		男子50歳代	58
198	2164	藤野 晃士朗	28	男	1:20:16	0:12:40	87	0:39:57	255	0:27:39	241	178		男子20歳代	29
199	2509	三本 雅樹	59	男	1:20:29	0:16:12	273	0:35:50	97	0:28:27	265	179		男子50歳代	59
200	2441	松崎 暁	54	男	1:20:30	0:15:46	254	0:38:13	185	0:26:31	195	180		男子50歳代	60
201	2337	別府 興一	45	男	1:20:39	0:14:46	198	0:37:50	172	0:28:03	255	181		男子40歳代	32
202	2489	久保 健一郎	57	男	1:20:41	0:12:36	83	0:38:42	204	0:29:23	284	182		男子50歳代	61
203	3314	松永 智子	48	女	1:20:43	0:16:10	268	0:39:07	227	0:25:26	155		21	女子40歳代	7
204	2507	海藤 米永	59	男	1:20:49	0:15:05	213	0:39:21	237	0:26:23	189	183		男子50歳代	62
205	2345	植村 啓	46	男	1:20:51	0:12:38	85	0:38:28	195	0:29:45	292	184		男子40歳代	33
206	3111	内田 朋佳	29	女	1:20:52	0:16:27	282	0:38:06	178	0:26:19	188		22	女子20歳代	5
207	2109	木須 秀昭	24	男	1:20:55	0:15:10	219	0:39:47	251	0:25:58	174	185		男子20歳代	30
208	2230	山口 綾介	34	男	1:21:04	0:15:11	220	0:38:32	199	0:27:21	230	186		男子30歳代	40
209	3413	菊池 美穂	59	女	1:21:13	0:14:13	161	0:42:20	324	0:24:40	128		23	女子50歳代	6
210	2609	井形 繁雄	61	男	1:21:14	0:17:36	335	0:38:24	192	0:25:14	149	187		男子60歳代	14
211	2139	徳野 健太	28	男	1:21:14	0:13:38	137	0:40:15	265	0:27:21	229	188		男子20歳代	31
212	2117	中村 元	25	男	1:21:21	0:16:31	289	0:37:15	147	0:27:35	239	189		男子20歳代	32
213	2222	木場 賢太郎	32	男	1:21:21	0:15:38	245	0:41:09	288	0:24:34	124	190		男子30歳代	41
214	2161	新山 亮太	26	男	1:21:29	0:14:33	190	0:43:07	343	0:23:49	100	191		男子20歳代	33
215	2152	永根 悠伍	29	男	1:21:30	0:19:14	384	0:41:07	287	0:21:09	36	192		男子20歳代	34
216	2483	南木 純	56	男	1:21:31	0:15:05	212	0:39:11	231	0:27:15	225	193		男子50歳代	63
217	3103	遠山 夏海	22	女	1:21:35	0:14:31	187	0:39:53	252	0:27:11	221		24	女子20歳代	6
218	2247	佐久間 哲	38	男	1:21:39	0:15:46	251	0:38:31	196	0:27:22	232	194		男子30歳代	42
219	2469	岸 重光	56	男	1:21:40	0:14:59	205	0:39:46	250	0:26:55	209	195		男子50歳代	64
220	2476	井上 善位	56	男	1:21:43	0:14:16	167	0:37:04	136	0:30:23	306	196		男子50歳代	65
221	2492	岡本 浩一郎	57	男	1:21:46	0:17:01	309	0:36:20	112	0:28:25	264	197		男子50歳代	66
222	2435	中川 祥太朗	53	男	1:21:50	0:13:20	123	0:41:00	284	0:27:30	236	198		男子50歳代	67
223	2645	佐々木 功輝	66	男	1:21:54	0:15:42	247	0:37:13	145	0:28:59	279	199		男子60歳代	15
224	3309	廣瀬 直美	46	女	1:21:59	0:12:41	88	0:41:06	286	0:28:12	259		25	女子40歳代	8
225	3409	石橋 令子	55	女	1:22:00	0:13:54	147	0:41:54	313	0:26:12	183		26	女子50歳代	7
226	2477	内藤 均	56	男	1:22:14	0:15:45	250	0:39:36	246	0:26:53	206	200		男子50歳代	68
227	2105	児玉 侑大	22	男	1:22:14	0:16:35	291	0:34:31	67	0:31:08	322	201		男子20歳代	35
228	2430	山下 真一	52	男	1:22:26	0:18:41	369	0:35:46	95	0:27:59	253	202		男子50歳代	69
229	2625	持丸 知成	62	男	1:22:40	0:17:07	314	0:38:37	201	0:26:56	210	203		男子60歳代	16
230	2112	渡邊 佳祐	24	男	1:22:49	0:16:25	281	0:40:21	267	0:26:03	176	204		男子20歳代	36
231	2464	日高 貴洋	55	男	1:22:49	0:17:08	317	0:38:35	200	0:27:06	218	205		男子50歳代	70
232	2607	石瀧 英俊	60	男	1:22:52	0:18:03	349	0:41:17	293	0:23:32	95	206		男子60歳代	17
233	2145	清水 諒	29	男	1:22:55	0:15:31	241	0:40:21	268	0:27:03	215	207		男子20歳代	37
234	3404	府内 暁美	53	女	1:22:58	0:18:12	355	0:37:17	151	0:27:29	234		27	女子50歳代	8
235	2115	加藤 法行	24	男	1:23:01	0:18:40	368	0:38:10	183	0:26:11	182	208		男子20歳代	38
236	2251	佐々木 亮介	38	男	1:23:07	0:15:30	237	0:37:22	157	0:30:15	302	209		男子30歳代	43
237	2468	畑 浩史	55	男	1:23:07	0:16:23	279	0:37:33	163	0:29:11	280	210		男子50歳代	71
238	2264	榊原 雅史	38	男	1:23:10	0:11:38	42	0:43:55	357	0:27:37	240	211		男子30歳代	44
239	2630	新橋 忠彦	63	男	1:23:14	0:15:54	262	0:38:25	193	0:28:55	278	212		男子60歳代	18
240	2250	宝 政樹	38	男	1:23:18	0:12:55	104	0:40:04	259	0:30:19	304	213		男子30歳代	45
241	2629	宮崎 隆	63	男	1:23:22	0:13:39	138	0:37:16	149	0:32:27	347	214		男子60歳代	19
242	2515	加藤 克典	50	男	1:23:29	0:14:27	180	0:39:33	245	0:29:29	287	215		男子50歳代	72
243	3304	大久保 舞	41	女	1:23:31	0:15:14	223	0:41:42	306	0:26:35	198		28	女子40歳代	9
244	2148	鈴木 陸也	29	男	1:23:32	0:15:35	244	0:41:33	300	0:26:24	192	216		男子20歳代	39
245	2143	大谷 鋭周	29	男	1:23:36	0:16:09	266	0:40:24	269	0:27:03	213	217		男子20歳代	40
246	2634	浅野 拓哉	63	男	1:23:38	0:14:28	183	0:38:05	177	0:31:05	321	218		男子60歳代	20
247	2708	村田 弘幸	72	男	1:23:45	0:14:58	204	0:37:26	160	0:31:21	326	219		男子70歳代	2
248	2372	榎本 晃一	49	男	1:23:49	0:16:53	304	0:39:10	229	0:27:46	246	220		男子40歳代	34
249	2116	穴田 大空	24	男	1:23:51	0:10:59	24	0:42:51	333	0:30:01	298	221		男子20歳代	41
250	3417	大塚 友乃	58	女	1:23:55	0:13:10	118	0:42:25	327	0:28:20	262		29	女子50歳代	9
251	3204	中村 理香	32	女	1:23:55	0:17:01	310	0:40:05	261	0:26:49	205		30	女子30歳代	4
252	2333	新谷 遼	44	男	1:23:57	0:19:53	393	0:39:10	230	0:24:54	139	222		男子40歳代	35
253	2519	小野木 隆行	53	男	1:24:05	0:16:36	292	0:41:32	298	0:25:57	173	223		男子50歳代	73
254	2130	大曽根 源	27	男	1:24:12	0:17:33	333	0:41:37	303	0:25:02	143	224		男子20歳代	42
255	2238	大谷 一悟	36	男	1:24:14	0:15:51	259	0:37:39	167	0:30:44	312	225		男子30歳代	46
256	2707	北島 明生	72	男	1:24:15	0:14:17	168	0:38:44	207	0:31:14	324	226		男子70歳代	3
257	2513	江藤 進	59	男	1:24:19	0:14:29	185	0:37:21	155	0:32:29	348	227		男子50歳代	74
258	2429	古川 亨	52	男	1:24:27	0:14:46	199	0:42:12	321	0:27:29	235	228		男子50歳代	75
259	2227	橘 昭次	34	男	1:24:32	0:18:02	348	0:39:27	243	0:27:03	214	229		男子30歳代	47
260	2327	福原 慶	43	男	1:24:33	0:16:41	296	0:39:06	225	0:28:46	273	230		男子40歳代	36
261	2153	關山 桂太	29	男	1:24:36	0:13:01	110	0:43:52	355	0:27:43	244	231		男子20歳代	43
262	2631	上田 弘道	63	男	1:24:42	0:15:35	243	0:44:49	368	0:24:18	114	232		男子60歳代	21
263	3201	ワグナー ジェシカ	30	女	1:24:52	0:18:43	371	0:42:54	334	0:23:15	88		31	女子30歳代	5
264	2654	堀 義裕	69	男	1:24:56	0:13:23	127	0:39:18	235	0:32:15	343	233		男子60歳代	22
265	2348	白須 礎成	46	男	1:24:57	0:17:15	323	0:40:34	275	0:27:08	219	234		男子40歳代	37
266	2307	長沼 伸司	41	男	1:24:58	0:16:52	303	0:39:57	256	0:28:09	256	235		男子40歳代	38
267	2478	望月 茂	56	男	1:25:00	0:16:09	267	0:41:42	307	0:27:09	220	236		男子50歳代	76
268	2135	川島 尚之	27	男	1:25:01	0:17:08	315	0:40:12	263	0:27:41	243	237		男子20歳代	44
269	2475	北本 新吾	56	男	1:25:02	0:14:45	196	0:43:13	346	0:27:04	216	238		男子50歳代	77
270	2224	水谷 淳	33	男	1:25:06	0:14:59	206	0:40:29	272	0:29:38	291	239		男子30歳代	48
271	2639	星 和宏	65	男	1:25:11	0:15:18	227	0:38:53	214	0:31:00	319	240		男子60歳代	23
272	3107	石田 絢子	26	女	1:25:22	0:12:30	78	0:45:17	374	0:27:35	238		32	女子20歳代	7
273	3303	大塚 幸	41	女	1:25:28	0:16:15	274	0:40:34	274	0:28:39	271		33	女子40歳代	10
274	2310	瀬崎 真広	41	男	1:25:28	0:14:31	186	0:42:23	326	0:28:34	268	241		男子40歳代	39
275	2406	深谷 崇	50	男	1:25:30	0:17:57	345	0:38:38	203	0:28:55	277	242		男子50歳代	78
276	2505	新堀 隆章	59	男	1:25:32	0:13:02	112	0:39:25	239	0:33:05	355	243		男子50歳代	79
277	2303	山下 龍	40	男	1:25:36	0:16:12	272	0:43:00	338	0:26:24	191	244		男子40歳代	40
278	2637	関口 修一	65	男	1:25:37	0:15:15	225	0:38:44	208	0:31:38	332	245		男子60歳代	24
279	2657	後藤 栄太	64	男	1:25:38	0:19:11	381	0:40:35	276	0:25:52	169	246		男子60歳代	25
280	2617	鍵本 琢巳	62	男	1:25:41	0:17:04	311	0:41:23	295	0:27:14	224	247		男子60歳代	26
281	2122	齋藤 瑞樹	26	男	1:25:42	0:19:33	388	0:39:22	238	0:26:47	204	248		男子20歳代	45
282	2144	藤原 嵩	29	男	1:25:54	0:18:26	363	0:40:24	270	0:27:04	217	249		男子20歳代	46
283	2626	石澤 正志	62	男	1:25:57	0:18:00	346	0:39:59	257	0:27:58	252	250		男子60歳代	27
284	2409	呂 玉杰	50	男	1:26:00	0:16:51	302	0:39:13	232	0:29:56	295	251		男子50歳代	80
285	2354	廣瀬 智之	47	男	1:26:02	0:18:41	370	0:39:25	241	0:27:56	251	252		男子40歳代	41
286	2157	南晴 城二	24	男	1:26:09	0:16:55	306	0:42:02	315	0:27:12	223	253		男子20歳代	47
287	2506	西尾 順一郎	59	男	1:26:10	0:15:24	233	0:39:03	223	0:31:43	334	254		男子50歳代	81
288	2433	貫野 宏典	53	男	1:26:13	0:14:26	179	0:40:57	282	0:30:50	314	255		男子50歳代	82
289	2503	野村 秀一	58	男	1:26:14	0:16:21	277	0:40:39	278	0:29:14	281	256		男子50歳代	83
290	2120	花澤 亮	26	男	1:26:28	0:15:46	252	0:46:22	388	0:24:20	115	257		男子20歳代	48
291	2341	黒田 和宏	46	男	1:26:40	0:15:44	249	0:38:50	212	0:32:06	341	258		男子40歳代	42
292	3208	土田 彩佳	39	女	1:26:45	0:17:30	331	0:39:43	248	0:29:32	289		34	女子30歳代	6
293	2704	瀬戸 馨	71	男	1:26:46	0:12:24	77	0:39:36	247	0:34:46	374	259		男子70歳代	4
294	2610	森田 裕蔵	61	男	1:26:51	0:14:44	194	0:41:47	310	0:30:20	305	260		男子60歳代	28
295	2323	與島 広幸	43	男	1:26:55	0:15:03	210	0:42:16	323	0:29:36	290	261		男子40歳代	43
296	2404	田中 康仁	50	男	1:27:17	0:19:37	389	0:37:13	146	0:30:27	307	262		男子50歳代	84
297	2512	佐藤 智	59	男	1:27:28	0:18:14	356	0:37:49	171	0:31:25	327	263		男子50歳代	85
298	2462	馬目 慶二郎	55	男	1:27:28	0:16:33	290	0:38:44	209	0:32:11	342	264		男子50歳代	86
299	2361	小林 直仁	48	男	1:27:29	0:15:43	248	0:44:45	367	0:27:01	212	265		男子40歳代	44
300	2618	西原 昌彦	62	男	1:27:32	0:19:05	379	0:38:23	191	0:30:04	299	266		男子60歳代	29
301	3414	武川 明子	59	女	1:27:39	0:17:19	324	0:40:31	273	0:29:49	294		35	女子50歳代	10
302	2407	中村 憲史	50	男	1:27:51	0:14:05	154	0:42:10	320	0:31:36	330	267		男子50歳代	87
303	2162	丸田 海斗	26	男	1:27:55	0:21:21	405	0:40:38	277	0:25:56	170	268		男子20歳代	49
304	2332	三島 佑一郎	44	男	1:27:55	0:14:32	188	0:43:12	344	0:30:11	301	269		男子40歳代	45
305	2220	笠井 健司	32	男	1:27:57	0:17:07	313	0:41:03	285	0:29:47	293	270		男子30歳代	49
306	2326	谷崎 淳一	43	男	1:28:08	0:18:04	350	0:41:36	302	0:28:28	266	271		男子40歳代	46
307	2353	佐々木 太建	47	男	1:28:12	0:17:11	320	0:38:25	194	0:32:36	349	272		男子40歳代	47
308	2123	小汲 柊平	26	男	1:28:19	0:16:15	275	0:41:33	301	0:30:31	309	273		男子20歳代	50
309	2158	三浦 知樹	25	男	1:28:22	0:16:49	301	0:41:16	292	0:30:17	303	274		男子20歳代	51
310	2359	加藤 正友	47	男	1:28:29	0:17:33	334	0:42:38	329	0:28:18	260	275		男子40歳代	48
311	2702	嘉藤 宏	70	男	1:28:35	0:14:08	156	0:41:15	291	0:33:12	359	276		男子70歳代	5
312	3412	田中 祐子	58	女	1:28:41	0:17:44	340	0:43:24	349	0:27:33	237		36	女子50歳代	11
313	3112	久保田 搭子	24	女	1:28:56	0:16:38	294	0:42:54	335	0:29:24	285		37	女子20歳代	8
314	2226	濱上 大基	34	男	1:29:02	0:19:12	382	0:42:07	317	0:27:43	245	277		男子30歳代	50
315	3403	上野 純子	52	女	1:29:03	0:17:23	326	0:42:46	330	0:28:54	276		38	女子50歳代	12
316	2373	薮田 直秀	49	男	1:29:10	0:19:52	392	0:41:32	299	0:27:46	247	278		男子40歳代	49
317	2523	齊藤 登	56	男	1:29:15	0:15:56	264	0:40:09	262	0:33:10	357	279		男子50歳代	88
318	2311	新名 庸生	41	男	1:30:01	0:16:43	298	0:42:08	318	0:31:10	323	280		男子40歳代	50
319	2497	宮下 康弘	58	男	1:30:14	0:16:12	271	0:37:40	168	0:36:22	389	281		男子50歳代	89
320	2484	井口 光国	57	男	1:30:14	0:17:49	342	0:40:48	279	0:31:37	331	282		男子50歳代	90
321	2463	人見 重行	55	男	1:30:18	0:18:26	362	0:40:52	281	0:31:00	318	283		男子50歳代	91
322	3109	宇田川 綾香	27	女	1:30:22	0:15:47	255	0:47:41	398	0:26:54	208		39	女子20歳代	9
323	2491	仲村 哲也	57	男	1:30:26	0:18:10	354	0:41:39	304	0:30:37	311	284		男子50歳代	92
324	2322	本行 充明	43	男	1:30:30	0:15:12	221	0:43:13	345	0:32:05	340	285		男子40歳代	51
325	3406	土屋 佐江子	55	女	1:30:34	0:16:27	284	0:43:58	359	0:30:09	300		40	女子50歳代	13
326	3501	綱川 さえ美	61	女	1:30:35	0:17:51	343	0:43:27	350	0:29:17	283		41	女子60歳代	2
327	2649	太田 卓秀	67	男	1:30:36	0:12:32	81	0:43:17	347	0:34:47	375	286		男子60歳代	30
328	2642	弘前 正善	65	男	1:30:42	0:15:56	263	0:42:09	319	0:32:37	351	287		男子60歳代	31
329	2215	石田 国宏	31	男	1:30:44	0:16:24	280	0:38:38	202	0:35:42	383	288		男子30歳代	51
330	2338	佐々木 賢二	45	男	1:30:46	0:17:30	330	0:41:56	314	0:31:20	325	289		男子40歳代	52
331	2658	武田 晃一	65	男	1:30:49	0:14:06	155	0:42:12	322	0:34:31	371	290		男子60歳代	32
332	2103	神田 優依斗	21	男	1:31:01	0:16:27	283	0:52:05	415	0:22:29	72	291		男子20歳代	52
333	2621	伊藤 尚久	62	男	1:31:20	0:17:56	344	0:40:27	271	0:32:57	354	292		男子60歳代	33
334	2612	清水 浩文	61	男	1:31:22	0:19:22	385	0:43:28	351	0:28:32	267	293		男子60歳代	34
335	2351	本間 秀明	47	男	1:31:24	0:15:07	215	0:39:55	254	0:36:22	388	294		男子40歳代	53
336	2620	井上 博之	62	男	1:31:46	0:16:18	276	0:41:09	289	0:34:19	370	295		男子60歳代	35
337	3203	ジョンソンデービス リサ	31	女	1:31:46	0:13:59	149	0:45:56	381	0:31:51	336		42	女子30歳代	7
338	2347	中島 真洋	46	男	1:31:54	0:18:32	366	0:41:52	312	0:31:30	329	296		男子40歳代	54
339	2165	両角 光士郎	29	男	1:32:11	0:22:43	410	0:41:48	311	0:27:40	242	297		男子20歳代	53
340	2706	井関 治	72	男	1:32:16	0:15:48	258	0:43:00	339	0:33:28	362	298		男子70歳代	6
341	2125	小俣 海渡クリスナ	26	男	1:32:20	0:14:24	177	0:46:01	383	0:31:55	337	299		男子20歳代	54
342	2375	川崎 修一	49	男	1:32:30	0:18:22	359	0:44:51	369	0:29:17	282	300		男子40歳代	55
343	2628	山口 太	63	男	1:32:40	0:18:53	372	0:42:05	316	0:31:42	333	301		男子60歳代	36
344	2710	阿部 忠司	72	男	1:32:44	0:17:48	341	0:44:01	360	0:30:55	317	302		男子70歳代	7
345	2615	川島 正裕	62	男	1:32:46	0:15:52	260	0:40:20	266	0:36:34	390	303		男子60歳代	37
346	2703	戸塚 由幸	70	男	1:33:07	0:17:31	332	0:41:41	305	0:33:55	366	304		男子70歳代	8
347	2602	佐瀬 勝洋	60	男	1:33:07	0:17:12	321	0:42:50	332	0:33:05	356	305		男子60歳代	38
348	2522	荒木 芳友	56	男	1:33:09	0:15:08	218	0:38:56	216	0:39:05	408	306		男子50歳代	93
349	3113	今関 希	29	女	1:33:09	0:15:52	261	0:45:16	373	0:32:01	338		43	女子20歳代	10
350	3101	松清 日万莉	21	女	1:33:23	0:15:32	242	0:42:58	336	0:34:53	377		44	女子20歳代	11
351	2488	渡部 慎哉	57	男	1:33:39	0:16:49	300	0:38:07	179	0:38:43	405	307		男子50歳代	94
352	2651	山崎 俊太郎	68	男	1:33:39	0:23:23	413	0:37:40	169	0:32:36	350	308		男子60歳代	39
353	2715	相澤 英敏	76	男	1:33:42	0:18:07	352	0:44:05	361	0:31:30	328	309		男子70歳代	9
354	2624	宮崎 友孝	62	男	1:33:56	0:20:20	397	0:43:37	353	0:29:59	297	310		男子60歳代	40
355	2705	前田 治男	72	男	1:34:11	0:17:08	318	0:39:15	234	0:37:48	401	311		男子70歳代	10
356	2652	久我パネン ハルトムート	68	男	1:34:13	0:16:57	308	0:45:00	371	0:32:16	344	312		男子60歳代	41
357	2236	杉山 真也	35	男	1:34:34	0:19:55	394	0:46:21	387	0:28:18	261	313		男子30歳代	52
358	3407	猿田 亜子	55	女	1:34:36	0:15:06	214	0:45:32	377	0:33:58	368		45	女子50歳代	14
359	2473	汲田 和也	56	男	1:34:42	0:18:17	358	0:39:44	249	0:36:41	392	314		男子50歳代	95
360	2499	長井 真一郎	58	男	1:34:53	0:12:47	96	0:49:14	405	0:32:52	353	315		男子50歳代	96
361	3405	上地 さり	55	女	1:35:01	0:13:39	139	0:44:22	365	0:37:00	394		46	女子50歳代	15
362	2525	古畑 壮一	58	男	1:35:01	0:17:10	319	0:45:28	376	0:32:23	346	316		男子50歳代	97
363	2647	藤井 淳	67	男	1:35:10	0:18:27	364	0:43:55	356	0:32:48	352	317		男子60歳代	42
364	2331	WANG YICHI	44	男	1:35:11	0:20:39	402	0:43:37	352	0:30:55	316	318		男子40歳代	56
365	2410	牧野 尊史	50	男	1:35:17	0:18:02	347	0:43:40	354	0:33:35	363	319		男子50歳代	98
366	2442	澄川 勇治	54	男	1:35:21	0:20:38	401	0:42:59	337	0:31:44	335	320		男子50歳代	99
367	2423	川野辺 敏保	51	男	1:35:32	0:15:31	240	0:44:21	364	0:35:40	382	321		男子50歳代	100
368	2118	丸山 輝記	25	男	1:35:33	0:19:01	376	0:47:00	392	0:29:32	288	322		男子20歳代	55
369	2653	阿部 利彦	69	男	1:36:00	0:17:41	337	0:42:31	328	0:35:48	386	323		男子60歳代	43
370	2343	畑 貴司	46	男	1:36:03	0:17:29	329	0:44:36	366	0:33:58	367	324		男子40歳代	57
371	2466	上原 理	55	男	1:36:52	0:20:37	400	0:45:22	375	0:30:53	315	325		男子50歳代	101
372	2716	大橋 徹	79	男	1:37:10	0:17:20	325	0:45:43	379	0:34:07	369	326		男子70歳代	11
373	2306	黒岩 稔	41	男	1:37:11	0:20:14	396	0:45:52	380	0:31:05	320	327		男子40歳代	58
374	2201	上田 新也	30	男	1:37:18	0:17:36	336	0:48:53	402	0:30:49	313	328		男子30歳代	53
375	2644	田代 政直	66	男	1:37:27	0:19:27	387	0:43:07	342	0:34:53	378	329		男子60歳代	44
376	2363	千葉 康平	48	男	1:37:43	0:16:30	288	0:51:14	412	0:29:59	296	330		男子40歳代	59
377	2648	飯川 賢	67	男	1:38:04	0:15:14	224	0:45:59	382	0:36:51	393	331		男子60歳代	45
378	2324	阿部 知規	43	男	1:38:07	0:17:42	339	0:49:57	408	0:30:28	308	332		男子40歳代	60
379	2606	北川 喜淳	60	男	1:38:46	0:22:11	409	0:44:15	363	0:32:20	345	333		男子60歳代	46
380	2659	山田 秀人	67	男	1:38:53	0:16:11	269	0:46:58	391	0:35:44	384	334		男子60歳代	47
381	3402	明石 まほし	51	女	1:38:59	0:16:39	295	0:44:55	370	0:37:25	398		47	女子50歳代	16
382	2457	中野 雅仁	55	男	1:39:04	0:18:27	365	0:43:19	348	0:37:18	397	335		男子50歳代	102
383	2717	和田 雅幸	79	男	1:39:07	0:18:07	351	0:43:57	358	0:37:03	395	336		男子70歳代	12
384	2619	佐藤 英規	62	男	1:39:12	0:18:53	373	0:43:05	341	0:37:14	396	337		男子60歳代	48
385	3312	亀山 亜矢子	48	女	1:39:48	0:19:23	386	0:47:01	394	0:33:24	361		48	女子40歳代	11
386	2713	川村 隆一	74	男	1:39:59	0:18:38	367	0:46:02	384	0:35:19	380	338		男子70歳代	13
387	2438	柏木 克之	53	男	1:40:09	0:15:30	238	0:44:09	362	0:40:30	411	339		男子50歳代	103
388	3306	谷内田 多世	45	女	1:40:14	0:19:02	377	0:46:36	389	0:34:36	373		49	女子40歳代	12
389	3311	岡村 美香	47	女	1:40:17	0:23:59	415	0:41:43	309	0:34:35	372		50	女子40歳代	13
390	2655	影山 泰	62	男	1:40:22	0:21:52	407	0:45:10	372	0:33:20	360	340		男子60歳代	49
391	2360	神田 三智弘	48	男	1:40:41	0:16:54	305	0:39:06	224	0:44:41	414	341		男子40歳代	61
392	2209	栗原 佳輝	31	男	1:41:06	0:25:52	418	0:46:37	390	0:28:37	270	342		男子30歳代	54
393	2802	峰田 正隆	83	男	1:41:12	0:20:50	404	0:42:48	331	0:37:34	399	343		男子80歳代	1
394	3601	井川 俊子	73	女	1:41:43	0:19:07	380	0:46:21	386	0:36:15	387		51	女子70歳代	1
395	2302	山本 益実	40	男	1:41:48	0:24:16	416	0:48:07	399	0:29:25	286	344		男子40歳代	62
396	2714	渡部 益夫	75	男	1:42:15	0:18:56	374	0:49:39	407	0:33:40	365	345		男子70歳代	14
397	2601	原 弘	60	男	1:42:38	0:17:08	316	0:47:08	396	0:38:22	403	346		男子60歳代	50
398	2414	野本 剛輝	51	男	1:42:46	0:20:49	403	0:47:00	393	0:34:57	379	347		男子50歳代	104
399	2650	山本 泉	67	男	1:42:47	0:18:25	361	0:45:37	378	0:38:45	406	348		男子60歳代	51
400	2472	小林 雄一郎	56	男	1:42:53	0:17:42	338	0:47:21	397	0:37:50	402	349		男子50歳代	105
401	3301	田代 星乃	40	女	1:43:52	0:22:53	411	0:46:08	385	0:34:51	376		52	女子40歳代	14
402	3411	伊藤 純子	58	女	1:43:58	0:19:02	378	0:51:45	414	0:33:11	358		53	女子50歳代	17
403	3503	小泉 眞紀	64	女	1:44:06	0:19:45	390	0:48:48	401	0:35:33	381		54	女子60歳代	3
404	2455	亀井 秀一郎	54	男	1:45:27	0:20:07	395	0:43:02	340	0:42:18	412	350		男子50歳代	106
405	2608	大根 純	60	男	1:45:39	0:18:58	375	0:50:04	409	0:36:37	391	351		男子60歳代	52
406	2263	長野 将吾	35	男	1:46:00	0:25:18	417	0:47:04	395	0:33:38	364	352		男子30歳代	55
407	2711	佐々木 誠	74	男	1:47:16	0:16:42	297	0:50:14	410	0:40:20	410	353		男子70歳代	15
408	2801	三浦 猛雄	81	男	1:48:19	0:23:01	412	0:42:20	325	0:42:58	413	354		男子80歳代	2
409	2605	佐野 星司	60	男	1:48:41	0:19:48	391	0:49:14	406	0:39:39	409	355		男子60歳代	53
410	2701	滝口 康之	70	男	1:49:00	0:20:31	398	0:50:49	411	0:37:40	400	356		男子70歳代	16
411	3504	林 廣子	67	女	1:49:04	0:16:11	270	1:00:50	418	0:32:03	339		55	女子60歳代	4
412	3307	落合 万葉	45	女	1:49:13	0:22:03	408	0:51:24	413	0:35:46	385		56	女子40歳代	15
413	3305	竹國 案	44	女	1:49:50	0:18:23	360	0:52:38	416	0:38:49	407		57	女子40歳代	16
414	3602	吉田 郁子	73	女	1:51:32	0:23:48	414	0:49:10	404	0:38:34	404		58	女子70歳代	2
415	3308	保住 典子	45	女	2:02:31	0:20:36	399	0:49:05	403	0:52:50	415		59	女子40歳代	17
416	2803	舘本 義勝	86	男	2:12:35	0:21:29	406	0:52:44	417	0:58:22	416	357		男子80歳代	3
DNF	2002	遠藤 貫汰	17	男		0:18:16	357	0:48:20	400					男子19歳以下	
DNF	2465	白井 稔	55	男		0:11:28	38	0:31:55	12					男子50歳代	
SKIP	2709	小林 隆	72	男										男子70歳代	
SKIP	2104	勘佐 圭吾	22	男				0:49:27		0:29:57				男子20歳代	
SKIP	2114	栗栖 弘樹	24	男				0:42:10		0:29:28				男子20歳代	
SKIP	2137	山田 友哉	28	男				0:48:19		0:29:58				男子20歳代	
SKIP	2150	湯淺 修一	29	男				0:48:10		0:40:42				男子20歳代	
SKIP	2257	平川 太一	30	男				0:37:35		0:23:20				男子30歳代	
SKIP	2301	土屋 航	40	男				0:38:32		0:28:22				男子40歳代	
SKIP	2313	山田 宏樹	41	男				0:44:03		0:32:58				男子40歳代	
SKIP	2321	遠藤 卓也	42	男				0:32:16		0:22:14				男子40歳代	
SKIP	2401	大森 雄介	50	男				0:41:02		0:32:43				男子50歳代	
SKIP	2402	小倉 慎太郎	50	男				0:35:24		0:48:08				男子50歳代	
SKIP	2428	鈴木 猛	52	男				0:41:20		0:32:40				男子50歳代	
SKIP	2451	若月 静太郎	54	男				0:44:48		0:36:51				男子50歳代	
SKIP	2502	松江 隆	58	男				0:38:14		0:27:00				男子50歳代	
SKIP	2603	外岡 慎一	60	男				0:41:57		0:31:27				男子60歳代	
SKIP	2643	菊池 桂	65	男				0:40:30		0:33:42				男子60歳代	
DSQ	2102	木村 陸	21	男	0:56:38	0:10:24		0:34:44		0:11:30				男子20歳代	
DSQ	2235	川原崎 功将	35	男	1:34:57	0:14:33		0:56:18		0:24:06				男子30歳代	
DSQ	2240	前田 一成	36	男	1:20:20	0:16:49		0:37:20		0:26:11				男子30歳代	
DSQ	2312	深堀 純也	41	男	1:25:46	0:17:05		0:38:50		0:29:51				男子40歳代	
DSQ	2318	吉田 裕一	42	男	1:07:33	0:17:59		0:21:20		0:28:14				男子40歳代	
DSQ	2367	永松 聡一郎	48	男	1:31:28	0:17:00		0:43:24		0:31:04				男子40歳代	
DSQ	2636	飯盛 豊	64	男	1:11:43	0:16:09		0:40:24		0:15:10				男子60歳代	
DSQ	3102	深澤 真奈	22	女	1:14:11	0:19:14		0:24:23		0:30:34				女子20歳代	
DNS	2108	竹下 寛人	24	男										男子20歳代	
DNS	2147	片山 祐太	29	男										男子20歳代	
DNS	2149	森江 遼	29	男										男子20歳代	
DNS	2163	堀 真人	26	男										男子20歳代	
DNS	2202	山村 隼人	30	男										男子30歳代	
DNS	2216	深山 宏樹	31	男										男子30歳代	
DNS	2217	藤永 拓也	31	男										男子30歳代	
DNS	2221	田中 裕輝	32	男										男子30歳代	
DNS	2246	森島 慶介	38	男										男子30歳代	
DNS	2248	鳴澤 大地	38	男										男子30歳代	
DNS	2254	柴田 拓行	39	男										男子30歳代	
DNS	2317	佐々木 克幸	42	男										男子40歳代	
DNS	2319	竹内 豊	42	男										男子40歳代	
DNS	2330	小川 勉	44	男										男子40歳代	
DNS	2342	西 理広	46	男										男子40歳代	
DNS	2346	佐藤 周	46	男										男子40歳代	
DNS	2350	渋沢 謙太郎	46	男										男子40歳代	
DNS	2366	石塚 大治	48	男										男子40歳代	
DNS	2369	池田 裕樹	48	男										男子40歳代	
DNS	2371	中川 宏	49	男										男子40歳代	
DNS	2374	羽根田 一真	49	男										男子40歳代	
DNS	2379	後藤 公成	44	男										男子40歳代	
DNS	2412	山田 伸一郎	50	男										男子50歳代	
DNS	2420	村澤 哲	51	男										男子50歳代	
DNS	2421	長岡 圭	51	男										男子50歳代	
DNS	2422	沼田 貴俊	51	男										男子50歳代	
DNS	2431	伊藤 剛	52	男										男子50歳代	
DNS	2440	渡邉 和也	53	男										男子50歳代	
DNS	2445	松清 大	54	男										男子50歳代	
DNS	2450	田中 英樹	54	男										男子50歳代	
DNS	2495	古江 信一	57	男										男子50歳代	
DNS	2508	加藤 岩大	59	男										男子50歳代	
DNS	2511	山田 隆広	59	男										男子50歳代	
DNS	2616	鈴木 慎一	62	男										男子60歳代	
DNS	2635	駒井 浩	64	男										男子60歳代	
DNS	2638	加瀬 良一	65	男										男子60歳代	
DNS	3106	山口 紗英	25	女										女子20歳代	
DNS	3202	大嶋 美月	30	女										女子30歳代	
DNS	3206	細川 瞳	33	女										女子30歳代	
DNS	3316	中山 里奈	49	女										女子40歳代	
DNS	3318	大野 香織	44	女										女子40歳代	
DNS	3603	渡辺 順子	77	女										女子70歳代	
