総合順位	No.	氏名	性別	居住地	総合記録	スイムラップ	S順	バイクラップ	B順	スプリット	通過	ランラップ	R順
1	25062	外山 高広	男	埼玉県	2:05:19	0:19:54	1	1:10:35	5	1:30:29	2	0:34:50	1
2	30030	今村 圭孝	男	神奈川県	2:09:01	0:21:12	3	1:11:09	7	1:32:21	4	0:36:40	3
3	25063	中井 啓太	男	三重県	2:09:33	0:21:50	7	1:10:30	4	1:32:20	3	0:37:13	4
4	30019	阿部 吉貴	男	東京都	2:11:58	0:23:39	27	1:12:28	15	1:36:07	12	0:35:51	2
5	25052	杉山 太一	男	静岡県	2:13:12	0:22:43	13	1:12:21	11	1:35:04	6	0:38:08	6
6	25067	西崎 昌宏	男	東京都	2:14:17	0:22:31	11	1:13:28	24	1:35:59	10	0:38:18	10
7	35128	八田 益之	男	神奈川県	2:14:43	0:24:02	36	1:12:25	13	1:36:27	14	0:38:16	9
8	25089	山本 一博	男	愛知県	2:14:48	0:25:39	71	1:09:46	2	1:35:25	8	0:39:23	20
9	40220	山口 俊宗	男	東京都	2:15:36	0:23:19	23	1:14:10	34	1:37:29	17	0:38:07	5
10	40145	田原 義夫	男	東京都	2:17:15	0:24:47	54	1:13:28	25	1:38:15	22	0:39:00	13
11	35152	松本 剛	男	長野県	2:17:17	0:25:01	57	1:14:04	30	1:39:05	28	0:38:12	8
12	25078	古畑 真	男	埼玉県	2:17:32	0:27:49	129	1:10:25	3	1:38:14	21	0:39:18	19
13	25038	小林 雄太	男	神奈川県	2:17:55	0:28:00	135	1:11:12	8	1:39:12	29	0:38:43	11
14	25056	高橋 篤史	男	茨城県	2:18:09	0:22:25	10	1:15:34	48	1:37:59	20	0:40:10	23
15	25073	東野 翔	男	大阪府	2:18:25	0:22:35	12	1:13:28	26	1:36:03	11	0:42:22	47
16	50069	塚越 達也	男	神奈川県	2:19:04	0:26:41	93	1:12:40	18	1:39:21	30	0:39:43	21
17	45020	石鍋 聖一	男	兵庫県	2:19:06	0:24:32	50	1:12:27	14	1:36:59	16	0:42:07	44
18	40003	David Sims	男	Australia	2:19:19	0:23:50	33	1:10:39	6	1:34:29	5	0:44:50	100
19	20014	山崎 裕太	男	学連	2:19:22	0:24:32	51	1:13:57	28	1:38:29	25	0:40:53	33
20	35158	溝端 祐一	男	大阪府	2:19:53	0:25:31	69	1:12:45	19	1:38:16	23	0:41:37	40
21	30012	秋葉 茅麦	男	東京都	2:19:57	0:25:49	74	1:11:47	9	1:37:36	18	0:42:21	46
22	20010	廣瀬 大智	男	学連	2:20:04	0:29:22	214	1:12:32	16	1:41:54	42	0:38:10	7
23	35027	江夏 志門	男	埼玉県	2:21:05	0:23:50	32	1:15:35	49	1:39:25	31	0:41:40	41
24	45151	細木 宏樹	男	滋賀県	2:21:13	0:25:02	59	1:15:20	46	1:40:22	35	0:40:51	32
25	35012	青山 太一	男	神奈川県	2:21:47	0:22:02	9	1:13:08	21	1:35:10	7	0:46:37	146
26	45112	丹野 憲仁	男	神奈川県	2:21:52	0:27:03	103	1:15:37	50	1:42:40	47	0:39:12	17
27	40063	尾林 豊治	男	東京都	2:22:32	0:24:47	55	1:13:32	27	1:38:19	24	0:44:13	82
28	40157	中津 利秋	男	千葉県	2:22:39	0:23:29	24	1:14:07	32	1:37:36	19	0:45:03	103
29	40034	石井 克利	男	東京都	2:23:06	0:24:08	41	1:17:24	79	1:41:32	40	0:41:34	39
30	45060	幸野 利彦	男	香川県	2:23:39	0:26:43	94	1:15:07	42	1:41:50	41	0:41:49	42
31	45149	藤田 茂雄	男	神奈川県	2:23:42	0:26:40	92	1:16:51	69	1:43:31	56	0:40:11	24
32	50051	椎名 克行	男	新潟県	2:23:42	0:27:43	125	1:15:16	43	1:42:59	50	0:40:43	31
33	30128	渡邉 聡一	男	静岡県	2:23:48	0:23:36	26	1:16:08	53	1:39:44	33	0:44:04	77
34	30050	鏑木 慎介	男	千葉県	2:23:49	0:24:06	39	1:19:25	125	1:43:31	55	0:40:18	27
35	45126	中島 秀彰	男	東京都	2:24:33	0:28:14	142	1:17:02	73	1:45:16	76	0:39:17	18
36	20002	奥脇 健太	男	学連	2:24:37	0:30:29	278	1:12:06	10	1:42:35	46	0:42:02	43
37	25094	渡辺 誉史	男	茨城県	2:24:51	0:25:07	62	1:16:54	70	1:42:01	43	0:42:50	56
38	30068	齋藤 宏光	男	埼玉県	2:25:01	0:21:07	2	1:15:17	44	1:36:24	13	0:48:37	199
39	25503	太田 麻衣子	女	千葉県	2:25:05	0:21:44	6	1:18:28	104	1:40:12	34	0:44:53	101
40	40070	鴨川 壯英	男	神奈川県	2:25:05	0:23:17	21	1:17:18	77	1:40:35	36	0:44:30	92
41	35053	木代 雅彦	男	東京都	2:25:16	0:29:02	196	1:14:47	40	1:43:49	63	0:41:27	38
42	40079	木村 航士	男	神奈川県	2:25:18	0:23:33	25	1:22:45	232	1:46:18	90	0:39:00	14
43	35521	松本 華奈	女	島根県	2:25:29	0:23:45	29	1:20:27	152	1:44:12	67	0:41:17	35
44	35001	Absous Olivier	男	French	2:26:04	0:22:50	14	1:20:30	153	1:43:20	53	0:42:44	54
45	35178	吉村 光司	男	埼玉県	2:26:09	0:21:57	8	1:13:59	29	1:35:56	9	0:50:13	272
46	40045	井上 伸一	男	千葉県	2:26:36	0:25:48	73	1:16:31	60	1:42:19	44	0:44:17	83
47	30111	三冨 真尚	男	神奈川県	2:26:40	0:28:20	152	1:14:27	36	1:42:47	48	0:43:53	74
48	35066	櫻井 龍太	男	神奈川県	2:26:52	0:26:00	78	1:17:16	76	1:43:16	52	0:43:36	68
49	45016	安茂 義洋	男	神奈川県	2:26:55	0:27:55	133	1:18:21	100	1:46:16	89	0:40:39	30
50	30065	小原 裕也	男	東京都	2:27:18	0:26:26	87	1:13:04	20	1:39:30	32	0:47:48	177
51	35063	小林 弘明	男	神奈川県	2:27:24	0:31:24	333	1:12:25	12	1:43:49	64	0:43:35	67
52	40162	中村 健志	男	神奈川県	2:27:32	0:27:09	107	1:15:47	52	1:42:56	49	0:44:36	95
53	40175	橋本 健	男	東京都	2:27:41	0:30:25	273	1:18:21	102	1:48:46	138	0:38:55	12
54	35043	笠井 歩	男	東京都	2:27:43	0:31:54	365	1:16:45	67	1:48:39	134	0:39:04	16
55	30126	吉田 拓也	男	愛知県	2:27:44	0:30:02	257	1:16:42	65	1:46:44	97	0:41:00	34
56	35101	寺本 芳章	男	東京都	2:27:54	0:31:28	337	1:13:21	22	1:44:49	72	0:43:05	58
57	30505	中島 聖子	女	兵庫県	2:28:02	0:23:47	30	1:23:36	264	1:47:23	108	0:40:39	29
58	40062	尾崎 敏之	男	神奈川県	2:28:03	0:27:06	105	1:16:21	56	1:43:27	54	0:44:36	94
59	25028	金井 悠二	男	千葉県	2:28:03	0:24:10	43	1:14:48	41	1:38:58	27	0:49:05	213
60	30101	廣澤 克壽	男	東京都	2:28:15	0:24:02	37	1:12:38	17	1:36:40	15	0:51:35	330
61	35157	水藤 祐之	男	東京都	2:28:23	0:31:02	314	1:14:06	31	1:45:08	74	0:43:15	63
62	40023	浅本 勝一	男	大阪府	2:28:30	0:31:26	334	1:14:34	38	1:46:00	85	0:42:30	51
63	35097	田中 康晴	男	神奈川県	2:28:47	0:31:46	354	1:14:08	33	1:45:54	82	0:42:53	57
64	35179	脇田 達司	男	佐賀県	2:28:49	0:29:53	245	1:16:33	61	1:46:26	93	0:42:23	48
65	25016	内海 敬大	男	神奈川県	2:28:53	0:29:13	208	1:20:36	158	1:49:49	153	0:39:04	15
66	30509	増田 頼子	女	東京都	2:29:16	0:22:52	15	1:22:16	209	1:45:08	73	0:44:08	79
67	35116	西山 博之	男	千葉県	2:29:31	0:25:01	58	1:16:12	54	1:41:13	38	0:48:18	188
68	30060	工藤 紳一廊	男	茨城県	2:29:45	0:26:10	83	1:17:35	85	1:43:45	61	0:46:00	127
69	40224	山本 敦	男	東京都	2:29:47	0:26:48	95	1:17:45	92	1:44:33	70	0:45:14	105
70	30096	萩原 岳人	男	東京都	2:29:54	0:23:59	35	1:21:32	183	1:45:31	78	0:44:23	87
71	35504	井上 恵理香	女	神奈川県	2:30:06	0:28:59	189	1:20:59	168	1:49:58	154	0:40:08	22
72	25005	朝田 雄介	男	兵庫県	2:30:17	0:30:15	264	1:13:26	23	1:43:41	58	0:46:36	144
73	35091	多田 将英	男	東京都	2:30:17	0:29:25	217	1:16:43	66	1:46:08	88	0:44:09	80
74	40018	赤羽 博文	男	神奈川県	2:30:19	0:29:26	220	1:17:23	78	1:46:49	100	0:43:30	66
75	40064	小柳津 智	男	東京都	2:30:44	0:30:26	274	1:16:28	59	1:46:54	103	0:43:50	72
76	30054	川村 勇気	男	静岡県	2:30:45	0:26:54	98	1:17:34	84	1:44:28	68	0:46:17	137
77	50004	Mears Kelen	男	Australia	2:30:53	0:28:10	140	1:18:37	109	1:46:47	99	0:44:06	78
78	30104	藤原 桂一郎	男	神奈川県	2:31:02	0:31:12	322	1:14:28	37	1:45:40	80	0:45:22	112
79	40025	荒木 茂	男	山形県	2:31:29	0:26:49	96	1:14:37	39	1:41:26	39	0:50:03	260
80	35009	Paul AdamRiddle	男	東京都	2:31:31	0:27:52	130	1:19:11	122	1:47:03	105	0:44:28	91
81	40213	森本 栄一	男	愛知県	2:31:46	0:25:54	75	1:22:15	206	1:48:09	126	0:43:37	69
82	20008	外山 涼太	男	学連	2:31:59	0:24:20	46	1:16:23	58	1:40:43	37	0:51:16	316
83	35515	鈴木 まさみ	女	福島県	2:32:03	0:26:40	91	1:21:05	173	1:47:45	115	0:44:18	85
84	35051	神田 茂樹	男	静岡県	2:32:08	0:30:48	297	1:16:58	71	1:47:46	116	0:44:22	86
85	35171	山田 宏一	男	東京都	2:32:09	0:24:54	56	1:17:40	90	1:42:34	45	0:49:35	235
86	35089	竹原 司郎	男	神奈川県	2:32:11	0:25:12	65	1:18:35	106	1:43:47	62	0:48:24	190
87	40093	小森 研一	男	長崎県	2:32:29	0:26:50	97	1:19:32	128	1:46:22	92	0:46:07	130
88	35114	西島 成和	男	大阪府	2:32:32	0:28:13	141	1:17:05	74	1:45:18	77	0:47:14	162
89	45068	小山 義英	男	東京都	2:32:33	0:29:40	229	1:16:22	57	1:46:02	86	0:46:31	142
90	40021	浅野 肇	男	神奈川県	2:32:37	0:31:09	320	1:17:32	82	1:48:41	137	0:43:56	75
91	40097	斎藤 雅彦	男	岩手県	2:32:40	0:28:32	166	1:17:56	93	1:46:28	94	0:46:12	134
92	25003	赤井 宏行	男	神奈川県	2:32:45	0:29:03	197	1:18:13	98	1:47:16	107	0:45:29	115
93	35061	小林 毅信	男	埼玉県	2:32:47	0:28:41	173	1:21:42	188	1:50:23	166	0:42:24	50
94	50002	John Boardman	男	USA	2:32:53	0:29:30	221	1:17:13	75	1:46:43	96	0:46:10	132
95	30100	平野 啓介	男	東京都	2:33:00	0:29:53	246	1:17:37	88	1:47:30	109	0:45:30	116
96	30501	枳穀 智恵	女	神奈川県	2:33:05	0:29:00	191	1:23:50	275	1:52:50	218	0:40:15	26
97	30001	Alexandros Tanti	男	Greece	2:33:10	0:25:04	60	1:18:01	96	1:43:05	51	0:50:05	262
98	55008	大西 哲夫	男	兵庫県	2:33:14	0:28:30	162	1:20:10	146	1:48:40	135	0:44:34	93
99	45177	山田 和夫	男	東京都	2:33:16	0:28:55	186	1:16:49	68	1:45:44	81	0:47:32	169
100	40074	河原崎 文弘	男	神奈川県	2:33:29	0:25:11	64	1:18:57	116	1:44:08	66	0:49:21	225
101	25053	鈴木 広志	男	神奈川県	2:33:37	0:28:14	144	1:18:40	111	1:46:54	102	0:46:43	149
102	40075	菊地 栄紀	男	東京都	2:33:42	0:28:31	163	1:16:38	64	1:45:09	75	0:48:33	196
103	25060	徳 厚洋	男	東京都	2:33:48	0:29:05	198	1:17:01	72	1:46:06	87	0:47:42	175
104	25086	安田 翼	男	東京都	2:33:55	0:23:49	31	1:20:06	144	1:43:55	65	0:50:00	254
105	30023	石井 裕介	男	神奈川県	2:34:12	0:31:52	362	1:15:19	45	1:47:11	106	0:47:01	156
106	45089	松月 美雄	男	神奈川県	2:34:13	0:33:10	454	1:17:38	89	1:50:48	170	0:43:25	65
107	30047	加治木 圭太	男	神奈川県	2:34:22	0:25:55	76	1:20:52	164	1:46:47	98	0:47:35	171
108	20013	山崎 晋平	男	神奈川県	2:34:40	0:23:14	20	1:15:37	51	1:38:51	26	0:55:49	509
109	45129	中野 誠	男	神奈川県	2:34:43	0:34:15	555	1:19:07	119	1:53:22	232	0:41:21	36
110	40066	加藤 荘十郎	男	栃木県	2:34:45	0:30:58	307	1:20:38	159	1:51:36	188	0:43:09	60
111	55015	佐藤 周平	男	東京都	2:34:45	0:28:21	154	1:20:13	149	1:48:34	131	0:46:11	133
112	30116	森 政史	男	神奈川県	2:34:49	0:28:50	181	1:22:52	235	1:51:42	192	0:43:07	59
113	45014	甘利 健	男	神奈川県	2:34:49	0:30:04	259	1:20:33	156	1:50:37	168	0:44:12	81
114	35044	片岡 秀臣	男	東京都	2:34:55	0:31:01	312	1:22:28	217	1:53:29	233	0:41:26	37
115	35106	中原 正智	男	京都府	2:34:56	0:30:03	258	1:18:38	110	1:48:41	136	0:46:15	136
116	40150	徳光 芳文	男	東京都	2:35:02	0:29:50	241	1:21:58	196	1:51:48	194	0:43:14	62
117	30026	和泉 潤	男	愛媛県	2:35:05	0:24:10	44	1:19:35	131	1:43:45	60	0:51:20	321
118	50070	寺田 孝	男	静岡県	2:35:12	0:31:26	335	1:19:57	139	1:51:23	179	0:43:49	71
119	30015	朝倉 太一	男	沖縄県	2:35:12	0:23:18	22	1:22:14	205	1:45:32	79	0:49:40	240
120	25502	大河内 智未	女	神奈川県	2:35:14	0:23:07	19	1:24:45	309	1:47:52	120	0:47:22	166
121	25043	崎山 恵右	男	東京都	2:35:31	0:21:34	5	1:24:46	311	1:46:20	91	0:49:11	216
122	35136	廣谷 徳永	男	千葉県	2:35:37	0:38:45	798	1:14:17	35	1:53:02	223	0:42:35	52
123	50080	沼田 真清	男	東京都	2:35:38	0:27:41	124	1:20:32	154	1:48:13	127	0:47:25	167
124	35119	能勢 鯨太	男	東京都	2:35:44	0:27:02	101	1:16:34	62	1:43:36	57	0:52:08	362
125	45114	辻 慶雄	男	神奈川県	2:35:57	0:28:56	187	1:18:51	114	1:47:47	117	0:48:10	184
126	35024	岩崎 猛朗	男	神奈川県	2:36:00	0:26:59	100	1:24:37	303	1:51:36	187	0:44:24	88
127	50077	中村 豪徳	男	神奈川県	2:36:00	0:28:21	155	1:17:33	83	1:45:54	83	0:50:06	264
128	40044	伊藤 正美	男	神奈川県	2:36:21	0:30:24	272	1:19:35	132	1:49:59	156	0:46:22	139
129	40234	若生 宏	男	東京都	2:36:22	0:29:01	192	1:19:26	126	1:48:27	129	0:47:55	180
130	40176	波床 知喜	男	兵庫県	2:36:37	0:34:11	550	1:19:03	117	1:53:14	230	0:43:23	64
131	45010	秋山 英明	男	千葉県	2:36:43	0:32:44	429	1:19:33	129	1:52:17	204	0:44:26	89
132	30013	秋山 優	男	宮城県	2:36:46	0:29:44	235	1:16:16	55	1:46:00	84	0:50:46	298
133	30098	原 健輔	男	大阪府	2:36:49	0:25:28	68	1:22:12	203	1:47:40	113	0:49:09	215
134	40202	水落 宇洋	男	神奈川県	2:36:54	0:33:57	531	1:18:40	112	1:52:37	213	0:44:17	84
135	35054	北園 八大	男	千葉県	2:37:05	0:28:19	151	1:19:17	123	1:47:36	110	0:49:29	232
136	45172	森 雅裕	男	東京都	2:37:07	0:28:06	137	1:22:16	208	1:50:22	165	0:46:45	150
137	30118	八木 洋介	男	静岡県	2:37:07	0:32:44	427	1:19:40	134	1:52:24	209	0:44:43	98
138	25015	上野 惇史	男	東京都	2:37:14	0:29:34	224	1:23:13	245	1:52:47	216	0:44:27	90
139	20003	尾崎 泰治	男	東京都	2:37:16	0:33:24	480	1:18:17	99	1:51:41	191	0:45:35	121
140	30512	山元 真理子	女	神奈川県	2:37:24	0:28:57	188	1:25:42	344	1:54:39	263	0:42:45	55
141	35125	長谷川 順久	男	神奈川県	2:37:31	0:30:16	266	1:19:58	140	1:50:14	161	0:47:17	164
142	45035	大坪 隆	男	埼玉県	2:37:34	0:26:30	88	1:25:04	317	1:51:34	186	0:46:00	128
143	40031	井崎 邦昭	男	神奈川県	2:37:35	0:29:40	230	1:24:13	288	1:53:53	242	0:43:42	70
144	50001	Ernesto A De Lima	男	MEXICO	2:37:43	0:30:40	287	1:18:51	115	1:49:31	148	0:48:12	185
145	50098	森 岩人	男	神奈川県	2:37:46	0:30:16	267	1:18:21	101	1:48:37	133	0:49:09	214
146	45155	松田 健二	男	神奈川県	2:37:47	0:29:10	204	1:22:12	204	1:51:22	178	0:46:25	140
147	30113	宮川 満寿雄	男	東京都	2:37:56	0:26:04	81	1:18:40	113	1:44:44	71	0:53:12	404
148	40027	安保 哲	男	神奈川県	2:37:57	0:31:47	355	1:21:05	172	1:52:52	220	0:45:05	104
149	25029	川合 尚	男	東京都	2:37:58	0:27:55	132	1:24:09	286	1:52:04	200	0:45:54	125
150	35121	芳賀 修	男	神奈川県	2:38:07	0:28:32	167	1:21:13	175	1:49:45	152	0:48:22	189
151	30085	塚越 景	男	神奈川県	2:38:17	0:30:13	263	1:19:54	138	1:50:07	158	0:48:10	183
152	35073	城後 信隆	男	東京都	2:38:20	0:27:39	122	1:20:17	150	1:47:56	123	0:50:24	280
153	40119	城平 徹	男	神奈川県	2:38:37	0:30:53	300	1:20:40	160	1:51:33	185	0:47:04	157
154	45515	村田 祥乃	女	静岡県	2:38:38	0:28:45	179	1:24:35	301	1:53:20	231	0:45:18	109
155	40212	森田 康二	男	千葉県	2:38:39	0:24:07	40	1:25:10	319	1:49:17	145	0:49:22	226
156	35111	生井 和平	男	東京都	2:38:55	0:29:56	249	1:20:11	147	1:50:07	159	0:48:48	205
157	50089	古川 正敏	男	東京都	2:39:07	0:28:15	145	1:21:08	174	1:49:23	146	0:49:44	242
158	45046	数本 雅幸	男	神奈川県	2:39:17	0:29:57	250	1:17:40	91	1:47:37	112	0:51:40	334
159	35016	石川 智浩	男	神奈川県	2:39:17	0:32:22	402	1:15:32	47	1:47:54	121	0:51:23	323
160	45180	湯浅 泰敏	男	東京都	2:39:18	0:33:23	478	1:21:14	176	1:54:37	259	0:44:41	97
161	40217	矢吹 輝	男	岡山県	2:39:19	0:28:08	138	1:20:53	165	1:49:01	141	0:50:18	276
162	45143	深澤 賛光	男	東京都	2:39:22	0:26:18	84	1:22:36	226	1:48:54	139	0:50:28	285
163	35165	森 聖師	男	東京都	2:39:25	0:24:13	45	1:23:49	274	1:48:02	124	0:51:23	322
164	40037	石原 輝治	男	東京都	2:39:28	0:27:44	126	1:23:43	267	1:51:27	181	0:48:01	181
165	25012	伊藤 総一	男	東京都	2:39:29	0:37:08	734	1:19:10	121	1:56:18	302	0:43:11	61
166	45098	高木 晋一	男	愛知県	2:39:41	0:29:07	202	1:30:00	526	1:59:07	375	0:40:34	28
167	35019	井出 智志	男	千葉県	2:39:43	0:30:38	283	1:17:26	81	1:48:04	125	0:51:39	332
168	25002	Giovanni Bono	男	USA	2:39:45	0:29:32	223	1:23:41	266	1:53:13	228	0:46:32	143
169	35138	藤田 大介	男	神奈川県	2:39:52	0:29:55	248	1:19:19	124	1:49:14	144	0:50:38	293
170	30107	松戸 泰樹	男	神奈川県	2:39:53	0:28:17	149	1:26:06	361	1:54:23	248	0:45:30	117
171	25020	大嶋 直樹	男	静岡県	2:40:04	0:32:39	419	1:21:52	193	1:54:31	251	0:45:33	118
172	40072	川野 裕次	男	東京都	2:40:08	0:31:54	366	1:21:35	185	1:53:29	234	0:46:39	147
173	45137	濱松 直親	男	東京都	2:40:11	0:31:27	336	1:19:48	136	1:51:15	176	0:48:56	208
174	35096	田中 徹	男	神奈川県	2:40:11	0:25:34	70	1:22:10	200	1:47:44	114	0:52:27	374
175	55009	片岡 康夫	男	茨城県	2:40:15	0:29:06	199	1:22:26	216	1:51:32	183	0:48:43	200
176	60009	岡本 正夫	男	神奈川県	2:40:17	0:31:23	332	1:17:35	86	1:48:58	140	0:51:19	319
177	40108	志賀 宏行	男	東京都	2:40:18	0:26:33	90	1:22:31	220	1:49:04	142	0:51:14	314
178	35174	尤 波	男	千葉県	2:40:27	0:27:27	117	1:20:51	163	1:48:18	128	0:52:09	364
179	40203	水落 祐二	男	東京都	2:40:35	0:30:00	255	1:22:19	210	1:52:19	206	0:48:16	187
180	40147	土谷 賢典	男	神奈川県	2:40:38	0:30:39	285	1:20:32	155	1:51:11	175	0:49:27	229
181	45111	谷山 史仁	男	神奈川県	2:40:41	0:32:43	426	1:17:58	95	1:50:41	169	0:50:00	253
182	25079	前田 繁章	男	東京都	2:40:52	0:26:58	99	1:22:42	228	1:49:40	150	0:51:12	313
183	35146	前島 大介	男	神奈川県	2:40:54	0:32:19	396	1:19:06	118	1:51:25	180	0:49:29	230
184	45093	杉浦 健文	男	千葉県	2:41:07	0:30:29	279	1:17:25	80	1:47:54	122	0:53:13	405
185	50092	本田 順	男	神奈川県	2:41:07	0:28:23	159	1:26:08	363	1:54:31	253	0:46:36	145
186	30064	小林 正典	男	東京都	2:41:12	0:28:31	165	1:22:49	233	1:51:20	177	0:49:52	248
187	45006	Ward Trevor	男	USA	2:41:18	0:29:50	242	1:21:17	178	1:51:07	174	0:50:11	269
188	45057	楜澤 信	男	神奈川県	2:41:18	0:28:36	169	1:17:57	94	1:46:33	95	0:54:45	476
189	40065	海谷 博樹	男	千葉県	2:41:24	0:25:56	77	1:20:57	167	1:46:53	101	0:54:31	462
190	45153	牧 幸一郎	男	長野県	2:41:29	0:30:45	292	1:25:27	329	1:56:12	301	0:45:17	108
191	40102	佐藤 正樹	男	東京都	2:41:31	0:29:07	203	1:22:35	224	1:51:42	193	0:49:49	246
192	25023	岡本 諭	男	神奈川県	2:41:32	0:29:12	207	1:22:50	234	1:52:02	199	0:49:30	233
193	40186	武堂 貴宏	男	埼玉県	2:41:33	0:29:18	213	1:23:12	244	1:52:30	210	0:49:03	210
194	30033	丑村 友暁	男	神奈川県	2:41:35	0:27:19	113	1:25:33	333	1:52:52	219	0:48:43	202
195	35084	高田 文洋	男	栃木県	2:41:42	0:31:57	373	1:20:08	145	1:52:05	201	0:49:37	237
196	30089	中江 俊博	男	東京都	2:41:47	0:33:38	506	1:23:29	256	1:57:07	322	0:44:40	96
197	25096	渡部 祐介	男	東京都	2:41:49	0:32:51	433	1:26:50	402	1:59:41	388	0:42:08	45
198	60024	松本 充	男	神奈川県	2:41:56	0:31:21	329	1:18:37	108	1:49:58	155	0:51:58	350
199	55033	山村 範雄	男	神奈川県	2:42:13	0:27:30	118	1:22:11	202	1:49:41	151	0:52:32	377
200	35147	前田 学	男	東京都	2:42:16	0:31:54	364	1:20:00	142	1:51:54	197	0:50:22	278
201	50044	小林 寛	男	東京都	2:42:17	0:33:58	534	1:19:08	120	1:53:06	224	0:49:11	217
202	30058	木塚 大悟	男	東京都	2:42:40	0:24:30	49	1:20:02	143	1:44:32	69	0:58:08	581
203	40106	澤田 裕行	男	神奈川県	2:42:41	0:29:17	212	1:22:21	212	1:51:38	189	0:51:03	308
204	50052	紫芝 弘之	男	千葉県	2:43:01	0:30:26	275	1:27:21	430	1:57:47	345	0:45:14	106
205	45078	猿田 克己	男	茨城県	2:43:03	0:27:32	119	1:23:26	255	1:50:58	172	0:52:05	358
206	25088	山村 勇騎	男	神奈川県	2:43:09	0:27:09	106	1:19:49	137	1:46:58	104	0:56:11	523
207	50003	Kambli Rolf	男	Swiss	2:43:13	0:30:08	261	1:22:15	207	1:52:23	208	0:50:50	301
208	50045	小山 進	男	神奈川県	2:43:13	0:29:25	218	1:23:46	270	1:53:11	226	0:50:02	257
209	35509	近藤 裕子	女	千葉県	2:43:16	0:33:34	495	1:26:58	410	2:00:32	420	0:42:44	53
210	40082	草野 善誠	男	岐阜県	2:43:16	0:27:58	134	1:21:14	177	1:49:12	143	0:54:04	441
211	35094	田中 相司	男	大阪府	2:43:19	0:29:16	211	1:23:07	240	1:52:23	207	0:50:56	304
212	30032	岩井 耕介	男	神奈川県	2:43:20	0:29:14	209	1:26:49	398	1:56:03	298	0:47:17	163
213	40083	國枝 秀行	男	東京都	2:43:21	0:34:34	572	1:19:30	127	1:54:04	245	0:49:17	222
214	35030	大野 修治	男	神奈川県	2:43:23	0:30:38	284	1:23:21	250	1:53:59	243	0:49:24	228
215	40505	川嶋 明子	女	東京都	2:43:26	0:26:10	82	1:23:16	246	1:49:26	147	0:54:00	434
216	45164	宮内 努	男	東京都	2:43:33	0:36:43	710	1:22:04	198	1:58:47	365	0:44:46	99
217	40158	中津海 哲夫	男	神奈川県	2:43:41	0:31:55	368	1:25:34	334	1:57:29	336	0:46:12	135
218	40182	福田 稔	男	東京都	2:43:51	0:33:33	494	1:20:41	161	1:54:14	246	0:49:37	238
219	40227	横瀬 隆司	男	東京都	2:43:55	0:34:01	537	1:18:13	97	1:52:14	203	0:51:41	336
220	35132	平澤 雅史	男	岐阜県	2:43:55	0:34:50	587	1:21:46	191	1:56:36	309	0:47:19	165
221	40153	内藤 洋志	男	神奈川県	2:44:00	0:27:22	114	1:24:30	295	1:51:52	195	0:52:08	363
222	45157	松本 修二	男	神奈川県	2:44:04	0:29:32	222	1:23:57	277	1:53:29	235	0:50:35	292
223	45121	冨永 武史	男	神奈川県	2:44:09	0:30:27	277	1:26:15	373	1:56:42	313	0:47:27	168
224	45081	篠崎 公一	男	神奈川県	2:44:10	0:35:58	662	1:22:22	213	1:58:20	354	0:45:50	124
225	40190	堀内 章広	男	東京都	2:44:12	0:29:59	254	1:21:28	182	1:51:27	182	0:52:45	386
226	35130	東 健太郎	男	愛媛県	2:44:12	0:31:57	372	1:20:12	148	1:52:09	202	0:52:03	352
227	35516	須見 眞左子	女	東京都	2:44:15	0:33:20	471	1:21:38	186	1:54:58	267	0:49:17	223
228	30508	細川 久実子	女	岩手県	2:44:25	0:28:44	175	1:26:24	380	1:55:08	272	0:49:17	224
229	40215	矢野 聡史	男	東京都	2:44:28	0:27:46	127	1:22:24	215	1:50:10	160	0:54:18	454
230	40181	福田 将之	男	神奈川県	2:44:30	0:28:45	178	1:21:34	184	1:50:19	164	0:54:11	448
231	30028	市川 和也	男	東京都	2:44:33	0:32:38	418	1:26:32	383	1:59:10	376	0:45:23	113
232	35103	中重 雄史	男	神奈川県	2:44:40	0:30:45	293	1:23:48	272	1:54:33	254	0:50:07	265
233	30056	北荘 正人	男	石川県	2:44:41	0:30:58	308	1:26:55	408	1:57:53	347	0:46:48	151
234	40087	後藤 武郎	男	山形県	2:44:44	0:31:44	351	1:25:20	327	1:57:04	321	0:47:40	174
235	40047	岩渕 貴光	男	岩手県	2:44:45	0:29:38	228	1:30:10	535	1:59:48	392	0:44:57	102
236	25041	坂野 圭一郎	男	神奈川県	2:44:49	0:31:58	377	1:17:36	87	1:49:34	149	0:55:15	490
237	45001	Byrd Jack	男	USA	2:44:49	0:32:00	380	1:16:36	63	1:48:36	132	0:56:13	525
238	40016	青中 伸一	男	埼玉県	2:44:49	0:28:54	184	1:22:01	197	1:50:55	171	0:53:54	427
239	35512	篠原 三陽	女	神奈川県	2:44:50	0:29:11	205	1:26:50	404	1:56:01	296	0:48:49	206
240	25095	渡辺 徹	男	神奈川県	2:44:54	0:35:26	624	1:23:21	251	1:58:47	364	0:46:07	131
241	50046	齋藤 博	男	神奈川県	2:44:54	0:29:50	240	1:26:39	391	1:56:29	306	0:48:25	191
242	50102	山崎 博之	男	神奈川県	2:44:58	0:31:51	358	1:22:33	223	1:54:24	249	0:50:34	291
243	40184	藤田 航平	男	東京都	2:45:13	0:31:01	313	1:24:42	307	1:55:43	289	0:49:30	234
244	30070	澤木 冬彦	男	東京都	2:45:15	0:32:23	403	1:20:48	162	1:53:11	225	0:52:04	354
245	40057	岡田 賢治	男	千葉県	2:45:19	0:31:53	363	1:22:45	231	1:54:38	260	0:50:41	295
246	45056	久保 秀樹	男	神奈川県	2:45:22	0:29:54	247	1:24:39	305	1:54:33	256	0:50:49	300
247	35099	玉置 泰宏	男	埼玉県	2:45:23	0:30:05	260	1:24:57	316	1:55:02	270	0:50:21	277
248	45076	佐伯 暢之	男	神奈川県	2:45:27	0:24:23	47	1:28:08	459	1:52:31	211	0:52:56	390
249	40038	泉 聡一郎	男	宮城県	2:45:30	0:28:50	182	1:22:43	230	1:51:33	184	0:53:57	430
250	45116	津野 健一	男	新潟県	2:45:31	0:31:57	376	1:23:25	253	1:55:22	279	0:50:09	266
251	40058	岡田 琢磨	男	東京都	2:45:39	0:29:25	216	1:26:12	367	1:55:37	283	0:50:02	259
252	35006	John Solheim	男	USA	2:45:40	0:29:41	232	1:25:30	331	1:55:11	274	0:50:29	286
253	40088	小西 達也	男	東京都	2:45:40	0:27:04	104	1:26:31	382	1:53:35	239	0:52:05	359
254	30017	阿住 信彦	男	神奈川県	2:45:41	0:30:51	299	1:23:48	273	1:54:39	262	0:51:02	307
255	25084	森下 健二	男	滋賀県	2:45:43	0:27:11	108	1:25:35	337	1:52:46	215	0:52:57	392
256	45029	大石 修司	男	千葉県	2:45:51	0:38:50	801	1:21:26	180	2:00:16	415	0:45:35	120
257	25034	木部 泰洋	男	東京都	2:45:53	0:35:48	650	1:26:15	374	2:02:03	470	0:43:50	73
258	35041	甲斐 隆彦	男	宮崎県	2:46:00	0:33:00	443	1:24:16	290	1:57:16	325	0:48:44	203
259	25505	中曽根 麻世	女	神奈川県	2:46:00	0:22:54	16	1:33:31	648	1:56:25	303	0:49:35	236
260	35505	江夏 直子	女	埼玉県	2:46:04	0:28:55	185	1:26:59	412	1:55:54	293	0:50:10	268
261	25033	岸園 康平	男	神奈川県	2:46:04	0:23:57	34	1:23:54	276	1:47:51	119	0:58:13	584
262	50012	石井 拓人	男	神奈川県	2:46:06	0:33:21	473	1:24:12	287	1:57:33	337	0:48:33	195
263	35506	木村 文	女	東京都	2:46:12	0:32:25	405	1:25:11	321	1:57:36	339	0:48:36	198
264	45099	高倉 徹	男	神奈川県	2:46:15	0:31:17	327	1:27:14	424	1:58:31	360	0:47:44	176
265	25058	竹岡 篤志	男	京都府	2:46:20	0:27:18	112	1:22:42	227	1:50:00	157	0:56:20	530
266	40043	伊藤 尚真	男	東京都	2:46:22	0:28:23	157	1:23:30	258	1:51:53	196	0:54:29	461
267	25064	中瀬 智也	男	神奈川県	2:46:24	0:34:48	584	1:19:33	130	1:54:21	247	0:52:03	351
268	45027	江野 史人	男	東京都	2:46:27	0:32:11	390	1:20:33	157	1:52:44	214	0:53:43	420
269	40095	斉藤 岳	男	神奈川県	2:46:32	0:31:48	356	1:23:25	254	1:55:13	276	0:51:19	320
270	25074	飛田 耶馬人	男	山梨県	2:46:33	0:36:22	688	1:23:19	248	1:59:41	387	0:46:52	153
271	30063	小西 隆夫	男	東京都	2:46:40	0:36:07	671	1:30:22	547	2:06:29	588	0:40:11	25
272	40090	小林 智	男	神奈川県	2:46:44	0:28:25	161	1:26:46	393	1:55:11	275	0:51:33	329
273	40164	成田 俊孝	男	神奈川県	2:46:50	0:31:14	324	1:25:30	330	1:56:44	316	0:50:06	263
274	35021	井上 茂亮	男	神奈川県	2:46:56	0:26:23	86	1:28:39	483	1:55:02	269	0:51:54	348
275	40185	藤原 裕	男	山梨県	2:46:58	0:35:15	614	1:24:07	285	1:59:22	380	0:47:36	173
276	45031	太田 伸一	男	東京都	2:47:01	0:33:49	519	1:26:52	406	2:00:41	428	0:46:20	138
277	35169	山口 仁	男	神奈川県	2:47:01	0:32:18	394	1:27:51	451	2:00:09	406	0:46:52	152
278	50009	浅川 浩一郎	男	神奈川県	2:47:04	0:30:15	265	1:24:20	292	1:54:35	257	0:52:29	375
279	35038	小澤 隆行	男	埼玉県	2:47:06	0:30:53	301	1:19:44	135	1:50:37	167	0:56:29	534
280	40168	西尾 栄二	男	東京都	2:47:15	0:32:10	389	1:25:53	351	1:58:03	350	0:49:12	218
281	45038	大平 幸典	男	神奈川県	2:47:15	0:35:43	640	1:25:50	349	2:01:33	458	0:45:42	123
282	30120	山名 一平	男	埼玉県	2:47:18	0:25:22	67	1:25:45	347	1:51:07	173	0:56:11	522
283	35022	井本 税	男	東京都	2:47:21	0:32:58	439	1:27:54	454	2:00:52	435	0:46:29	141
284	45136	濱畑 健次	男	神奈川県	2:47:22	0:28:40	172	1:26:59	411	1:55:39	285	0:51:43	338
285	30021	飯田 真之	男	神奈川県	2:47:50	0:35:40	635	1:26:50	403	2:02:30	488	0:45:20	111
286	40149	寺田 武史	男	東京都	2:47:51	0:30:44	291	1:23:46	271	1:54:30	250	0:53:21	409
287	40113	島 正博	男	東京都	2:47:53	0:37:52	763	1:19:36	133	1:57:28	334	0:50:25	283
288	40169	仁科 尚也	男	神奈川県	2:47:55	0:28:49	180	1:28:34	482	1:57:23	330	0:50:32	288
289	45109	田中 太	男	大阪府	2:47:57	0:39:12	812	1:21:41	187	2:00:53	436	0:47:04	158
290	40118	城 潔	男	東京都	2:48:00	0:31:59	378	1:27:31	437	1:59:30	384	0:48:30	193
291	40024	足立 吉信	男	神奈川県	2:48:03	0:36:54	721	1:28:46	485	2:05:40	564	0:42:23	49
292	45051	上白石 守	男	東京都	2:48:05	0:29:34	225	1:25:56	355	1:55:30	281	0:52:35	378
293	30083	滝沢 典史	男	埼玉県	2:48:13	0:36:37	703	1:24:01	278	2:00:38	424	0:47:35	172
294	40050	歌田 拓史	男	千葉県	2:48:24	0:33:20	470	1:21:26	181	1:54:46	264	0:53:38	417
295	40086	小久保 淳	男	神奈川県	2:48:29	0:30:55	303	1:26:19	379	1:57:14	323	0:51:15	315
296	45139	林 裕二	男	愛知県	2:48:33	0:33:36	500	1:26:14	371	1:59:50	393	0:48:43	201
297	40165	成田 昌臣	男	愛知県	2:48:40	0:28:23	160	1:26:10	364	1:54:33	255	0:54:07	443
298	45160	三浦 保志	男	神奈川県	2:48:42	0:32:57	438	1:27:15	426	2:00:12	411	0:48:30	192
299	35049	河崎 一茂	男	神奈川県	2:48:48	0:26:01	79	1:27:00	413	1:53:01	222	0:55:47	508
300	40167	仁木 寿志	男	宮城県	2:48:50	0:27:25	115	1:25:32	332	1:52:57	221	0:55:53	512
301	50037	北山 毅	男	東京都	2:48:51	0:33:15	461	1:25:10	320	1:58:25	358	0:50:26	284
302	35510	斎藤 美香	女	東京都	2:48:53	0:25:10	63	1:29:51	523	1:55:01	268	0:53:52	426
303	45050	金田 和男	男	神奈川県	2:48:56	0:33:53	526	1:22:43	229	1:56:36	311	0:52:20	369
304	25014	岩倉 和彦	男	三重県	2:49:10	0:31:15	326	1:28:58	493	2:00:13	412	0:48:57	209
305	40177	原田 康裕	男	神奈川県	2:49:12	0:30:40	286	1:25:56	356	1:56:36	310	0:52:36	379
306	45040	岡本 達也	男	東京都	2:49:13	0:33:51	521	1:26:50	400	2:00:41	429	0:48:32	194
307	40179	蛭子 直和	男	東京都	2:49:15	0:28:21	156	1:29:46	520	1:58:07	352	0:51:08	311
308	30123	吉奥 祐介	男	大阪府	2:49:25	0:35:36	630	1:21:58	195	1:57:34	338	0:51:51	344
309	50079	西村 弘	男	神奈川県	2:49:25	0:24:03	38	1:23:45	269	1:47:48	118	1:01:37	678
310	40230	吉田 啓	男	東京都	2:49:28	0:34:11	551	1:21:04	171	1:55:15	277	0:54:13	451
311	25507	村田 明子	女	千葉県	2:49:31	0:27:25	116	1:27:06	415	1:54:31	252	0:55:00	481
312	40054	大上 一人	男	千葉県	2:49:33	0:31:57	375	1:24:05	283	1:56:02	297	0:53:31	413
313	40189	細井 武志	男	東京都	2:49:34	0:30:18	269	1:25:54	354	1:56:12	300	0:53:22	410
314	40092	小林 輝	男	神奈川県	2:49:40	0:33:42	510	1:20:55	166	1:54:37	258	0:55:03	482
315	50065	高橋 國弘	男	神奈川県	2:49:43	0:33:31	491	1:25:40	340	1:59:11	377	0:50:32	289
316	40183	藤澤 基之	男	神奈川県	2:49:43	0:33:51	522	1:23:36	262	1:57:27	333	0:52:16	367
317	50507	平松 かおり	女	神奈川県	2:49:46	0:33:16	463	1:24:04	282	1:57:20	327	0:52:26	373
318	50074	中田 修裕	男	静岡県	2:49:53	0:33:43	512	1:26:12	368	1:59:55	396	0:49:58	252
319	45187	鷲津 雅広	男	東京都	2:49:57	0:30:58	309	1:29:12	501	2:00:10	410	0:49:47	245
320	40051	内山 一慶	男	東京都	2:49:57	0:33:11	455	1:29:48	521	2:02:59	503	0:46:58	154
321	35031	大森 雄介	男	神奈川県	2:49:59	0:31:22	330	1:23:25	252	1:54:47	265	0:55:12	489
322	25068	萩尾 一仁	男	東京都	2:50:05	0:29:25	219	1:26:43	392	1:56:08	299	0:53:57	429
323	50107	吉野 浩樹	男	神奈川県	2:50:05	0:33:04	446	1:24:36	302	1:57:40	342	0:52:25	372
324	35034	沖津 剛	男	神奈川県	2:50:05	0:31:30	340	1:24:31	297	1:56:01	295	0:54:04	440
325	35107	中村 朝之	男	東京都	2:50:06	0:31:38	349	1:28:18	469	1:59:56	397	0:50:10	267
326	40036	石橋 正樹	男	神奈川県	2:50:15	0:24:09	42	1:28:09	461	1:52:18	205	0:57:57	576
327	40030	池松 州一郎	男	東京都	2:50:17	0:31:55	369	1:25:20	326	1:57:15	324	0:53:02	394
328	45514	林 恵美子	女	東京都	2:50:18	0:36:45	711	1:25:59	357	2:02:44	494	0:47:34	170
329	45066	小櫃 久仁彦	男	神奈川県	2:50:20	0:37:39	757	1:27:07	417	2:04:46	543	0:45:34	119
330	50085	福士 幸彦	男	東京都	2:50:25	0:33:52	523	1:21:46	192	1:55:38	284	0:54:47	477
331	40098	斉藤 充宏	男	神奈川県	2:50:25	0:36:20	684	1:30:04	530	2:06:24	584	0:44:01	76
332	35035	沖津 英雄	男	東京都	2:50:32	0:30:46	295	1:25:45	346	1:56:31	307	0:54:01	436
333	40131	関口 秀之	男	東京都	2:50:32	0:36:01	664	1:23:06	239	1:59:07	374	0:51:25	325
334	30093	中山 竜一	男	東京都	2:50:33	0:31:29	339	1:25:14	324	1:56:43	314	0:53:50	425
335	30069	榊原 雄太	男	神奈川県	2:50:37	0:28:20	153	1:26:49	397	1:55:09	273	0:55:28	497
336	35144	堀内 智典	男	東京都	2:50:40	0:36:32	698	1:23:43	268	2:00:15	414	0:50:25	281
337	35007	琴 亮吉	男	Korea	2:50:45	0:30:19	270	1:22:53	236	1:53:12	227	0:57:33	564
338	50502	卯月 静子	女	東京都	2:50:46	0:32:21	400	1:24:35	300	1:56:56	320	0:53:50	424
339	40515	藤田 千華	女	神奈川県	2:50:49	0:36:35	701	1:24:45	310	2:01:20	450	0:49:29	231
340	35104	中島 悠	男	東京都	2:51:01	0:29:52	243	1:28:33	479	1:58:25	357	0:52:36	380
341	50106	横溝 英俊	男	千葉県	2:51:03	0:36:40	707	1:28:18	470	2:04:58	548	0:46:05	129
342	45090	小路 庸訓	男	東京都	2:51:07	0:31:23	331	1:26:16	376	1:57:39	341	0:53:28	412
343	30062	後藤 雄介	男	神奈川県	2:51:14	0:35:13	611	1:24:57	315	2:00:10	409	0:51:04	309
344	45123	長岡 信裕	男	東京都	2:51:23	0:32:25	406	1:26:48	395	1:59:13	378	0:52:10	366
345	45512	寺田 香織	女	東京都	2:51:26	0:33:17	465	1:26:50	401	2:00:07	404	0:51:19	318
346	55018	竹内 逸朗	男	埼玉県	2:51:31	0:32:15	393	1:27:07	418	1:59:22	381	0:52:09	365
347	40236	渡辺 殖	男	神奈川県	2:51:34	0:34:36	575	1:30:19	543	2:04:55	545	0:46:39	148
348	35068	笹倉 潤	男	東京都	2:51:36	0:35:09	607	1:23:31	259	1:58:40	363	0:52:56	389
349	55003	伊藤 哲夫	男	三重県	2:51:37	0:34:06	545	1:28:44	484	2:02:50	497	0:48:47	204
350	40013	相原 伸行	男	東京都	2:51:41	0:33:24	479	1:27:22	434	2:00:46	432	0:50:55	303
351	45095	関根 孝一	男	東京都	2:51:44	0:35:56	659	1:26:33	385	2:02:29	486	0:49:15	219
352	40091	小林 秀治	男	東京都	2:51:45	0:29:49	239	1:22:10	201	1:51:59	198	0:59:46	629
353	35076	鈴木 慎一郎	男	東京都	2:51:46	0:32:23	404	1:25:14	323	1:57:37	340	0:54:09	444
354	40192	前田 吉徳	男	東京都	2:51:47	0:26:31	89	1:27:02	414	1:53:33	237	0:58:14	585
355	30114	森 厚友	男	神奈川県	2:51:52	0:35:28	625	1:27:21	432	2:02:49	496	0:49:03	211
356	40125	鈴木 恒夫	男	東京都	2:51:52	0:31:45	352	1:24:02	280	1:55:47	291	0:56:05	517
357	50105	湯浅 和己	男	東京都	2:51:52	0:33:37	503	1:26:49	399	2:00:26	418	0:51:26	326
358	20015	和田 光暁	男	東京都	2:51:53	0:35:23	621	1:20:25	151	1:55:48	292	0:56:05	518
359	40101	佐藤 弘章	男	東京都	2:51:55	0:23:42	28	1:31:23	576	1:55:05	271	0:56:50	542
360	50066	高橋 直樹	男	東京都	2:51:56	0:32:09	388	1:26:14	370	1:58:23	356	0:53:33	414
361	45124	中川 雅之	男	神奈川県	2:51:56	0:29:57	251	1:31:48	589	2:01:45	462	0:50:11	270
362	50033	川野 政博	男	神奈川県	2:51:57	0:38:16	780	1:28:21	475	2:06:37	591	0:45:20	110
363	45115	土屋 慶幸	男	東京都	2:52:01	0:33:21	472	1:26:48	394	2:00:09	407	0:51:52	346
364	35074	神野 敦雄	男	東京都	2:52:03	0:32:35	416	1:19:59	141	1:52:34	212	0:59:29	618
365	45092	菅谷 英明	男	東京都	2:52:05	0:38:56	806	1:23:17	247	2:02:13	478	0:49:52	249
366	25085	八城 幸平	男	栃木県	2:52:05	0:34:34	571	1:29:38	517	2:04:12	531	0:47:53	179
367	30102	福島 誠也	男	神奈川県	2:52:06	0:33:06	450	1:27:42	443	2:00:48	433	0:51:18	317
368	60028	渡辺 正義	男	兵庫県	2:52:10	0:36:13	678	1:25:44	345	2:01:57	468	0:50:13	273
369	40085	郷右近 隆也	男	東京都	2:52:11	0:31:51	360	1:30:19	544	2:02:10	475	0:50:01	256
370	40229	横山 剛	男	東京都	2:52:14	0:35:48	649	1:27:11	423	2:02:59	504	0:49:15	220
371	35105	中野 稔	男	東京都	2:52:17	0:27:32	120	1:25:42	343	1:53:14	229	0:59:03	601
372	30073	清水 紀孝	男	宮城県	2:52:17	0:34:35	573	1:23:09	242	1:57:44	343	0:54:33	466
373	40068	冠木 隆	男	千葉県	2:52:21	0:38:25	785	1:21:53	194	2:00:18	416	0:52:03	353
374	25066	名取 和正	男	神奈川県	2:52:26	0:24:42	52	1:25:35	336	1:50:17	163	1:02:09	694
375	25072	原口 信輝	男	神奈川県	2:52:27	0:37:25	749	1:23:10	243	2:00:35	421	0:51:52	345
376	35513	下方 純代	女	神奈川県	2:52:28	0:33:37	501	1:28:50	488	2:02:27	485	0:50:01	255
377	30044	落合 大	男	東京都	2:52:30	0:34:37	576	1:21:04	170	1:55:41	286	0:56:49	539
378	40233	若林 夏樹	男	東京都	2:52:35	0:35:03	601	1:23:32	260	1:58:35	361	0:54:00	435
379	35071	柴崎 真夫	男	群馬県	2:52:37	0:37:48	762	1:24:19	291	2:02:07	473	0:50:30	287
380	40512	馬場 三佳	女	千葉県	2:52:38	0:25:39	72	1:28:59	494	1:54:38	261	0:58:00	579
381	40193	真下 昭	男	神奈川県	2:52:41	0:35:12	610	1:27:50	450	2:03:02	506	0:49:39	239
382	45080	篠江 洋人	男	東京都	2:52:44	0:33:18	468	1:27:20	429	2:00:38	426	0:52:06	360
383	40052	江波戸 一貴	男	東京都	2:52:48	0:31:38	348	1:29:19	505	2:00:57	441	0:51:51	343
384	35175	横田 裕弘	男	東京都	2:52:52	0:28:15	146	1:24:34	299	1:52:49	217	1:00:03	635
385	25082	宮下 純一	男	東京都	2:52:53	0:22:58	18	1:34:22	673	1:57:20	326	0:55:33	501
386	45073	佐々木 通孝	男	千葉県	2:52:55	0:34:07	547	1:24:42	308	1:58:49	369	0:54:06	442
387	30014	浅香 聡	男	東京都	2:52:56	0:24:29	48	1:25:47	348	1:50:16	162	1:02:40	704
388	45096	千田 茂雄	男	群馬県	2:52:59	0:30:46	294	1:33:10	638	2:03:56	527	0:49:03	212
389	45017	池水 雄一	男	東京都	2:53:00	0:34:38	577	1:28:19	472	2:02:57	502	0:50:03	261
390	25506	西牟田 啓	女	福岡県	2:53:01	0:28:37	170	1:27:07	416	1:55:44	290	0:57:17	558
391	40519	渡辺 広美	女	東京都	2:53:02	0:32:38	417	1:27:22	433	2:00:00	399	0:53:02	395
392	45146	福渡 純	男	東京都	2:53:03	0:25:05	61	1:26:34	386	1:51:39	190	1:01:24	672
393	70002	小林 達雄	男	愛知県	2:53:08	0:33:37	502	1:28:31	478	2:02:08	474	0:51:00	306
394	25090	吉田 哲也	男	大阪府	2:53:11	0:37:06	732	1:21:20	179	1:58:26	359	0:54:45	474
395	25026	奥田 直之	男	東京都	2:53:15	0:31:32	344	1:28:33	481	2:00:05	402	0:53:10	401
396	25045	島 秀栄	男	神奈川県	2:53:18	0:41:27	863	1:24:39	306	2:06:06	577	0:47:12	161
397	40509	高橋 千晶	女	東京都	2:53:19	0:29:07	201	1:26:13	369	1:55:20	278	0:57:59	577
398	30036	江澤 英充	男	神奈川県	2:53:27	0:35:45	643	1:30:37	555	2:06:22	583	0:47:05	159
399	35514	菅沢 佐智子	女	東京都	2:53:28	0:26:21	85	1:29:12	502	1:55:33	282	0:57:55	575
400	35118	野島 大輔	男	神奈川県	2:53:42	0:31:03	315	1:29:54	525	2:00:57	440	0:52:45	387
401	35120	野中 秋世	男	東京都	2:53:43	0:33:21	474	1:28:50	489	2:02:11	476	0:51:32	328
402	45052	木天 泰弘	男	神奈川県	2:54:01	0:33:36	497	1:27:08	419	2:00:44	430	0:53:17	408
403	35140	藤原 一騎	男	静岡県	2:54:02	0:26:02	80	1:22:28	218	1:48:30	130	1:05:32	766
404	25008	飯澤 卓馬	男	神奈川県	2:54:02	0:37:54	765	1:21:01	169	1:58:55	371	0:55:07	485
405	50030	川口 賀津夫	男	神奈川県	2:54:02	0:36:34	700	1:28:53	491	2:05:27	559	0:48:35	197
406	35013	案野 高志	男	神奈川県	2:54:05	0:35:34	628	1:26:15	372	2:01:49	465	0:52:16	368
407	30016	淺田 竜司	男	広島県	2:54:20	0:36:25	691	1:28:06	458	2:04:31	538	0:49:49	247
408	40216	矢作 力也	男	千葉県	2:54:21	0:34:47	582	1:26:30	381	2:01:17	447	0:53:04	397
409	35095	田中 慎一	男	東京都	2:54:24	0:34:10	549	1:28:10	465	2:02:20	481	0:52:04	355
410	35059	桑原 陽	男	東京都	2:54:25	0:27:33	121	1:26:06	362	1:53:39	240	1:00:46	655
411	40080	木村 光博	男	東京都	2:54:28	0:34:07	546	1:22:36	225	1:56:43	315	0:57:45	570
412	45072	佐々木 茂喜	男	京都府	2:54:30	0:31:35	346	1:29:44	519	2:01:19	449	0:53:11	402
413	60020	西内 秀一	男	福島県	2:54:31	0:31:55	367	1:24:30	296	1:56:25	305	0:58:06	580
414	40188	星野 正行	男	神奈川県	2:54:34	0:34:59	597	1:29:01	495	2:04:00	528	0:50:34	290
415	45047	粕谷 政則	男	神奈川県	2:54:45	0:37:14	738	1:31:51	591	2:09:05	648	0:45:40	122
416	35082	関 博之	男	神奈川県	2:54:45	0:33:55	527	1:30:48	560	2:04:43	541	0:50:02	258
417	20001	惠良 太一	男	東京都	2:54:47	0:34:52	589	1:30:10	538	2:05:02	549	0:49:45	243
418	40042	伊東 達次	男	広島県	2:54:48	0:36:09	674	1:28:15	468	2:04:24	536	0:50:24	279
419	40039	磯谷 宏	男	神奈川県	2:54:51	0:33:44	513	1:26:53	407	2:00:37	423	0:54:14	453
420	40115	清水 賢二	男	東京都	2:54:56	0:34:39	579	1:24:56	313	1:59:35	385	0:55:21	491
421	40123	鈴木 伸一	男	神奈川県	2:54:57	0:34:41	580	1:30:33	553	2:05:14	556	0:49:43	241
422	45127	永瀬 武彦	男	神奈川県	2:55:00	0:33:15	462	1:27:44	446	2:00:59	443	0:54:01	437
423	40513	林 摩里	女	東京都	2:55:03	0:29:37	227	1:31:42	586	2:01:19	448	0:53:44	422
424	30025	石山 幸風	男	大阪府	2:55:07	0:36:49	716	1:18:36	107	1:55:25	280	0:59:42	626
425	60021	丹羽 良志輝	男	三重県	2:55:07	0:34:19	560	1:26:16	375	2:00:35	422	0:54:32	465
426	55017	新藤 進	男	千葉県	2:55:20	0:32:20	398	1:31:15	572	2:03:35	520	0:51:45	339
427	40139	竹島 啓文	男	東京都	2:55:32	0:31:59	379	1:24:32	298	1:56:31	308	0:59:01	598
428	50099	盛重 達也	男	千葉県	2:55:40	0:33:28	486	1:33:58	662	2:07:26	613	0:48:14	186
429	35080	須永 高生	男	東京都	2:55:41	0:30:59	311	1:30:31	552	2:01:30	455	0:54:11	449
430	25006	天沼 智広	男	神奈川県	2:55:45	0:37:43	760	1:21:43	189	1:59:26	383	0:56:19	529
431	40002	David Macklin	男	Australia	2:55:51	0:31:51	361	1:26:58	409	1:58:49	368	0:57:02	551
432	45071	斉藤 正夫	男	神奈川県	2:55:54	0:29:37	226	1:39:10	788	2:08:47	638	0:47:07	160
433	40155	長島 康寿之	男	神奈川県	2:55:54	0:27:15	110	1:29:24	507	1:56:39	312	0:59:15	609
434	40507	鈴木 敦子	女	千葉県	2:56:01	0:33:09	452	1:29:05	497	2:02:14	479	0:53:47	423
435	40076	北尾 義嗣	男	東京都	2:56:01	0:32:29	411	1:29:13	503	2:01:42	460	0:54:19	455
436	60010	北山 敏和	男	和歌山県	2:56:03	0:34:00	536	1:35:03	694	2:09:03	645	0:47:00	155
437	40035	石井 晋	男	東京都	2:56:06	0:34:33	570	1:25:54	353	2:00:27	419	0:55:39	503
438	45094	鈴木 規之	男	愛知県	2:56:10	0:34:02	539	1:28:09	464	2:02:11	477	0:53:59	433
439	35153	松本 直仁	男	神奈川県	2:56:11	0:32:55	435	1:30:24	549	2:03:19	515	0:52:52	388
440	55007	大戸井 隆	男	神奈川県	2:56:17	0:34:33	569	1:29:06	498	2:03:39	522	0:52:38	381
441	40173	野寺 義典	男	東京都	2:56:20	0:37:53	764	1:28:09	462	2:06:02	574	0:50:18	275
442	45107	田中 慶	男	神奈川県	2:56:22	0:33:58	533	1:24:06	284	1:58:04	351	0:58:18	587
443	40078	北村 辰男	男	千葉県	2:56:23	0:31:37	347	1:25:13	322	1:56:50	317	0:59:33	620
444	40112	柴谷 淑夫	男	東京都	2:56:25	0:34:28	565	1:27:10	421	2:01:38	459	0:54:47	478
445	30053	川崎 太郎	男	神奈川県	2:56:31	0:39:31	821	1:26:12	366	2:05:43	566	0:50:48	299
446	40503	岡田 貴美子	女	徳島県	2:56:39	0:33:30	489	1:28:55	492	2:02:25	483	0:54:14	452
447	35172	山之内 雄臣	男	神奈川県	2:56:40	0:34:35	574	1:31:13	569	2:05:48	569	0:50:52	302
448	40502	Takaoka Shiila	女	香港	2:56:42	0:31:31	341	1:27:17	427	1:58:48	367	0:57:54	574
449	30122	横関 雄輔	男	東京都	2:56:44	0:37:55	767	1:28:04	457	2:05:59	573	0:50:45	296
450	45513	羽田 恵子	女	神奈川県	2:56:47	0:34:01	538	1:31:06	565	2:05:07	553	0:51:40	335
451	40094	斉藤 出	男	神奈川県	2:56:53	0:33:29	488	1:30:10	536	2:03:39	521	0:53:14	406
452	30109	馬見塚 智浩	男	神奈川県	2:56:54	0:36:10	675	1:25:17	325	2:01:27	453	0:55:27	496
453	35154	馬見塚 弥	男	神奈川県	2:56:59	0:31:51	359	1:26:00	358	1:57:51	346	0:59:08	606
454	35092	忠内 正通	男	静岡県	2:57:01	0:33:02	444	1:24:22	293	1:57:24	331	0:59:37	622
455	50101	山口 芳生	男	神奈川県	2:57:01	0:34:02	542	1:25:38	338	1:59:40	386	0:57:21	560
456	40103	佐藤 正利	男	神奈川県	2:57:03	0:35:18	617	1:25:39	339	2:00:57	442	0:56:06	520
457	30117	守屋 順之	男	東京都	2:57:06	0:33:38	505	1:30:44	558	2:04:22	535	0:52:44	385
458	30080	孫 一甲	男	神奈川県	2:57:14	0:33:08	451	1:32:29	614	2:05:37	561	0:51:37	331
459	40056	大森 克実	男	神奈川県	2:57:16	0:40:12	836	1:27:19	428	2:07:31	617	0:49:45	244
460	45185	吉村 慶太郎	男	神奈川県	2:57:19	0:34:14	553	1:28:15	467	2:02:29	487	0:54:50	479
461	40198	松田 裕行	男	神奈川県	2:57:21	0:32:51	432	1:24:02	279	1:56:53	319	1:00:28	647
462	45079	鹿野 裕治	男	神奈川県	2:57:23	0:38:44	793	1:24:03	281	2:02:47	495	0:54:36	469
463	60017	田中 茂	男	東京都	2:57:26	0:33:53	525	1:27:39	441	2:01:32	457	0:55:54	514
464	45103	高橋 和宏	男	神奈川県	2:57:28	0:40:47	850	1:23:34	261	2:04:21	534	0:53:07	399
465	45502	池田 千夏	女	神奈川県	2:57:28	0:41:04	857	1:28:33	480	2:09:37	657	0:47:51	178
466	35004	Francis Belin	男	French	2:57:30	0:29:49	238	1:28:14	466	1:58:03	349	0:59:27	615
467	25059	手塚 拓身	男	東京都	2:57:35	0:38:30	788	1:26:01	359	2:04:31	537	0:53:04	396
468	50090	古舘 克明	男	東京都	2:57:38	0:29:58	253	1:30:08	533	2:00:06	403	0:57:32	562
469	35093	舘 諭	男	東京都	2:57:40	0:34:53	592	1:22:32	221	1:57:25	332	1:00:15	643
470	45189	渡辺 英輔	男	東京都	2:57:43	0:28:23	158	1:30:24	550	1:58:47	366	0:58:56	597
471	30125	善積 良至	男	東京都	2:57:45	0:33:57	532	1:21:44	190	1:55:41	287	1:02:04	691
472	45113	塚田 毅	男	東京都	2:57:49	0:30:42	289	1:22:59	237	1:53:41	241	1:04:08	737
473	45118	遠田 忠	男	東京都	2:57:52	0:35:56	660	1:25:52	350	2:01:48	463	0:56:04	516
474	40041	伊藤 彰夫	男	栃木県	2:57:57	0:29:11	206	1:30:13	540	1:59:24	382	0:58:33	590
475	45049	加藤 満	男	神奈川県	2:57:58	0:31:28	338	1:24:13	289	1:55:41	288	1:02:17	695
476	20004	角田 優介	男	埼玉県	2:58:03	0:33:06	449	1:30:23	548	2:03:29	517	0:54:34	468
477	30029	伊東 克真	男	千葉県	2:58:04	0:32:49	431	1:30:41	556	2:03:30	518	0:54:34	467
478	40138	武内 祐二	男	神奈川県	2:58:07	0:38:54	804	1:26:51	405	2:05:45	567	0:52:22	370
479	45184	吉野 たけし	男	東京都	2:58:19	0:29:02	193	1:36:45	738	2:05:47	568	0:52:32	376
480	30071	澤尻 剣士	男	神奈川県	2:58:20	0:37:20	743	1:26:48	396	2:04:08	529	0:54:12	450
481	50042	小高 勝	男	東京都	2:58:25	0:34:18	559	1:29:23	506	2:03:41	523	0:54:44	473
482	40180	福嶋 幸男	男	東京都	2:58:26	0:34:41	581	1:31:52	592	2:06:33	589	0:51:53	347
483	45190	渡部 嘉文	男	群馬県	2:58:28	0:34:52	588	1:26:37	390	2:01:29	454	0:56:59	549
484	50088	藤井 淳	男	神奈川県	2:58:30	0:34:24	563	1:31:24	577	2:05:48	570	0:52:42	384
485	35090	武村 良平	男	東京都	2:58:33	0:33:49	518	1:28:08	460	2:01:57	467	0:56:36	535
486	35117	野澤 健男	男	神奈川県	2:58:34	0:32:03	382	1:25:26	328	1:57:29	335	1:01:05	663
487	55006	大塚 美智也	男	熊本県	2:58:39	0:37:03	728	1:28:20	473	2:05:23	558	0:53:16	407
488	35143	細野 貴志	男	東京都	2:58:40	0:30:42	288	1:29:04	496	1:59:46	391	0:58:54	596
489	45178	山田 正	男	長野県	2:58:48	0:30:49	298	1:31:13	570	2:02:02	469	0:56:46	538
490	25049	新川 拓	男	東京都	2:58:49	0:28:44	177	1:32:43	624	2:01:27	452	0:57:22	561
491	25050	末廣 亮太	男	千葉県	2:58:51	0:33:45	515	1:35:12	698	2:08:57	643	0:49:54	251
492	45176	山下 茂樹	男	神奈川県	2:58:55	0:35:42	638	1:31:05	564	2:06:47	597	0:52:08	361
493	50103	山崎 裕二	男	神奈川県	2:59:00	0:30:27	276	1:34:49	684	2:05:16	557	0:53:44	421
494	55012	小山 修	男	茨城県	2:59:11	0:34:24	562	1:31:41	584	2:06:05	576	0:53:06	398
495	45070	斎藤 一郎	男	東京都	2:59:20	0:35:40	634	1:31:35	580	2:07:15	608	0:52:05	357
496	40159	中野 浩	男	神奈川県	2:59:22	0:28:31	164	1:32:41	621	2:01:12	446	0:58:10	582
497	45165	宮崎 幸治	男	神奈川県	2:59:23	0:32:41	425	1:26:37	389	1:59:18	379	1:00:05	637
498	45504	川上 由美子	女	神奈川県	2:59:24	0:36:02	666	1:33:29	647	2:09:31	655	0:49:53	250
499	40048	植野 成昭	男	東京都	2:59:25	0:33:13	460	1:36:56	742	2:10:09	674	0:49:16	221
500	35040	織田 康宏	男	神奈川県	2:59:27	0:29:40	231	1:34:07	664	2:03:47	526	0:55:40	504
501	35026	上田 元治	男	東京都	2:59:47	0:32:40	424	1:27:24	435	2:00:04	401	0:59:43	628
502	60504	野上 ジエラルディン	女	東京都	2:59:56	0:31:08	319	1:30:17	541	2:01:25	451	0:58:31	589
503	35046	加藤 素文	男	静岡県	3:00:08	0:32:55	434	1:27:08	420	2:00:03	400	1:00:05	636
504	40210	持丸 常人	男	東京都	3:00:08	0:28:40	171	1:30:20	546	1:59:00	372	1:01:08	665
505	35508	桑山 安代	女	東京都	3:00:09	0:33:36	498	1:22:24	214	1:56:00	294	1:04:09	738
506	35032	岡本 鉄平	男	東京都	3:00:14	0:40:02	833	1:28:30	477	2:08:32	634	0:51:42	337
507	50505	末光 浩美	女	愛媛県	3:00:14	0:32:40	422	1:25:41	341	1:58:21	355	1:01:53	686
508	40114	島田 典昭	男	東京都	3:00:19	0:33:59	535	1:32:55	627	2:06:54	598	0:53:25	411
509	40116	清水 幸平	男	神奈川県	3:00:22	0:35:21	619	1:28:24	476	2:03:45	525	0:56:37	536
510	40015	青木 秀夫	男	東京都	3:00:30	0:33:21	475	1:24:38	304	1:57:59	348	1:02:31	699
511	35087	高原 宏明	男	神奈川県	3:00:41	0:31:31	342	1:35:12	697	2:06:43	594	0:53:58	432
512	40069	亀井 和利	男	神奈川県	3:00:53	0:40:24	841	1:22:29	219	2:02:53	499	0:58:00	578
513	45033	大津 伸一	男	神奈川県	3:00:56	0:34:48	585	1:30:19	542	2:05:07	552	0:55:49	510
514	35110	中山 誠基	男	東京都	3:00:57	0:36:21	685	1:23:36	263	1:59:57	398	1:01:00	658
515	45167	村山 和宏	男	愛知県	3:01:02	0:37:22	745	1:30:05	531	2:07:27	615	0:53:35	415
516	30097	長谷川 哲	男	神奈川県	3:01:03	0:32:59	442	1:24:46	312	1:57:45	344	1:03:18	719
517	25061	登地 秀壮	男	愛知県	3:01:06	0:34:56	596	1:34:16	670	2:09:12	651	0:51:54	349
518	25055	泰地 雄也	男	神奈川県	3:01:10	0:35:14	612	1:24:56	314	2:00:10	408	1:01:00	657
519	50032	川田 浩	男	山形県	3:01:11	0:35:39	633	1:29:30	511	2:05:09	555	0:56:02	515
520	55502	宮内 昌子	女	東京都	3:01:15	0:35:12	609	1:27:53	453	2:03:05	508	0:58:10	583
521	40163	中村 洋一	男	神奈川県	3:01:17	0:46:47	931	1:23:06	238	2:09:53	666	0:51:24	324
522	50076	中田 康晴	男	神奈川県	3:01:19	0:36:02	667	1:32:21	606	2:08:23	632	0:52:56	391
523	40026	嵐 信明	男	神奈川県	3:01:21	0:31:48	357	1:25:05	318	1:56:53	318	1:04:28	745
524	35170	山口 貴嗣	男	神奈川県	3:01:25	0:32:04	383	1:26:11	365	1:58:15	353	1:03:10	714
525	60008	大石 量俊	男	神奈川県	3:01:34	0:33:36	499	1:28:49	487	2:02:25	484	0:59:09	607
526	45120	徳永 英樹	男	神奈川県	3:01:36	0:35:46	645	1:31:19	573	2:07:05	604	0:54:31	463
527	45034	大塚 邦幸	男	東京都	3:01:43	0:40:28	842	1:22:07	199	2:02:35	490	0:59:08	605
528	35145	堀木 伸一	男	愛知県	3:01:50	0:38:30	787	1:31:33	579	2:10:03	670	0:51:47	341
529	45008	茜ヶ久保 亮太	男	東京都	3:01:50	0:41:19	860	1:25:54	352	2:07:13	606	0:54:37	470
530	35131	引網 善久	男	東京都	3:01:51	0:31:03	316	1:29:35	516	2:00:38	425	1:01:13	667
531	35166	谷井 啓一	男	東京都	3:01:56	0:22:55	17	1:31:52	593	1:54:47	266	1:07:09	796
532	55027	広井 栄一	男	埼玉県	3:01:57	0:38:36	789	1:30:11	539	2:08:47	639	0:53:10	400
533	40160	長濱 徹宏	男	東京都	3:01:59	0:30:56	305	1:32:22	607	2:03:18	514	0:58:41	592
534	50036	菊地 幸夫	男	東京都	3:01:59	0:28:44	176	1:27:41	442	1:56:25	304	1:05:34	767
535	50057	白又 浩	男	神奈川県	3:02:01	0:33:48	517	1:31:10	568	2:04:58	547	0:57:03	552
536	50005	Toews Murray	男	Canadian	3:02:02	0:33:13	458	1:36:25	728	2:09:38	658	0:52:24	371
537	25069	馬場 洋行	男	神奈川県	3:02:17	0:29:47	237	1:31:24	578	2:01:11	444	1:01:06	664
538	40105	佐貫 伸行	男	神奈川県	3:02:20	0:33:40	508	1:26:02	360	1:59:42	390	1:02:38	702
539	30127	吉田 英彰	男	岩手県	3:02:24	0:32:39	420	1:27:44	445	2:00:23	417	1:02:01	690
540	50095	松本 博行	男	神奈川県	3:02:25	0:34:17	558	1:33:00	628	2:07:17	610	0:55:08	486
541	40195	松尾 浩史	男	神奈川県	3:02:29	0:33:02	445	1:31:53	595	2:04:55	544	0:57:34	565
542	45140	平石 儀丈	男	東京都	3:02:33	0:29:53	244	1:38:31	779	2:08:24	633	0:54:09	445
543	35518	能勢 百合子	女	東京都	3:02:35	0:33:16	464	1:31:47	588	2:05:03	550	0:57:32	563
544	40204	水藤 圭行	男	神奈川県	3:02:36	0:25:18	66	1:18:24	103	1:43:42	59	1:18:54	902
545	45188	渡辺 郁也	男	東京都	3:02:40	0:41:00	856	1:27:15	425	2:08:15	628	0:54:25	459
546	50038	木村 敏郎	男	東京都	3:02:42	0:35:25	622	1:30:28	551	2:05:53	571	0:56:49	540
547	45133	野中 博文	男	東京都	3:02:44	0:33:29	487	1:29:35	514	2:03:04	507	0:59:40	624
548	50014	磯田 孝義	男	香川県	3:02:48	0:38:36	790	1:34:49	685	2:13:25	731	0:49:23	227
549	45162	三沢 修	男	東京都	3:02:53	0:35:47	647	1:36:26	730	2:12:13	707	0:50:40	294
550	45507	神野 実千代	女	大阪府	3:02:54	0:36:06	670	1:32:38	620	2:08:44	637	0:54:10	447
551	45097	田上 敏明	男	東京都	3:02:55	0:36:51	719	1:30:10	537	2:07:01	600	0:55:54	513
552	55025	半谷 和祐	男	東京都	3:02:59	0:33:25	481	1:29:35	515	2:03:00	505	0:59:59	634
553	35122	橋口 篤慶	男	東京都	3:03:00	0:37:05	730	1:34:57	691	2:12:02	704	0:50:58	305
554	40137	滝本 雅之	男	神奈川県	3:03:02	0:30:55	304	1:30:01	527	2:00:56	439	1:02:06	692
555	60006	岩田 孝	男	埼玉県	3:03:02	0:32:31	413	1:33:37	652	2:06:08	580	0:56:54	543
556	35160	箕浦 秀樹	男	東京都	3:03:12	0:32:13	392	1:27:42	444	1:59:55	395	1:03:17	717
557	55028	福岡 喜正	男	東京都	3:03:13	0:28:16	148	1:32:24	608	2:00:40	427	1:02:33	700
558	45125	中島 修	男	神奈川県	3:03:19	0:36:25	690	1:32:26	611	2:08:51	641	0:54:28	460
559	35155	三浦 洋	男	神奈川県	3:03:19	0:37:15	739	1:28:52	490	2:06:07	578	0:57:12	557
560	35028	遠藤 皇一	男	神奈川県	3:03:21	0:31:15	325	1:29:41	518	2:00:56	438	1:02:25	697
561	45075	佐藤 健	男	東京都	3:03:24	0:32:01	381	1:27:53	452	1:59:54	394	1:03:30	723
562	45022	伊藤 雅己	男	神奈川県	3:03:27	0:34:05	544	1:28:47	486	2:02:52	498	1:00:35	649
563	50071	常盤 澄穗	男	神奈川県	3:03:29	0:34:16	557	1:29:25	508	2:03:41	524	0:59:48	630
564	40127	砂川 敏晴	男	神奈川県	3:03:38	0:39:28	816	1:23:29	257	2:02:57	501	1:00:41	652
565	40214	八木 英道	男	神奈川県	3:03:40	0:28:14	143	1:36:25	729	2:04:39	540	0:59:01	600
566	30048	堅田 航平	男	東京都	3:03:52	0:37:46	761	1:28:19	471	2:06:05	575	0:57:47	571
567	35036	尾口 修平	男	東京都	3:03:56	0:35:11	608	1:31:45	587	2:06:56	599	0:57:00	550
568	45102	高橋 一成	男	東京都	3:04:00	0:29:42	233	1:34:51	686	2:04:33	539	0:59:27	616
569	40005	Gary Lane	男	USA	3:04:04	0:32:06	387	1:31:15	571	2:03:21	516	1:00:43	653
570	40144	谷淵 伸明	男	神奈川県	3:04:06	0:35:36	632	1:33:51	656	2:09:27	654	0:54:39	472
571	30108	松永 啓史	男	神奈川県	3:04:09	0:36:00	663	1:36:04	721	2:12:04	705	0:52:05	356
572	35523	宮本 理恵子	女	神奈川県	3:04:10	0:31:07	317	1:32:00	599	2:03:07	510	1:01:03	662
573	40081	桐ヶ谷 直人	男	神奈川県	3:04:15	0:34:31	567	1:32:32	616	2:07:03	603	0:57:12	555
574	45077	皿嶋 明彦	男	神奈川県	3:04:27	0:36:23	689	1:31:20	574	2:07:43	620	0:56:44	537
575	60026	守屋 和利	男	東京都	3:04:31	0:34:49	586	1:40:48	817	2:15:37	766	0:48:54	207
576	50008	秋山 実	男	神奈川県	3:04:33	0:32:11	391	1:27:30	436	1:59:41	389	1:04:52	756
577	30124	吉川 元基	男	神奈川県	3:04:34	0:35:42	637	1:37:01	745	2:12:43	716	0:51:51	342
578	50028	上口 恭生	男	神奈川県	3:04:39	0:35:51	654	1:33:06	633	2:08:57	644	0:55:42	506
579	25019	大島 信一	男	東京都	3:04:40	0:35:08	605	1:33:58	661	2:09:06	649	0:55:34	502
580	45110	谷口 英明	男	千葉県	3:04:46	0:32:06	386	1:26:33	384	1:58:39	362	1:06:07	776
581	40226	除村 篤史	男	神奈川県	3:04:48	0:30:54	302	1:32:12	605	2:03:06	509	1:01:42	681
582	35123	橋本 和洋	男	神奈川県	3:04:48	0:28:09	139	1:32:00	598	2:00:09	405	1:04:39	750
583	45104	高橋 宏昭	男	神奈川県	3:04:50	0:38:03	774	1:35:16	702	2:13:19	727	0:51:31	327
584	25040	昆野 健理	男	神奈川県	3:04:52	0:35:03	602	1:22:19	211	1:57:22	328	1:07:30	802
585	40218	山形 隆行	男	東京都	3:04:57	0:35:35	629	1:34:59	692	2:10:34	688	0:54:23	458
586	35075	菅沼 和人	男	神奈川県	3:05:00	0:38:05	775	1:27:34	439	2:05:39	562	0:59:21	612
587	45042	岡本 夏樹	男	東京都	3:05:05	0:35:00	598	1:33:16	640	2:08:16	629	0:56:49	541
588	30110	三林 優	男	東京都	3:05:09	0:24:44	53	1:38:28	778	2:03:12	512	1:01:57	687
589	30087	照井 智也	男	神奈川県	3:05:21	0:35:30	626	1:32:31	615	2:08:01	624	0:57:20	559
590	35124	長谷川 啓	男	神奈川県	3:05:21	0:34:15	556	1:36:00	720	2:10:15	677	0:55:06	484
591	45147	藤井 勝裕	男	神奈川県	3:05:27	0:39:42	826	1:33:07	636	2:12:49	717	0:52:38	382
592	50043	後藤 信一郎	男	東京都	3:05:38	0:46:50	933	1:28:03	456	2:14:53	750	0:50:45	297
593	40012	相澤 薫	男	神奈川県	3:05:45	0:31:56	370	1:29:15	504	2:01:11	445	1:04:34	747
594	35070	茂田 智仁	男	福岡県	3:05:47	0:34:28	564	1:27:38	440	2:02:06	472	1:03:41	729
595	40511	西澤 知子	女	神奈川県	3:05:48	0:29:00	190	1:36:58	743	2:05:58	572	0:59:50	631
596	25057	高橋 航	男	東京都	3:05:49	0:36:21	686	1:26:36	388	2:02:57	500	1:02:52	709
597	30057	北村 眞介	男	東京都	3:05:50	0:40:22	839	1:30:03	529	2:10:25	682	0:55:25	493
598	40096	斉藤 忠司	男	神奈川県	3:05:51	0:35:20	618	1:35:02	693	2:10:22	680	0:55:29	498
599	30061	黒田 泰史	男	神奈川県	3:05:55	0:34:52	590	1:33:29	646	2:08:21	630	0:57:34	566
600	30034	内田 大介	男	神奈川県	3:05:56	0:35:51	655	1:33:55	659	2:09:46	663	0:56:10	521
601	35173	山本 純二	男	神奈川県	3:05:59	0:34:32	568	1:36:55	741	2:11:27	696	0:54:32	464
602	30105	増子 貴紀	男	千葉県	3:06:00	0:29:06	200	1:24:29	294	1:53:35	238	1:12:25	858
603	25091	和田 光弘	男	東京都	3:06:09	0:36:38	705	1:29:49	522	2:06:27	587	0:59:42	627
604	40235	和田 裕康	男	神奈川県	3:06:12	0:30:37	282	1:35:58	719	2:06:35	590	0:59:37	621
605	60005	伊東 豊信	男	神奈川県	3:06:12	0:36:25	692	1:33:34	650	2:09:59	668	0:56:13	526
606	50040	幸得 昭彦	男	神奈川県	3:06:15	0:36:33	699	1:29:08	499	2:05:41	565	1:00:34	648
607	25083	麦島 淳司	男	神奈川県	3:06:25	0:27:46	128	1:26:18	378	1:54:04	244	1:12:21	856
608	30086	寺下 洋平	男	神奈川県	3:06:28	0:34:14	554	1:33:52	658	2:08:06	625	0:58:22	588
609	55021	中辻 真可	男	神奈川県	3:06:32	0:36:35	702	1:25:42	342	2:02:17	480	1:04:15	740
610	70003	佐野 博男	男	東京都	3:06:34	0:30:01	256	1:35:31	708	2:05:32	560	1:01:02	660
611	45087	下越 幸二	男	千葉県	3:06:35	0:31:41	350	1:44:38	872	2:16:19	774	0:50:16	274
612	25025	荻原 龍三	男	東京都	3:06:36	0:38:44	795	1:34:13	668	2:12:57	719	0:53:39	418
613	45069	近藤 真彦	男	東京都	3:06:40	0:37:10	737	1:33:16	639	2:10:26	684	0:56:14	527
614	45105	高橋 義明	男	東京都	3:06:45	0:28:18	150	1:30:33	554	1:58:51	370	1:07:54	811
615	60012	小嶋 健司	男	東京都	3:06:49	0:31:57	374	1:37:55	770	2:09:52	665	0:56:57	545
616	25004	秋庭 順	男	東京都	3:06:53	0:47:01	934	1:34:24	675	2:21:25	832	0:45:28	114
617	30075	菅沼 洋輔	男	東京都	3:06:53	0:32:19	397	1:42:48	852	2:15:07	752	0:51:46	340
618	50084	平本 幸太郎	男	広島県	3:06:54	0:37:56	769	1:34:35	682	2:12:31	713	0:54:23	457
619	45012	浅野 潔	男	神奈川県	3:06:56	0:31:34	345	1:33:35	651	2:05:09	554	1:01:47	683
620	35014	飯田 響	男	東京都	3:07:02	0:37:38	754	1:32:26	613	2:10:04	671	0:56:58	548
621	35168	山口 聡一	男	東京都	3:07:07	0:34:02	540	1:23:21	249	1:57:23	329	1:09:44	833
622	30005	Kasmara Andre	男	Indonesia	3:07:10	0:35:58	661	1:36:21	726	2:12:19	711	0:54:51	480
623	35011	青木 健太郎	男	神奈川県	3:07:12	0:33:05	447	1:27:45	447	2:00:50	434	1:06:22	781
624	30041	大森 守	男	静岡県	3:07:12	0:35:26	623	1:34:34	681	2:10:00	669	0:57:12	556
625	30059	楠 浩明	男	神奈川県	3:07:15	0:34:13	552	1:40:23	806	2:14:36	743	0:52:39	383
626	40011	Theodore Miller	男	USA	3:07:17	0:27:17	111	1:35:21	703	2:02:38	491	1:04:39	749
627	40029	飯田 博明	男	東京都	3:07:18	0:28:42	174	1:44:32	869	2:13:14	723	0:54:04	439
628	35062	小林 司	男	茨城県	3:07:19	0:36:37	704	1:23:37	265	2:00:14	413	1:07:05	794
629	40194	町田 一郎	男	神奈川県	3:07:20	0:34:55	595	1:34:10	665	2:09:05	647	0:58:15	586
630	35077	鈴木 崇久	男	群馬県	3:07:23	0:40:43	849	1:27:10	422	2:07:53	623	0:59:30	619
631	65004	人見 光義	男	神奈川県	3:07:27	0:36:30	696	1:37:16	755	2:13:46	735	0:53:41	419
632	40148	角田 守利	男	神奈川県	3:07:28	0:28:15	147	1:34:54	690	2:03:09	511	1:04:19	742
633	45055	工藤 穣	男	神奈川県	3:07:28	0:44:26	904	1:29:51	524	2:14:17	740	0:53:11	403
634	40129	清家 康之	男	東京都	3:07:58	0:36:17	680	1:30:08	534	2:06:25	585	1:01:33	675
635	25021	大多喜 芳隆	男	神奈川県	3:08:12	0:34:47	583	1:32:41	622	2:07:28	616	1:00:44	654
636	35033	小川 智之	男	東京都	3:08:19	0:45:57	922	1:27:45	448	2:13:42	733	0:54:37	471
637	35522	三原 啓子	女	神奈川県	3:08:21	0:33:30	490	1:40:42	813	2:14:12	738	0:54:09	446
638	55030	森 正範	男	岐阜県	3:08:24	0:31:32	343	1:36:17	723	2:07:49	621	1:00:35	650
639	35045	勝山 弘樹	男	神奈川県	3:08:25	0:36:18	681	1:35:55	716	2:12:13	706	0:56:12	524
640	60011	栗原 功幸	男	東京都	3:08:32	0:34:53	591	1:35:04	695	2:09:57	667	0:58:35	591
641	30090	中東 亮	男	大阪府	3:08:34	0:40:51	854	1:28:20	474	2:09:11	650	0:59:23	614
642	25076	福島 由裕	男	東京都	3:08:35	0:37:55	768	1:35:14	700	2:13:09	721	0:55:26	494
643	55034	渡辺 弘幸	男	東京都	3:08:44	0:36:05	669	1:30:03	528	2:06:08	579	1:02:36	701
644	45131	新妻 豊太	男	東京都	3:08:45	0:30:34	281	1:30:20	545	2:00:54	437	1:07:51	810
645	45106	但野 正行	男	神奈川県	3:08:59	0:32:27	408	1:34:34	680	2:07:01	601	1:01:58	688
646	35015	石川 修	男	神奈川県	3:09:10	0:33:57	530	1:27:48	449	2:01:45	461	1:07:25	801
647	45130	行川 敏正	男	東京都	3:09:24	0:32:44	428	1:34:32	678	2:07:16	609	1:02:08	693
648	35149	町田 進	男	静岡県	3:09:35	0:39:07	809	1:39:23	791	2:18:30	800	0:51:05	310
649	40099	坂井 秀之	男	埼玉県	3:09:36	0:32:56	437	1:37:23	757	2:10:19	679	0:59:17	610
650	35025	植田 裕志	男	東京都	3:09:39	0:36:14	679	1:39:23	792	2:15:37	765	0:54:02	438
651	45030	大倉 一彦	男	神奈川県	3:10:02	0:36:09	673	1:39:08	786	2:15:17	756	0:54:45	475
652	60002	安藤 正	男	愛知県	3:10:06	0:32:27	407	1:37:15	754	2:09:42	662	1:00:24	645
653	30055	神田 悟史	男	神奈川県	3:10:07	0:37:39	758	1:36:59	744	2:14:38	745	0:55:29	499
654	50015	伊藤 健治	男	神奈川県	3:10:15	0:39:08	810	1:35:14	699	2:14:22	741	0:55:53	511
655	30079	先崎 尊博	男	神奈川県	3:10:17	0:48:31	939	1:26:35	387	2:15:06	751	0:55:11	488
656	50035	喜井 洋介	男	神奈川県	3:10:22	0:33:22	476	1:37:59	772	2:11:21	694	0:59:01	599
657	35002	Bradley Wainwright	男	British	3:10:26	0:35:54	656	1:34:17	671	2:10:11	675	1:00:15	642
658	45084	嶋崎 徹夫	男	東京都	3:10:27	0:32:40	421	1:32:25	609	2:05:05	551	1:05:22	763
659	45062	小嶋 正夫	男	神奈川県	3:10:34	0:45:34	917	1:39:45	797	2:25:19	874	0:45:15	107
660	40067	加藤 直人	男	東京都	3:10:34	0:35:07	604	1:32:43	623	2:07:50	622	1:02:44	705
661	45154	牧 知秀	男	東京都	3:10:46	0:44:59	911	1:32:12	604	2:17:11	781	0:53:35	416
662	40019	浅井 友吾	男	神奈川県	3:10:47	0:42:34	882	1:31:08	566	2:13:42	734	0:57:05	553
663	40508	高田 洋子	女	東京都	3:10:52	0:40:39	846	1:34:31	677	2:15:10	753	0:55:42	505
664	35126	長谷部 智也	男	東京都	3:10:54	0:37:09	736	1:31:55	596	2:09:04	646	1:01:50	685
665	50047	坂中 正則	男	静岡県	3:10:55	0:44:58	910	1:23:08	241	2:08:06	626	1:02:49	707
666	60003	池上 博成	男	神奈川県	3:11:05	0:41:57	867	1:37:29	758	2:19:26	814	0:51:39	333
667	40028	飯島 基文	男	東京都	3:11:06	0:33:32	493	1:35:45	710	2:09:17	653	1:01:49	684
668	40232	若林 友則	男	神奈川県	3:11:10	0:32:33	414	1:34:12	667	2:06:45	595	1:04:25	743
669	45067	児山 新	男	福島県	3:11:11	0:33:56	529	1:39:22	790	2:13:18	726	0:57:53	572
670	60023	伴 勉	男	栃木県	3:11:18	0:35:41	636	1:40:28	809	2:16:09	772	0:55:09	487
671	35134	平湯 啓二朗	男	大阪府	3:11:26	0:33:19	469	1:33:07	635	2:06:26	586	1:05:00	757
672	25031	菊池 康裕	男	滋賀県	3:11:29	0:42:55	888	1:29:28	510	2:12:23	712	0:59:06	604
673	40172	野田 慶輔	男	神奈川県	3:11:35	0:40:01	832	1:35:14	701	2:15:15	755	0:56:20	531
674	40133	曽我 武司	男	東京都	3:11:40	0:39:39	825	1:36:34	731	2:16:13	773	0:55:27	495
675	35065	阪下 晋矢	男	埼玉県	3:11:41	0:30:24	271	1:32:49	626	2:03:13	513	1:08:28	816
676	45159	松本 寿	男	神奈川県	3:11:41	0:30:56	306	1:39:43	795	2:10:39	690	1:01:02	661
677	40223	山根 正樹	男	東京都	3:11:44	0:28:53	183	1:30:08	532	1:59:01	373	1:12:43	861
678	40134	園 憲一	男	神奈川県	3:11:47	0:36:51	720	1:27:21	431	2:04:12	532	1:07:35	805
679	30038	大須賀 洋平	男	東京都	3:11:48	0:37:01	727	1:37:49	765	2:14:50	749	0:56:58	547
680	55004	江端 良二	男	大阪府	3:11:59	0:35:48	648	1:34:45	683	2:10:33	687	1:01:26	673
681	35148	前之園 啓信	男	東京都	3:12:04	0:40:30	843	1:29:34	513	2:10:04	672	1:02:00	689
682	50086	冨居 公泰	男	東京都	3:12:10	0:39:31	820	1:42:14	845	2:21:45	836	0:50:25	282
683	35181	渡邊 秀晴	男	東京都	3:12:18	0:31:56	371	1:36:44	737	2:08:40	636	1:03:38	726
684	45048	加藤 研児	男	東京都	3:12:18	0:30:32	280	1:32:08	602	2:02:40	493	1:09:38	831
685	35064	坂井 喜郎	男	東京都	3:12:22	0:36:59	726	1:32:33	617	2:09:32	656	1:02:50	708
686	45021	泉谷 泰彦	男	東京都	3:12:23	0:34:30	566	1:32:43	625	2:07:13	607	1:05:10	760
687	35020	稲垣 秀則	男	東京都	3:12:28	0:45:41	918	1:40:49	819	2:26:30	881	0:45:58	126
688	40040	一条 厚	男	東京都	3:12:33	0:33:44	514	1:33:03	631	2:06:47	596	1:05:46	772
689	40166	新楽 羊三	男	神奈川県	3:12:55	0:32:05	384	1:38:20	776	2:10:25	683	1:02:30	698
690	45144	福王寺 一郎	男	愛知県	3:12:56	0:44:07	901	1:31:10	567	2:15:17	757	0:57:39	567
691	50083	平田 和生	男	東京都	3:13:02	0:44:11	902	1:33:28	645	2:17:39	791	0:55:23	492
692	40518	山崎 直美	女	東京都	3:13:03	0:33:35	496	1:33:52	657	2:07:27	614	1:05:36	768
693	30082	高橋 洋平	男	東京都	3:13:05	0:35:44	641	1:34:04	663	2:09:48	664	1:03:17	718
694	35058	倉重 和浩	男	神奈川県	3:13:08	0:32:56	436	1:38:40	780	2:11:36	699	1:01:32	674
695	30040	大場 俊幸	男	愛知県	3:13:15	0:39:29	818	1:39:50	799	2:19:19	811	0:53:56	428
696	45086	志村 誠彦	男	神奈川県	3:13:19	0:32:59	440	1:36:41	735	2:09:40	659	1:03:39	728
697	50027	加納 裕也	男	神奈川県	3:13:25	0:33:47	516	1:43:52	859	2:17:39	790	0:55:46	507
698	50031	川島 知之	男	茨城県	3:13:30	0:33:09	453	1:31:48	590	2:04:57	546	1:08:33	818
699	30084	武井 智	男	東京都	3:13:36	0:50:46	947	1:32:38	619	2:23:24	861	0:50:12	271
700	45083	渋谷 英雄	男	東京都	3:13:41	0:35:08	606	1:32:26	612	2:07:34	618	1:06:07	777
701	40089	小林 和典	男	神奈川県	3:13:41	0:27:53	131	1:36:53	740	2:04:46	542	1:08:55	826
702	60001	足立 和穂	男	兵庫県	3:13:42	0:35:22	620	1:36:34	732	2:11:56	702	1:01:46	682
703	40046	入江 宏志	男	千葉県	3:13:42	0:36:02	665	1:31:00	562	2:07:02	602	1:06:40	785
704	45025	宇野 康秀	男	神奈川県	3:13:46	0:33:12	456	1:27:33	438	2:00:45	431	1:13:01	865
705	50049	佐藤 一哉	男	愛知県	3:13:55	0:39:44	827	1:33:57	660	2:13:41	732	1:00:14	641
706	45173	森岡 淳	男	東京都	3:13:55	0:42:45	885	1:33:17	641	2:16:02	771	0:57:53	573
707	30052	亀谷 佳人	男	神奈川県	3:13:59	0:36:50	717	1:33:41	654	2:10:31	686	1:03:28	722
708	35501	Yamamoto Kimberly	女	神奈川県	3:14:11	0:32:35	415	1:40:46	814	2:13:21	729	1:00:50	656
709	35183	綿貫 敦文	男	東京都	3:14:16	0:36:12	676	1:40:24	807	2:16:36	777	0:57:40	568
710	30010	相澤 努	男	神奈川県	3:14:33	0:46:17	924	1:37:07	748	2:23:24	860	0:51:09	312
711	40209	三好 宏明	男	東京都	3:14:53	0:38:47	799	1:25:34	335	2:04:21	533	1:10:32	843
712	40055	大川 耕市	男	群馬県	3:15:00	0:30:10	262	1:41:24	829	2:11:34	698	1:03:26	721
713	40510	田中 みのり	女	東京都	3:15:13	0:33:41	509	1:41:53	841	2:15:34	764	0:59:39	623
714	30003	Colin Bell	男	British	3:15:17	0:27:03	102	1:53:09	929	2:20:12	821	0:55:05	483
715	45150	布施 太郎	男	東京都	3:15:19	0:33:06	448	1:29:26	509	2:02:32	489	1:12:47	863
716	55019	田中 辰夫	男	神奈川県	3:15:19	0:32:28	409	1:35:53	714	2:08:21	631	1:06:58	791
717	40191	堀内 雅生	男	東京都	3:15:35	0:39:31	822	1:38:56	783	2:18:27	797	0:57:08	554
718	45023	伊藤 裕司	男	東京都	3:15:45	0:38:48	800	1:33:09	637	2:11:57	703	1:03:48	732
719	40049	上村 昇	男	東京都	3:16:02	0:34:02	541	1:32:12	603	2:06:14	581	1:09:48	835
720	40206	宮川 十詩彦	男	神奈川県	3:16:03	0:35:18	616	1:32:06	600	2:07:24	612	1:08:39	821
721	40141	立花 毅	男	東京都	3:16:13	0:36:31	697	1:35:47	712	2:12:18	710	1:03:55	734
722	45091	新保 浩	男	神奈川県	3:16:14	0:41:06	858	1:40:48	818	2:21:54	838	0:54:20	456
723	45148	藤澤 滋	男	東京都	3:16:18	0:30:43	290	1:31:22	575	2:02:05	471	1:14:13	878
724	50064	高橋 邦夫	男	東京都	3:16:20	0:37:23	747	1:40:07	802	2:17:30	787	0:58:50	593
725	45158	松本 武史	男	東京都	3:16:22	0:37:36	753	1:31:37	582	2:09:13	652	1:07:09	795
726	40111	繁田 祐一	男	神奈川県	3:16:39	0:36:29	695	1:34:54	689	2:11:23	695	1:05:16	762
727	55029	武藤 治雄	男	東京都	3:16:46	0:33:40	507	1:37:13	751	2:10:53	691	1:05:53	773
728	30077	砂川 良太	男	神奈川県	3:16:48	0:43:28	896	1:32:06	601	2:15:34	763	1:01:14	668
729	50501	石川 律子	女	長野県	3:16:50	0:42:44	884	1:37:09	749	2:19:53	818	0:56:57	544
730	45074	佐瀬 勝洋	男	神奈川県	3:16:58	0:36:19	683	1:40:14	804	2:16:33	776	1:00:25	646
731	55024	林 秀昭	男	長野県	3:17:08	0:38:23	783	1:34:33	679	2:12:56	718	1:04:12	739
732	40033	石井 啓礼	男	神奈川県	3:17:13	0:39:54	829	1:31:35	581	2:11:29	697	1:05:44	770
733	40084	小岩井 英樹	男	神奈川県	3:17:16	0:29:14	210	1:33:25	642	2:02:39	492	1:14:37	879
734	35115	西村 宗範	男	東京都	3:17:33	0:31:08	318	1:33:01	629	2:04:09	530	1:13:24	870
735	30072	島田 裕介	男	埼玉県	3:17:36	0:38:23	784	1:37:33	759	2:15:56	768	1:01:40	680
736	25075	平林 悠基	男	岐阜県	3:17:48	0:32:59	441	1:41:44	836	2:14:43	747	1:03:05	712
737	50013	石川 一郎	男	神奈川県	3:17:57	0:37:40	759	1:35:40	709	2:13:20	728	1:04:37	748
738	30081	高橋 能久	男	東京都	3:18:03	0:35:31	627	1:37:44	762	2:13:15	724	1:04:48	754
739	30045	柿本 哲人	男	東京都	3:18:10	0:39:35	823	1:31:37	583	2:11:12	692	1:06:58	792
740	40178	平井 康雅	男	神奈川県	3:18:12	0:40:17	838	1:38:15	774	2:18:32	801	0:59:40	625
741	45171	森 正己	男	神奈川県	3:18:18	0:34:10	548	1:35:30	707	2:09:40	660	1:08:38	820
742	40231	吉本 雄次	男	神奈川県	3:18:21	0:42:11	869	1:39:44	796	2:21:55	839	0:56:26	533
743	50081	根反 勝政	男	東京都	3:18:21	0:29:44	236	1:42:03	842	2:11:47	701	1:06:34	783
744	40205	水本 昭信	男	神奈川県	3:18:41	0:40:39	845	1:37:50	766	2:18:29	799	1:00:12	639
745	35520	古谷 麻希子	女	神奈川県	3:18:51	0:36:51	718	1:35:23	704	2:12:14	708	1:06:37	784
746	40073	川村 浩之	男	神奈川県	3:18:52	0:38:53	803	1:32:25	610	2:11:18	693	1:07:34	804
747	35085	高橋 卓也	男	鹿児島県	3:18:54	0:36:58	725	1:30:44	559	2:07:42	619	1:11:12	847
748	40053	遠藤 和志	男	東京都	3:18:55	0:42:31	881	1:37:05	747	2:19:36	815	0:59:19	611
749	30046	梶川 陽平	男	東京都	3:18:56	0:32:40	423	1:29:09	500	2:01:49	464	1:17:07	898
750	25046	嶋内 豊	男	神奈川県	3:18:59	0:29:58	252	1:31:57	597	2:01:55	466	1:17:04	897
751	40504	小山 葉子	女	埼玉県	3:19:02	0:39:30	819	1:41:50	838	2:21:20	830	0:57:42	569
752	35507	木村 由美	女	東京都	3:19:11	0:32:21	399	1:34:17	672	2:06:38	592	1:12:33	859
753	30051	鎌田 哲治	男	埼玉県	3:19:15	0:30:46	296	1:34:54	688	2:05:40	563	1:13:35	872
754	50062	鈴木 雅彦	男	神奈川県	3:19:19	0:39:27	815	1:37:13	752	2:16:40	778	1:02:39	703
755	40517	宮武 美果	女	東京都	3:19:27	0:41:21	861	1:34:11	666	2:15:32	762	1:03:55	733
756	45132	西村 昭俊	男	東京都	3:19:34	0:40:50	853	1:28:00	455	2:08:50	640	1:10:44	846
757	35050	河地 優	男	神奈川県	3:19:41	0:31:12	321	1:44:48	875	2:16:00	769	1:03:41	730
758	45186	利谷 知繁	男	神奈川県	3:19:44	0:32:28	410	1:34:53	687	2:07:21	611	1:12:23	857
759	35081	砂川 浩一	男	神奈川県	3:19:47	0:43:36	899	1:31:03	563	2:14:39	746	1:05:08	759
760	50104	山田 和彦	男	神奈川県	3:19:48	0:39:12	813	1:41:32	833	2:20:44	825	0:59:04	602
761	35060	小嶋 大樹	男	東京都	3:19:55	0:38:45	797	1:40:32	810	2:19:17	810	1:00:38	651
762	35056	城戸 直義	男	東京都	3:19:56	0:35:45	644	1:42:34	848	2:18:19	795	1:01:37	677
763	60501	石島 美恵子	女	東京都	3:19:57	0:44:28	905	1:33:06	634	2:17:34	788	1:02:23	696
764	55002	飯田 明	男	神奈川県	3:20:08	0:33:27	483	1:39:10	787	2:12:37	715	1:07:31	803
765	55010	上窪 順一郎	男	愛知県	3:20:09	0:40:40	848	1:31:53	594	2:12:33	714	1:07:36	806
766	45508	鈴木 香	女	東京都	3:20:16	0:43:31	897	1:48:39	909	2:32:10	917	0:48:06	182
767	35150	松田 太地	男	東京都	3:20:19	0:40:03	834	1:33:06	632	2:13:09	722	1:07:10	797
768	40228	横溝 勇	男	東京都	3:20:25	0:33:52	524	1:34:23	674	2:08:15	627	1:12:10	854
769	35057	久保田 潤	男	愛知県	3:20:41	0:34:54	594	1:40:34	811	2:15:28	759	1:05:13	761
770	30049	加藤 正友	男	神奈川県	3:20:44	0:46:47	930	1:33:45	655	2:20:32	822	1:00:12	640
771	65005	三浦 猛雄	男	神奈川県	3:20:46	0:37:57	770	1:36:38	733	2:14:35	742	1:06:11	778
772	40007	Jose Aragon	男	SPANISH	3:21:26	0:35:55	657	1:49:59	917	2:25:54	879	0:55:32	500
773	55020	戸塚 由幸	男	静岡県	3:21:32	0:37:08	735	1:29:32	512	2:06:40	593	1:14:52	882
774	60018	土井 友義	男	岡山県	3:21:40	0:35:14	613	1:38:02	773	2:13:16	725	1:08:24	815
775	35079	須田 重人	男	東京都	3:21:45	0:47:36	936	1:41:12	825	2:28:48	897	0:52:57	393
776	55014	桜庭 孝宏	男	神奈川県	3:21:50	0:42:31	880	1:39:52	800	2:22:23	846	0:59:27	617
777	35151	松本 敦史	男	神奈川県	3:21:55	0:36:56	723	1:41:39	834	2:18:35	804	1:03:20	720
778	50054	清水 義明	男	埼玉県	3:22:02	0:35:47	646	1:41:24	830	2:17:11	782	1:04:51	755
779	30074	清水 宏益	男	神奈川県	3:22:19	0:39:38	824	1:37:11	750	2:16:49	780	1:05:30	765
780	30094	那須 匠	男	千葉県	3:22:22	0:36:08	672	1:43:08	856	2:19:16	809	1:03:06	713
781	30121	湯本 充範	男	埼玉県	3:22:24	0:45:26	915	1:37:36	760	2:23:02	854	0:59:22	613
782	40121	杉村 力一	男	東京都	3:22:29	0:34:53	593	1:39:19	789	2:14:12	739	1:08:17	813
783	40130	関口 直樹	男	神奈川県	3:22:58	0:37:19	742	1:41:07	823	2:18:26	796	1:04:32	746
784	50091	堀 義裕	男	東京都	3:22:59	0:29:42	234	1:52:15	925	2:21:57	841	1:01:02	659
785	45152	本多 弘	男	東京都	3:23:08	0:37:20	744	1:44:36	871	2:21:56	840	1:01:12	666
786	35184	景山 兼之介	男	神奈川県	3:23:11	0:33:32	492	1:37:03	746	2:10:35	689	1:12:36	860
787	45161	三木 弘之	男	神奈川県	3:23:14	0:40:59	855	1:40:35	812	2:21:34	833	1:01:40	679
788	55501	金子 秀子	女	東京都	3:23:15	0:33:13	457	1:46:27	893	2:19:40	817	1:03:35	725
789	45138	林 則行	男	東京都	3:23:34	0:35:00	599	1:42:20	846	2:17:20	784	1:06:14	779
790	40506	河渕 恵美	女	神奈川県	3:23:35	0:33:28	484	1:53:09	930	2:26:37	882	0:56:58	546
791	70004	関谷 興雄	男	東京都	3:23:35	0:37:22	746	1:37:14	753	2:14:36	744	1:08:59	827
792	45163	三隅 俊郎	男	神奈川県	3:23:44	0:38:45	796	1:36:44	736	2:15:29	760	1:08:15	812
793	45061	河野 初樹	男	東京都	3:23:47	0:36:19	682	1:46:13	889	2:22:32	849	1:01:15	669
794	40071	川合 信吾	男	東京都	3:23:57	0:40:24	840	1:36:48	739	2:17:12	783	1:06:45	788
795	45100	高橋 郁雄	男	愛知県	3:24:00	0:31:12	323	1:37:20	756	2:08:32	635	1:15:28	888
796	40170	西山 聡裕	男	東京都	3:24:01	0:42:46	886	1:39:59	801	2:22:45	850	1:01:16	670
797	40060	奥 崇	男	兵庫県	3:24:02	0:36:39	706	1:33:25	643	2:10:04	673	1:13:58	876
798	30035	生形 一貴	男	東京都	3:24:03	0:35:50	653	1:35:56	718	2:11:46	700	1:12:17	855
799	30511	山田 玲奈	女	東京都	3:24:04	0:36:22	687	1:51:20	924	2:27:42	891	0:56:22	532
800	30091	中村 俊行	男	神奈川県	3:24:08	0:39:29	817	1:44:42	874	2:24:11	865	0:59:57	633
801	50039	幸田 克平	男	千葉県	3:24:09	0:38:58	807	1:40:25	808	2:19:23	813	1:04:46	752
802	45053	木虎 雅人	男	東京都	3:24:18	0:32:47	430	1:44:51	877	2:17:38	789	1:06:40	786
803	30513	湯沢 香織	女	東京都	3:24:23	0:33:17	467	1:48:06	906	2:21:23	831	1:03:00	710
804	40120	杉田 貴紀	男	東京都	3:24:32	0:44:45	907	1:34:24	676	2:19:09	807	1:05:23	764
805	30504	角田 尚子	女	東京都	3:24:52	0:42:26	878	1:46:12	888	2:28:38	896	0:56:14	528
806	35164	本村 天	男	神奈川県	3:25:14	0:42:49	887	1:35:25	705	2:18:14	794	1:07:00	793
807	30078	関根 祐治	男	神奈川県	3:25:18	0:33:55	528	1:41:23	828	2:15:18	758	1:10:00	838
808	45108	田中 宏樹	男	沖縄県	3:25:23	0:50:10	943	1:33:38	653	2:23:48	863	1:01:35	676
809	45179	山本 真也	男	東京都	3:25:39	0:40:09	835	1:37:45	763	2:17:54	792	1:07:45	807
810	35177	吉野 猛彦	男	千葉県	3:25:46	0:37:19	741	1:37:54	769	2:15:13	754	1:10:33	844
811	45044	落合 孝之	男	東京都	3:25:57	0:43:19	895	1:37:51	768	2:21:10	828	1:04:47	753
812	60019	中島 安興	男	富山県	3:26:11	0:31:19	328	1:39:03	785	2:10:22	681	1:15:49	891
813	35008	Nelson Ryan	男	USA	3:26:14	0:32:21	401	1:43:11	857	2:15:32	761	1:10:42	845
814	45166	宮本 秀樹	男	東京都	3:26:25	0:34:39	578	1:47:45	903	2:22:24	847	1:04:01	735
815	55001	Wayne Alexander	男	USA	3:27:11	0:29:23	215	1:37:46	764	2:07:09	605	1:20:02	908
816	35163	目代 陽孝	男	埼玉県	3:27:12	0:45:34	916	1:32:34	618	2:18:08	793	1:09:04	828
817	40143	谷 雄生	男	千葉県	3:27:29	0:45:50	921	1:35:55	717	2:21:45	835	1:05:44	771
818	45018	石嵜 義雄	男	千葉県	3:27:38	0:42:58	889	1:36:21	725	2:19:19	812	1:08:19	814
819	30022	飯干 英成	男	東京都	3:27:44	0:35:36	631	1:36:40	734	2:12:16	709	1:15:28	887
820	35182	渡邊 基	男	神奈川県	3:27:53	0:38:17	781	1:35:45	711	2:14:02	736	1:13:51	875
821	40161	中村 健太郎	男	神奈川県	3:28:13	0:42:21	875	1:42:48	851	2:25:09	871	1:03:04	711
822	50059	杉内 克己	男	神奈川県	3:28:14	0:37:06	733	1:42:32	847	2:19:38	816	1:08:36	819
823	45043	奥山 秀夫	男	千葉県	3:28:32	0:38:06	776	1:30:50	561	2:08:56	642	1:19:36	906
824	25018	大下 幸一郎	男	東京都	3:28:50	0:44:47	908	1:42:41	850	2:27:28	888	1:01:22	671
825	25071	原口 剛嘉	男	東京都	3:28:52	0:38:13	779	1:40:15	805	2:18:28	798	1:10:24	842
826	40187	古本 憲一	男	神奈川県	3:28:57	0:40:16	837	1:38:57	784	2:19:13	808	1:09:44	834
827	30507	長谷川 史子	女	東京都	3:28:59	0:37:04	729	1:44:07	864	2:21:11	829	1:07:48	809
828	25042	坂本 八紘	男	東京都	3:29:44	0:43:41	900	1:36:24	727	2:20:05	820	1:09:39	832
829	50018	上田 正彦	男	大阪府	3:30:39	0:34:03	543	1:46:36	895	2:20:39	824	1:10:00	837
830	50026	加藤 伸一	男	神奈川県	3:30:49	0:42:19	873	1:44:52	878	2:27:11	885	1:03:38	727
831	50082	花澤 和男	男	神奈川県	3:30:50	0:33:42	511	1:42:12	844	2:15:54	767	1:14:56	884
832	45004	Ritter Diaz	男	Panamanian	3:30:51	0:36:46	712	1:55:11	936	2:31:57	914	0:58:54	595
833	50056	下鶴 真二郎	男	神奈川県	3:30:52	0:46:49	932	1:45:12	880	2:32:01	915	0:58:51	594
834	25022	大橋 誠	男	東京都	3:30:54	0:41:10	859	1:50:32	922	2:31:42	911	0:59:12	608
835	50010	安部 徹	男	東京都	3:31:00	0:31:45	353	1:49:08	912	2:20:53	827	1:10:07	839
836	35109	中村 好宏	男	愛知県	3:31:01	0:53:17	952	1:34:14	669	2:27:31	889	1:03:30	724
837	40104	佐藤 雅弘	男	東京都	3:31:06	0:40:37	844	1:40:08	803	2:20:45	826	1:10:21	841
838	65006	峰尾 昌欣	男	神奈川県	3:31:13	0:36:47	714	1:33:25	644	2:10:12	676	1:21:01	912
839	35142	細田 学	男	神奈川県	3:31:14	0:46:01	923	1:38:18	775	2:24:19	866	1:06:55	790
840	45063	輿水 誠司	男	静岡県	3:31:15	0:44:39	906	1:46:18	891	2:30:57	907	1:00:18	644
841	50109	綿野 潔治	男	東京都	3:31:20	0:29:02	194	1:18:34	105	1:47:36	111	1:43:44	940
842	45183	吉田 圭介	男	東京都	3:31:38	0:42:42	883	1:44:13	865	2:26:55	884	1:04:43	751
843	55023	長谷川 和男	男	神奈川県	3:31:43	0:47:11	935	1:44:35	870	2:31:46	913	0:59:57	632
844	45506	桑嶋 寿江	女	神奈川県	3:31:45	0:36:46	713	1:50:32	921	2:27:18	886	1:04:27	744
845	25035	木村 友貴	男	千葉県	3:31:48	0:45:10	913	1:37:43	761	2:22:53	853	1:08:55	825
846	45065	小林 成央	男	神奈川県	3:32:00	0:40:47	851	1:44:30	868	2:25:17	873	1:06:43	787
847	50097	宮崎 正二郎	男	東京都	3:32:09	0:36:27	694	1:46:47	897	2:23:14	857	1:08:55	824
848	55022	縄田 拓也	男	東京都	3:32:32	0:37:54	766	1:38:25	777	2:16:19	775	1:16:13	893
849	60022	則井 克己	男	東京都	3:32:35	0:35:02	600	1:40:59	821	2:16:01	770	1:16:34	895
850	50025	加藤 章二	男	東京都	3:33:19	0:49:05	940	1:41:00	822	2:30:05	903	1:03:14	716
851	50073	永末 尚幸	男	東京都	3:33:24	0:47:52	937	1:30:42	557	2:18:34	802	1:14:50	881
852	40022	朝日 健次	男	東京都	3:33:38	0:38:13	778	1:41:51	839	2:20:04	819	1:13:34	871
853	45509	田中 美香	女	東京都	3:33:45	0:43:13	892	1:43:07	855	2:26:20	880	1:07:25	800
854	30502	小駒 望	女	東京都	3:33:47	0:53:25	953	1:41:17	826	2:34:42	926	0:59:05	603
855	25093	渡邊 淳	男	東京都	3:33:54	0:37:58	771	1:36:11	722	2:14:09	737	1:19:45	907
856	35018	石村 公宏	男	東京都	3:34:47	0:40:39	847	1:41:23	827	2:22:02	843	1:12:45	862
857	40516	松井 亜希子	女	東京都	3:35:02	0:37:25	750	1:50:21	920	2:27:46	893	1:07:16	798
858	40140	竹田 和広	男	東京都	3:35:19	0:45:04	912	1:43:59	861	2:29:03	898	1:06:16	780
859	30042	岡沢 洋介	男	東京都	3:35:27	0:36:41	708	1:45:45	882	2:22:26	848	1:13:01	864
860	35517	滝沢 綾	女	神奈川県	3:35:30	0:35:06	603	1:48:39	910	2:23:45	862	1:11:45	851
861	35069	佐藤 次郎	男	神奈川県	3:35:38	0:28:32	168	1:41:09	824	2:09:41	661	1:25:57	923
862	50006	青木 博幸	男	埼玉県	3:35:53	0:43:15	893	1:44:50	876	2:28:05	894	1:07:48	808
863	40135	平 泰造	男	神奈川県	3:36:01	0:48:01	938	1:43:44	858	2:31:45	912	1:04:16	741
864	50506	角 香織	女	東京都	3:36:03	0:33:17	466	1:33:03	630	2:06:20	582	1:29:43	933
865	45119	徳江 寿之	男	神奈川県	3:36:05	0:36:03	668	1:26:18	377	2:02:21	482	1:33:44	935
866	40077	北野 克彦	男	神奈川県	3:36:09	0:44:51	909	1:47:32	902	2:32:23	918	1:03:46	731
867	55503	村田 里美	女	兵庫県	3:36:09	0:38:54	805	1:45:59	885	2:24:53	870	1:11:16	848
868	35055	北原 基成	男	千葉県	3:36:23	0:36:42	709	1:46:40	896	2:23:22	859	1:13:01	866
869	40199	松原 勝哉	男	東京都	3:36:39	0:49:49	942	1:40:50	820	2:30:39	906	1:06:00	774
870	30002	Bull Kenneth	男	USA	3:37:01	0:30:16	268	1:43:07	854	2:13:23	730	1:23:38	918
871	60016	竹野 典之	男	東京都	3:37:10	0:37:23	748	1:48:24	908	2:25:47	878	1:11:23	849
872	35180	和田 英明	男	東京都	3:37:14	0:39:54	830	1:42:10	843	2:22:04	844	1:15:10	885
873	70001	宇多村 勝	男	千葉県	3:37:17	0:43:18	894	1:44:05	863	2:27:23	887	1:09:54	836
874	40152	内藤 秀治郎	男	東京都	3:37:49	0:40:50	852	2:03:02	944	2:43:52	940	0:53:57	431
875	50019	上野 稔	男	東京都	3:37:49	0:27:39	123	1:35:52	713	2:03:31	519	1:34:18	936
876	30067	権田 高宗	男	神奈川県	3:37:56	0:53:44	954	1:41:25	831	2:35:09	929	1:02:47	706
877	50068	玉置 利成	男	東京都	3:37:56	0:39:08	811	1:43:55	860	2:23:03	855	1:14:53	883
878	50093	本村 直之	男	東京都	3:38:07	0:51:13	948	1:41:50	837	2:33:03	921	1:05:04	758
879	60004	伊藤 俊二	男	東京都	3:38:56	0:52:47	951	1:50:03	919	2:42:50	939	0:56:06	519
880	50108	渡辺 雅人	男	東京都	3:39:17	0:33:38	504	1:44:56	879	2:18:34	803	1:20:43	911
881	50021	内田 考一	男	埼玉県	3:39:29	0:37:35	752	1:39:45	798	2:17:20	785	1:22:09	917
882	55005	太田 裕生	男	埼玉県	3:39:32	0:45:44	919	1:39:41	793	2:25:25	875	1:14:07	877
883	60027	和田 雅幸	男	埼玉県	3:39:32	0:34:22	561	1:35:54	715	2:10:16	678	1:29:16	931
884	55011	小島 久直	男	愛知県	3:39:57	0:39:03	808	1:42:38	849	2:21:41	834	1:18:16	900
885	35048	金子 祐司	男	神奈川県	3:40:05	0:37:58	772	1:53:20	931	2:31:18	909	1:08:47	823
886	35502	荒川 友紀	女	神奈川県	3:40:06	0:33:27	482	2:00:56	943	2:34:23	924	1:05:43	769
887	40124	鈴木 隆幸	男	東京都	3:40:25	0:38:29	786	1:36:17	724	2:14:46	748	1:25:39	921
888	60007	上野 昭男	男	東京都	3:40:52	0:42:21	874	1:49:11	913	2:31:32	910	1:09:20	829
889	55016	芝崎 一郎	男	神奈川県	3:40:53	0:38:18	782	1:44:28	867	2:22:46	851	1:18:07	899
890	30099	東 健司	男	神奈川県	3:41:02	0:50:12	944	1:31:41	585	2:21:53	837	1:19:09	903
891	35524	三渡 範子	女	神奈川県	3:41:22	0:42:30	879	1:45:50	884	2:28:20	895	1:13:02	867
892	35047	金村 斉	男	京都府	3:41:22	0:41:45	864	1:46:00	886	2:27:45	892	1:13:37	873
893	35108	中村 洋一	男	東京都	3:41:30	0:41:51	866	1:47:48	904	2:29:39	902	1:11:51	852
894	70005	津田 昌利	男	神奈川県	3:41:39	0:42:12	870	1:52:37	927	2:34:49	927	1:06:50	789
895	40126	鈴木 泰彦	男	東京都	3:41:57	0:42:16	871	1:48:02	905	2:30:18	904	1:11:39	850
896	35519	半田 智美	女	神奈川県	3:42:08	0:46:26	927	1:46:07	887	2:32:33	919	1:09:35	830
897	50023	大竹 功一	男	神奈川県	3:42:11	0:43:32	898	1:54:35	933	2:38:07	934	1:04:04	736
898	75002	阪本 一雄	男	大阪府	3:42:17	0:36:58	724	1:55:04	934	2:32:02	916	1:10:15	840
899	45174	両角 博志	男	神奈川県	3:42:22	0:38:42	792	1:38:42	781	2:17:24	786	1:24:58	919
900	35102	富永 能安	男	東京都	3:42:35	0:43:05	891	1:46:25	892	2:29:30	900	1:13:05	868
901	60015	武田 清海	男	神奈川県	3:43:24	0:37:05	731	1:39:43	794	2:16:48	779	1:26:36	924
902	40017	赤川 隆一	男	東京都	3:43:37	0:35:49	652	1:46:17	890	2:22:06	845	1:21:31	913
903	40032	伊佐山 大智	男	神奈川県	3:43:45	0:42:22	876	1:58:12	939	2:40:34	937	1:03:11	715
904	40110	式場 茂	男	神奈川県	3:44:02	0:42:18	872	1:47:03	898	2:29:21	899	1:14:41	880
905	40020	朝倉 昇誠	男	東京都	3:44:10	0:50:28	946	1:33:31	649	2:23:59	864	1:20:11	910
906	40222	山田 雄一	男	神奈川県	3:44:28	0:46:23	925	1:37:58	771	2:24:21	867	1:20:07	909
907	50029	川上 義雄	男	神奈川県	3:44:28	0:37:38	755	1:48:06	907	2:25:44	877	1:18:44	901
908	45511	出見 京子	女	愛知県	3:44:38	0:46:41	928	1:50:40	923	2:37:21	932	1:07:17	799
909	45037	大橋 武夫	男	東京都	3:45:44	0:33:28	485	2:03:45	945	2:37:13	931	1:08:31	817
910	45191	渡 次雄	男	東京都	3:45:59	0:45:50	920	1:40:48	816	2:26:38	883	1:19:21	905
911	45054	木村 俊一	男	神奈川県	3:46:00	0:36:12	677	1:56:37	937	2:32:49	920	1:13:11	869
912	35100	塚田 洋平	男	神奈川県	3:46:41	0:56:43	957	1:37:50	767	2:34:33	925	1:12:08	853
913	40151	冨川 成久	男	愛知県	3:46:42	0:45:24	914	1:45:45	883	2:31:09	908	1:15:33	889
914	25081	松浦 礼	男	東京都	3:47:01	0:36:25	693	1:54:10	932	2:30:35	905	1:16:26	894
915	65002	信田 勇郎	男	東京都	3:48:55	0:38:52	802	1:41:43	835	2:20:35	823	1:28:20	928
916	35137	福成 洋	男	東京都	3:49:02	0:38:37	791	1:44:40	873	2:23:17	858	1:25:45	922
917	40107	志賀 健	男	東京都	3:49:10	0:46:25	926	1:47:19	900	2:33:44	922	1:15:26	886
918	40201	三澤 康行	男	東京都	3:51:26	0:43:03	890	1:46:27	894	2:29:30	901	1:21:56	916
919	50050	佐藤 友紀	男	神奈川県	3:51:59	0:54:11	955	1:40:47	815	2:34:58	928	1:17:01	896
920	50061	鈴木 和実	男	神奈川県	3:52:15	0:38:00	773	1:43:59	862	2:21:59	842	1:30:16	934
921	75001	碇 岩雄	男	東京都	3:52:32	0:37:18	740	1:47:32	901	2:24:50	869	1:27:42	926
922	30106	松岡 岳大	男	東京都	3:54:31	0:35:56	658	1:49:47	916	2:25:43	876	1:28:48	930
923	45501	Ma Siu Fong	女	東京都	3:55:23	0:50:15	945	1:59:02	940	2:49:17	943	1:06:06	775
924	60502	伊藤 洋子	女	東京都	3:56:01	0:42:11	868	1:45:23	881	2:27:34	890	1:28:27	929
925	45009	赤間 与志仁	男	宮城県	3:56:45	0:35:49	651	1:42:51	853	2:18:40	805	1:38:05	938
926	30011	間原 啓之	男	愛知県	3:57:07	0:41:45	865	2:06:37	946	2:48:22	942	1:08:45	822
927	40219	山口 英司	男	埼玉県	3:57:54	0:57:33	958	1:44:22	866	2:41:55	938	1:15:59	892
928	30018	阿部 高志	男	東京都	3:58:50	0:46:42	929	1:52:51	928	2:39:33	935	1:19:17	904
929	45117	出見 靖	男	愛知県	4:00:51	0:44:25	903	1:49:42	915	2:34:07	923	1:26:44	925
930	45007	青木 佳朗	男	神奈川県	4:01:33	0:33:13	459	1:49:59	918	2:23:12	856	1:38:21	939
931	35127	蜂屋 智	男	神奈川県	4:01:35	0:35:44	642	2:00:15	941	2:35:59	930	1:25:36	920
932	50041	輿石 睦	男	東京都	4:01:38	0:39:27	814	2:00:37	942	2:40:04	936	1:21:34	914
933	25092	渡辺 淳	男	東京都	4:02:24	0:37:32	751	1:47:11	899	2:24:43	868	1:37:41	937
934	50504	小林 和代	女	茨城県	4:02:43	1:23:44	961	1:38:48	782	3:02:32	947	1:00:11	638
935	60013	小林 英夫	男	香川県	4:05:53	0:49:05	941	1:55:08	935	2:44:13	941	1:21:40	915
936	45026	海野 浩	男	東京都	4:06:03	0:39:55	831	1:57:58	938	2:37:53	933	1:28:10	927
937	25504	高橋 慧	女	神奈川県	4:06:48	0:58:45	959	1:52:20	926	2:51:05	944	1:15:43	890
938	50055	七五三掛 三津男	男	茨城県	4:13:30	1:18:01	960	1:49:04	911	3:07:05	949	1:06:25	782
939	55032	山崎 正司	男	神奈川県	4:15:58	0:41:23	862	1:41:26	832	2:22:49	852	1:53:09	941
940	35133	平間 一	男	東京都	4:18:01	0:51:49	949	2:12:30	948	3:04:19	948	1:13:42	874
941	70501	山崎 明子	女	神奈川県	4:30:50	0:52:28	950	2:08:48	947	3:01:16	946	1:29:34	932
DQ	30024	石田 真澄	男	東京都		0:57:28							
DQ	30095	萩尾 陽平	男	東京都	2:22:48	0:24:21		1:25:22		1:49:43		0:33:05	
DQ	35083	曽我 匡	男	埼玉県	2:56:25								
DQ	35112	成内 英介	男	東京都	2:29:35	0:44:53		1:33:32		2:18:25		0:11:10	
DQ	40059	岡村 靖	男	神奈川県	3:15:04	0:46:03		1:26:18		2:12:21		1:02:43	
DQ	40156	仲宗根 一郎	男	神奈川県	2:24:32	0:30:57		1:27:51		1:58:48		0:25:44	
DQ	45024	稲葉 修孝	男	東京都	2:37:01	0:32:36		1:31:18		2:03:54		0:33:07	
DQ	50072	長江 一平	男	千葉県	3:10:34	0:33:46		1:19:40		1:53:26		1:17:08	
DQ	50508	山下 桂子	女	三重県	2:49:42	0:40:52		1:14:15		1:55:07		0:54:35	
DQ	75003	広田 斎典	男	埼玉県	3:20:26	0:41:58		1:54:23		2:36:21		0:44:05	
DNF	25037	小沼 大地	男	東京都		0:35:17	615	1:35:11	696	2:10:28	685		
DNF	30006	Minbong Ryu	男	Korea		0:37:38	756	1:35:28	706	2:13:06	720		
DNF	30039	太田 真矢	男	神奈川県		0:35:42	639	1:49:34	914	2:25:16	872		
DNF	35086	高橋 豪一	男	東京都		0:21:22	4	1:06:13	1	1:27:35	1		
DNF	35113	西 大治郎	男	東京都		0:36:55	722	1:41:52	840	2:18:47	806		
DNF	40154	永井 克明	男	神奈川県		0:30:59	310	1:22:32	222	1:53:31	236		
DNF	45013	阿佐部 英弘	男	大阪府		0:36:48	715	2:15:57	949	2:52:45	945		
DNF	50075	中田 誠	男	神奈川県		0:33:22	477	1:28:09	463	2:01:31	456		
DNF	25032	岸 智則	男	神奈川県		0:32:29	412						
DNF	25039	近藤 健介	男	東京都		0:55:50	956						
DNF	25087	安本 佑	男	東京都		0:38:12	777						
DNF	30037	遠藤 隆洋	男	神奈川県		0:27:12	109						
DNF	35042	皆藤 聡一郎	男	神奈川県		0:32:05	385						
DNF	35088	竹田 宏之	男	東京都		0:42:22	877						
DNF	40142	店橋 敏途	男	東京都		0:29:02	195						
DNF	45064	越山 淳	男	神奈川県		0:33:50	520						
DNF	45510	丹 三枝子	女	神奈川県		0:32:19	395						
DNF	50067	高水 暢彦	男	東京都		0:28:04	136						
DNF	50096	水城 淳	男	神奈川県		0:38:44	794						
DNF	65001	磯川 正教	男	神奈川県		0:39:47	828						
DNF	25010	伊藤 彰人	男	愛知県									
DNF	25044	佐々木 翔	男	神奈川県									
DNF	30020	安藤 宏人	男	埼玉県									
DNF	30088	遠山 真一	男	神奈川県									
DNF	30103	藤原 明彦	男	神奈川県									
DNF	35135	広瀬 孝司	男	神奈川県									
DNF	40225	山本 恵司	男	神奈川県									
DNF	45085	嶋田 俊彦	男	東京都									
DNF	60014	佐藤 継郎	男	東京都
