総合順位	No.	氏名	年齢	性別	居住地	総合記録	SWIM	Ｓ順	T1	バイク	Ｂ順	スプリット	通過	ラン	Ｒ順	男子順位	女子順位	年齢区分	年齢別順
1	101	梅田 祐輝	41	男	東京都	1:58:24	0:19:46	2	0:01:41	0:59:52	2	1:21:19	2	0:37:05	1	1		M40-44	
2	1	韮澤 由吏	25	男	新潟県	1:58:40	0:20:37	3	0:01:30	0:58:47	1	1:20:54	1	0:37:46	2	2		M25-29	
3	109	川口 遼	33	男	大阪府	2:07:06	0:23:19	12	0:01:30	1:01:22	3	1:26:11	3	0:40:55	5	3		M30-34	
4	107	権田 明寛	31	男	大阪府	2:08:01	0:25:00	31	0:01:25	1:01:45	4	1:28:10	4	0:39:51	4	4		M30-34	1
5	143	秋山 優	48	男	宮城県	2:10:20	0:25:39	34	0:01:35	1:03:16	7	1:30:30	10	0:39:50	3	5		M45-49	1
6	3	高橋 克哉	57	男	新潟県	2:10:37	0:22:53	10	0:01:49	1:04:42	14	1:29:24	6	0:41:13	6	6		M55-59	1
7	108	土井 寛喜	33	男	埼玉県	2:11:53	0:23:21	14	0:02:04	1:04:34	13	1:29:59	7	0:41:54	9	7		M30-34	2
8	129	高松 大地	36	男	兵庫県	2:12:21	0:23:05	11	0:02:07	1:04:57	17	1:30:09	8	0:42:12	11	8		M35-39	1
9	2	関 伸介	52	男	新潟県	2:13:41	0:24:13	22	0:01:58	1:04:50	15	1:31:01	11	0:42:40	13	9		M50-54	1
10	209	竹本 智	37	男	愛知県	2:15:14	0:24:20	23	0:02:26	1:03:42	9	1:30:28	9	0:44:46	24	10		M35-39	2
11	124	青山 琉夢	19	男	福井県	2:15:40	0:19:38	1	0:01:57	1:11:41	93	1:33:16	15	0:42:24	12	11		M10-19	1
12	141	和田 吉弘	47	男	愛知県	2:15:58	0:24:01	18	0:02:19	1:06:15	28	1:32:35	13	0:43:23	16	12		M45-49	2
13	110	榎田 大舗	41	男	東京都	2:17:06	0:23:20	13	0:01:50	1:06:03	25	1:31:13	12	0:45:53	36	13		M40-44	1
14	161	沢田 秀二	63	男	宮城県	2:17:28	0:25:03	32	0:02:05	1:05:28	21	1:32:36	14	0:44:52	26	14		M60-64	1
15	131	鈴木 信啓	38	男	福島県	2:17:36	0:22:37	8	0:02:17	1:03:32	8	1:28:26	5	0:49:10	70	15		M35-39	3
16	168	加茂 友太	26	男	広島県	2:18:53	0:26:30	46	0:02:02	1:08:15	43	1:36:47	29	0:42:06	10	16		M25-29	1
17	171	屋代 卓億	49	男	埼玉県	2:19:12	0:25:55	36	0:01:51	1:07:08	38	1:34:54	21	0:44:18	20	17		M45-49	3
18	180	狩野 秀之	40	男	愛知県	2:19:42	0:26:59	54	0:01:53	1:05:27	20	1:34:19	18	0:45:23	33	18		M40-44	2
19	139	佐藤 貴弘	44	男	山形県	2:20:50	0:26:40	49	0:02:05	1:09:05	56	1:37:50	38	0:43:00	14	19		M40-44	3
20	170	鈴木 裕之	47	男	東京都	2:21:24	0:28:23	90	0:02:34	1:05:40	24	1:36:37	27	0:44:47	25	20		M45-49	4
21	178	増原 雄太郎	39	男	東京都	2:21:30	0:30:03	132	0:02:04	1:05:12	19	1:37:19	32	0:44:11	19	21		M35-39	4
22	169	帆苅 裕	42	男	新潟県	2:21:53	0:25:53	35	0:02:30	1:06:47	34	1:35:10	22	0:46:43	42	22		M40-44	4
23	112	木村 琢磨	52	男	埼玉県	2:22:02	0:24:56	29	0:02:06	1:07:07	37	1:34:09	17	0:47:53	52	23		M50-54	2
24	102	加藤 健太朗	42	男	神奈川県	2:22:07	0:21:17	6	0:02:04	1:11:54	95	1:35:15	23	0:46:52	43	24		M40-44	5
25	103	森本 祐一	42	男	東京都	2:22:30	0:20:51	4	0:02:08	1:15:02	153	1:38:01	41	0:44:29	21	25		M40-44	6
26	126	五十嵐 隆史	27	男	群馬県	2:22:35	0:29:39	119	0:02:47	1:08:46	50	1:41:12	62	0:41:23	7	26		M25-29	2
27	220	榎木 厚介	42	男	東京都	2:22:43	0:30:05	133	0:02:14	1:05:02	18	1:37:21	33	0:45:22	32	27		M40-44	7
28	119	斎藤 渉	47	男	新潟県	2:23:18	0:26:07	41	0:02:11	1:06:28	32	1:34:46	20	0:48:32	63	28		M45-49	5
29	165	森川 泰宏	47	男	福井県	2:23:33	0:27:43	69	0:02:49	1:08:06	42	1:38:38	44	0:44:55	27	29		M45-49	6
30	104	木村 奉多賀	44	男	岐阜県	2:23:50	0:20:58	5	0:02:34	1:13:51	133	1:37:23	34	0:46:27	40	30		M40-44	8
31	176	安藤 健哉	32	男	宮城県	2:23:58	0:30:38	161	0:02:31	1:05:39	23	1:38:48	45	0:45:10	30	31		M30-34	3
32	216	大坪 恭佑	41	男	東京都	2:24:21	0:31:36	189	0:02:47	1:06:54	35	1:41:17	67	0:43:04	15	32		M40-44	9
33	225	金原 匡利	43	男	静岡県	2:24:27	0:26:36	47	0:02:31	1:07:42	39	1:36:49	30	0:47:38	48	33		M40-44	10
34	273	馬場 正基	57	男	群馬県	2:24:46	0:29:30	115	0:02:16	1:06:04	26	1:37:50	39	0:46:56	44	34		M55-59	2
35	121	日高 洋一	53	男	宮崎県	2:25:00	0:25:57	37	0:01:41	1:09:25	57	1:37:03	31	0:47:57	54	35		M50-54	3
36	134	鈴木 耕太朗	41	男	栃木県	2:25:15	0:28:47	101	0:02:04	1:04:31	12	1:35:22	24	0:49:53	77	36		M40-44	11
37	274	齋藤 勉	57	男	新潟県	2:25:19	0:26:48	51	0:02:48	1:08:16	44	1:37:52	40	0:47:27	46	37		M55-59	3
38	179	山本 優	39	男	神奈川県	2:25:29	0:27:31	62	0:02:02	1:04:05	11	1:33:38	16	0:51:51	99	38		M35-39	5
39	203	宮﨑 颯	25	男	福島県	2:26:20	0:30:27	155	0:02:13	1:08:28	47	1:41:08	61	0:45:12	31	39		M25-29	3
40	181	木村 龍太郎	44	男	新潟県	2:26:41	0:27:22	61	0:02:27	1:13:24	122	1:43:13	80	0:43:28	17	40		M40-44	12
41	133	須崎 とも	40	女	東京都	2:26:49	0:29:24	110	0:03:42	1:06:16	29	1:39:22	49	0:47:27	45		1	F40-44	
42	148	野中 剛志	53	男	栃木県	2:26:59	0:24:44	25	0:01:39	1:11:09	82	1:37:32	35	0:49:27	72	41		M50-54	4
43	138	赤松 洋一郎	43	男	神奈川県	2:27:09	0:25:04	33	0:03:08	1:06:18	30	1:34:30	19	0:52:39	116	42		M40-44	13
44	194	高橋 克昭	68	男	埼玉県	2:27:21	0:27:46	71	0:02:10	1:07:47	40	1:37:43	36	0:49:38	74	43		M65-69	1
45	327	大東 正樹	60	男	新潟県	2:27:33	0:31:36	190	0:05:26	1:02:36	5	1:39:38	52	0:47:55	53	44		M60-64	2
46	150	中野 徹	53	男	大阪府	2:27:39	0:27:12	57	0:03:09	1:11:20	86	1:41:41	68	0:45:58	38	45		M50-54	5
47	266	平野 博明	56	男	三重県	2:27:48	0:29:41	120	0:01:57	1:10:40	77	1:42:18	72	0:45:30	34	46		M55-59	4
48	275	藤井 彰	57	男	新潟県	2:27:55	0:28:25	92	0:02:36	1:10:11	70	1:41:12	63	0:46:43	41	47		M55-59	5
49	114	熊谷 哲志	28	男	山形県	2:28:34	0:24:23	24	0:03:10	1:19:26	253	1:46:59	127	0:41:35	8	48		M25-29	4
50	158	飯田 博之	58	男	愛知県	2:28:38	0:26:03	40	0:01:59	1:10:19	75	1:38:21	42	0:50:17	84	49		M55-59	6
51	208	森 謙吾	36	男	神奈川県	2:28:49	0:27:58	77	0:03:16	1:12:25	104	1:43:39	87	0:45:10	29	50		M35-39	6
52	374	入間川 祐一	50	男	宮城県	2:29:12	0:34:18	268	0:02:46	1:06:14	27	1:43:18	85	0:45:54	37	51		M50-54	6
53	111	田中 康志	50	男	東京都	2:29:44	0:24:09	20	0:02:00	1:12:58	116	1:39:07	47	0:50:37	86	52		M50-54	7
54	156	足立 健児	57	男	神奈川県	2:30:26	0:26:36	48	0:01:40	1:08:25	46	1:36:41	28	0:53:45	130	53		M55-59	7
55	105	奥脇 早織	35	女	神奈川県	2:30:42	0:22:27	7	0:01:36	1:13:42	128	1:37:45	37	0:52:57	119		2	F35-39	
56	229	吉田 直樹	46	男	東京都	2:30:46	0:27:46	72	0:02:50	1:13:55	136	1:44:31	95	0:46:15	39	54		M45-49	7
57	272	小野 俊巳	57	男	新潟県	2:30:46	0:26:16	43	0:02:58	1:10:06	68	1:39:20	48	0:51:26	95	55		M55-59	8
58	152	佐藤 清	54	男	東京都	2:30:50	0:26:47	50	0:02:30	1:10:11	69	1:39:28	51	0:51:22	92	56		M50-54	8
59	232	西村 裕之	47	男	新潟県	2:31:03	0:31:15	178	0:03:38	1:06:21	31	1:41:14	64	0:49:49	75	57		M45-49	8
60	257	三浦 崇	54	男	宮城県	2:31:04	0:29:13	108	0:03:07	1:07:06	36	1:39:26	50	0:51:38	96	58		M50-54	9
61	118	Hugo Stintzy	31	男	埼玉県	2:31:06	0:24:50	27	0:03:35	1:12:34	110	1:40:59	58	0:50:07	80	59		M30-34	4
62	166	浦山 勝政	65	男	富山県	2:31:19	0:28:03	80	0:02:27	1:15:04	154	1:45:34	112	0:45:45	35	60		M65-69	2
63	499	山崎 健	53	男	新潟県	2:31:55	0:29:50	123	0:03:09	1:10:16	73	1:43:15	81	0:48:40	65	61		M50-54	10
64	352	小山 民	24	男	新潟県	2:32:15	0:26:55	53	0:02:33	1:12:33	109	1:42:01	70	0:50:14	83	62		M20-24	1
65	135	森本 春助	42	男	兵庫県	2:32:18	0:27:37	66	0:03:10	1:13:24	123	1:44:11	90	0:48:07	55	63		M40-44	14
66	4	阿部 朋加	24	女	新潟県	2:32:18	0:28:16	87	0:01:53	1:10:57	81	1:41:06	60	0:51:12	90		3	F20-24	
67	189	牟田 智	59	男	千葉県	2:32:26	0:28:44	100	0:02:14	1:08:59	54	1:39:57	53	0:52:29	114	64		M55-59	9
68	154	SIMS DAVID	55	男	東京都	2:32:36	0:28:04	81	0:03:02	1:04:50	16	1:35:56	25	0:56:40	182	65		M55-59	10
69	128	山内 宏泰	34	男	新潟県	2:33:01	0:23:48	17	0:02:39	1:17:27	208	1:43:54	89	0:49:07	69	66		M30-34	5
70	363	丸岡 浩人	45	男	福岡県	2:33:01	0:35:11	305	0:04:13	1:08:37	49	1:48:01	136	0:45:00	28	67		M45-49	9
71	284	本間 学	59	男	神奈川県	2:33:17	0:30:18	148	0:03:58	1:08:49	51	1:43:05	77	0:50:12	81	68		M55-59	11
72	277	松浦 正裕	58	男	神奈川県	2:33:33	0:30:01	130	0:03:13	1:12:10	97	1:45:24	107	0:48:09	58	69		M55-59	12
73	246	新倉 直樹	51	男	神奈川県	2:33:40	0:28:41	97	0:04:00	1:08:35	48	1:41:16	65	0:52:24	112	70		M50-54	11
74	191	榛澤 尚武	61	男	東京都	2:34:00	0:27:15	58	0:03:09	1:09:44	61	1:40:08	54	0:53:52	132	71		M60-64	3
75	231	中原 祐治	46	男	東京都	2:34:29	0:32:02	202	0:03:10	1:10:19	74	1:45:31	109	0:48:58	68	72		M45-49	10
76	224	大東 瑠美	43	女	新潟県	2:34:30	0:30:22	152	0:03:43	1:12:43	111	1:46:48	126	0:47:42	50		4	F40-44	1
77	322	根岸 義博	50	男	秋田県	2:34:31	0:30:01	131	0:03:34	1:09:42	60	1:43:17	82	0:51:14	91	73		M50-54	12
78	353	計良 知希	26	男	新潟県	2:34:31	0:30:18	147	0:03:34	1:11:09	83	1:45:01	104	0:49:30	73	74		M25-29	5
79	127	安藤 泰斗	31	男	新潟県	2:34:50	0:24:59	30	0:03:35	1:17:27	207	1:46:01	115	0:48:49	66	75		M30-34	6
80	185	永山 史朗	54	男	岩手県	2:35:03	0:28:40	95	0:02:03	1:15:56	173	1:46:39	123	0:48:24	61	76		M50-54	13
81	469	下浅 雄大	41	男	宮城県	2:35:09	0:33:39	247	0:03:13	1:09:50	63	1:46:42	124	0:48:27	62	77		M40-44	15
82	398	平野 真史	55	男	新潟県	2:35:12	0:35:19	314	0:04:35	1:11:29	88	1:51:23	164	0:43:49	18	78		M55-59	13
83	242	古川 文和	50	男	福島県	2:35:12	0:30:24	153	0:02:58	1:09:46	62	1:43:08	78	0:52:04	102	79		M50-54	14
84	339	梅田 禎治	56	男	新潟県	2:35:16	0:34:12	266	0:03:35	1:05:30	22	1:43:17	83	0:51:59	101	80		M55-59	14
85	145	大沼 亮	50	男	東京都	2:35:31	0:27:18	59	0:02:58	1:14:29	145	1:44:45	98	0:50:46	87	81		M50-54	15
86	280	諸橋 輝	58	男	宮城県	2:35:35	0:28:23	91	0:04:45	1:09:02	55	1:42:10	71	0:53:25	124	82		M55-59	15
87	268	保倉 信明	56	男	新潟県	2:35:40	0:27:49	74	0:03:12	1:09:58	66	1:40:59	59	0:54:41	147	83		M55-59	16
88	312	岩井 啓訓	50	男	福島県	2:35:45	0:30:20	151	0:02:56	1:03:00	6	1:36:16	26	0:59:29	230	84		M50-54	16
89	480	梅澤 洋	46	男	新潟県	2:35:52	0:30:08	136	0:02:39	1:15:36	167	1:48:23	139	0:47:29	47	85		M45-49	11
90	319	柿原 裕介	43	男	東京都	2:35:58	0:35:52	339	0:02:30	1:06:36	33	1:44:58	101	0:51:00	89	86		M40-44	16
91	201	小川 泰知	19	男	福島県	2:36:01	0:27:44	70	0:03:36	1:20:06	269	1:51:26	165	0:44:35	22	87		M10-19	2
92	296	本間 洋行	63	男	新潟県	2:36:04	0:29:39	118	0:03:05	1:10:12	71	1:42:56	76	0:53:08	120	88		M60-64	4
93	167	荒木 悠仁	22	男	福島県	2:36:04	0:26:22	44	0:04:32	1:15:49	171	1:46:43	125	0:49:21	71	89		M20-24	2
94	434	椎名 克行	67	男	新潟県	2:36:16	0:31:36	188	0:02:25	1:12:18	100	1:46:19	119	0:49:57	78	90		M65-69	3
95	501	小野 孝	53	男	新潟県	2:36:37	0:28:41	96	0:05:39	1:09:56	65	1:44:16	92	0:52:21	110	91		M50-54	17
96	477	石川 雄一郎	44	男	宮城県	2:37:00	0:29:43	121	0:04:16	1:15:12	159	1:49:11	147	0:47:49	51	92		M40-44	17
97	553	松井 裕之	41	男	新潟県	2:37:21	0:32:41	217	0:03:00	1:12:49	114	1:48:30	140	0:48:51	67	93		M40-44	18
98	244	竹下 直宏	50	男	静岡県	2:37:24	0:27:52	76	0:02:29	1:13:23	121	1:43:44	88	0:53:40	128	94		M50-54	18
99	318	織田 隆太郎	30	男	山形県	2:37:50	0:28:11	85	0:03:20	1:13:55	135	1:45:26	108	0:52:24	111	95		M30-34	7
100	365	森 義大	46	男	鹿児島県	2:38:30	0:27:32	64	0:05:05	1:12:13	98	1:44:50	99	0:53:40	129	96		M45-49	12
101	255	関 雄一郎	54	男	新潟県	2:38:33	0:27:36	65	0:02:20	1:16:24	181	1:46:20	120	0:52:13	106	97		M50-54	19
102	130	小宮山 貴史	38	男	東京都	2:38:41	0:24:55	28	0:02:12	1:18:25	229	1:45:32	110	0:53:09	121	98		M35-39	7
103	153	安藤 夏代	55	女	新潟県	2:38:47	0:29:25	111	0:05:36	1:09:59	67	1:45:00	103	0:53:47	131		5	F55-59	1
104	199	金子 和矢	58	男	東京都	2:39:05	0:29:33	116	0:03:56	1:11:41	92	1:45:10	105	0:53:55	134	99		M55-59	17
105	159	高橋 正治	61	男	岩手県	2:39:08	0:31:00	172	0:02:42	1:13:42	127	1:47:24	131	0:51:44	97	100		M60-64	5
106	183	小坂 文昭	48	男	兵庫県	2:39:22	0:29:06	104	0:03:19	1:07:49	41	1:40:14	57	0:59:08	222	101		M45-49	13
107	211	根本 貴史	38	男	長野県	2:39:26	0:31:52	197	0:03:24	1:08:57	53	1:44:13	91	0:55:13	153	102		M35-39	8
108	235	木塚 大悟	48	男	東京都	2:39:32	0:23:26	16	0:03:21	1:12:14	99	1:39:01	46	1:00:31	241	103		M45-49	14
109	316	伊藤 寿広	55	男	新潟県	2:39:41	0:29:58	128	0:02:54	1:12:02	96	1:44:54	100	0:54:47	150	104		M55-59	18
110	163	中原 岳	25	男	東京都	2:40:24	0:26:25	45	0:03:02	1:11:50	94	1:41:17	66	0:59:07	221	105		M25-29	6
111	259	沖津 英雄	54	男	茨城県	2:40:36	0:30:49	166	0:02:48	1:14:38	147	1:48:15	138	0:52:21	109	106		M50-54	20
112	336	石井 仁平	51	男	新潟県	2:40:51	0:34:40	279	0:02:23	1:12:59	117	1:50:02	152	0:50:49	88	107		M50-54	21
113	213	佐久間 啓	40	男	新潟県	2:40:59	0:28:43	98	0:05:18	1:12:31	107	1:46:32	122	0:54:27	141	108		M40-44	19
114	276	高橋 一仁	58	男	新潟県	2:41:12	0:29:28	114	0:02:50	1:17:02	198	1:49:20	148	0:51:52	100	109		M55-59	19
115	193	西山 由樹	64	男	岐阜県	2:41:13	0:27:38	67	0:02:18	1:15:52	172	1:45:48	114	0:55:25	157	110		M60-64	6
116	262	佐藤 直也	55	男	福島県	2:41:19	0:29:49	122	0:04:35	1:04:02	10	1:38:26	43	1:02:53	271	111		M55-59	20
117	496	澤 将史	51	男	東京都	2:41:39	0:32:32	213	0:03:58	1:12:52	115	1:49:22	149	0:52:17	108	112		M50-54	22
118	195	遠藤 雅博	39	男	福島県	2:42:09	0:28:59	102	0:04:04	1:11:24	87	1:44:27	94	0:57:42	196	113		M35-39	9
119	221	関谷 祐一	42	男	埼玉県	2:42:13	0:30:35	159	0:02:38	1:12:27	105	1:45:40	113	0:56:33	178	114		M40-44	20
120	192	福本 整	62	男	岡山県	2:42:21	0:28:09	84	0:02:30	1:15:35	166	1:46:14	117	0:56:07	169	115		M60-64	7
121	258	渡辺 哲	54	男	新潟県	2:42:32	0:28:01	78	0:03:15	1:15:11	158	1:46:27	121	0:56:05	165	116		M50-54	23
122	113	金子 泰久	55	男	神奈川県	2:43:04	0:24:48	26	0:03:44	1:18:36	234	1:47:08	129	0:55:56	162	117		M55-59	21
123	461	相崎 豪	34	男	宮城県	2:43:09	0:33:56	259	0:04:08	1:16:43	187	1:54:47	205	0:48:22	60	118		M30-34	8
124	330	後藤 善史	62	男	宮城県	2:43:24	0:29:10	105	0:02:33	1:13:15	119	1:44:58	102	0:58:26	212	119		M60-64	8
125	524	倉田 庄一郎	59	男	長野県	2:43:34	0:37:06	372	0:06:01	1:10:13	72	1:53:20	191	0:50:14	82	120		M55-59	22
126	471	村上 史佳	41	女	宮城県	2:43:34	0:26:09	42	0:03:00	1:14:21	143	1:43:30	86	1:00:04	235		6	F40-44	2
127	562	矢口 悠蔵	38	男	新潟県	2:43:40	0:31:10	176	0:05:08	1:18:44	235	1:55:02	209	0:48:38	64	121		M35-39	10
128	267	伊 藤浩昭	56	男	新潟県	2:43:44	0:32:01	201	0:03:42	1:15:44	170	1:51:27	166	0:52:17	107	122		M55-59	23
129	495	横山 紀子	51	女	山形県	2:43:53	0:34:54	289	0:02:45	1:14:07	141	1:51:46	169	0:52:07	103		7	F50-54	1
130	306	綿野 潔治	68	男	神奈川県	2:44:14	0:29:26	112	0:02:39	1:15:58	175	1:48:03	137	0:56:11	171	123		M65-69	4
131	329	高森 正一	61	男	石川県	2:44:19	0:35:59	345	0:04:16	1:08:54	52	1:49:09	146	0:55:10	152	124		M60-64	9
132	202	佐藤 龍	24	男	宮城県	2:44:26	0:30:20	150	0:03:04	1:16:50	192	1:50:14	153	0:54:12	136	125		M20-24	3
133	219	阿部 俊	42	男	神奈川県	2:44:39	0:34:32	274	0:03:23	1:16:55	195	1:54:50	206	0:49:49	76	126		M40-44	21
134	206	杉浦 恭平	32	男	新潟県	2:45:00	0:30:32	157	0:04:33	1:17:29	210	1:52:34	179	0:52:26	113	127		M30-34	9
135	585	南澤 嘉栄	56	男	東京都	2:45:02	0:34:40	280	0:03:10	1:13:47	131	1:51:37	167	0:53:25	125	128		M55-59	24
136	120	金澤 英明	47	男	群馬県	2:45:29	0:27:38	68	0:01:58	1:10:34	76	1:40:10	56	1:05:19	304	129		M45-49	15
137	125	中田 龍斗	26	男	徳島県	2:45:33	0:24:04	19	0:02:25	1:16:21	180	1:42:50	75	1:02:43	267	130		M25-29	7
138	251	荒川 哲夫	52	男	埼玉県	2:45:33	0:30:07	135	0:04:36	1:17:28	209	1:52:11	175	0:53:22	123	131		M50-54	24
139	413	高橋 賢一	58	男	福島県	2:45:42	0:34:06	263	0:03:33	1:10:56	80	1:48:35	141	0:57:07	187	132		M55-59	25
140	270	笹原 奈泉	56	女	神奈川県	2:45:46	0:30:16	144	0:05:26	1:15:25	164	1:51:07	160	0:54:39	146		8	F55-59	2
141	260	袖山 正樹	54	男	新潟県	2:46:35	0:33:43	250	0:04:35	1:09:29	58	1:47:47	135	0:58:48	218	133		M50-54	25
142	522	佐藤 久	58	男	新潟県	2:46:36	0:30:09	137	0:04:02	1:17:06	199	1:51:17	163	0:55:19	155	134		M55-59	26
143	568	瀬戸 亮平	45	男	宮城県	2:46:44	0:30:46	165	0:04:52	1:19:41	260	1:55:19	214	0:51:25	93	135		M45-49	16
144	5	柴田 葵	23	女	新潟県	2:46:45	0:30:35	160	0:02:12	1:25:51	366	1:58:38	264	0:48:07	56		9	F20-24	1
145	256	佐々木 恒次	54	男	宮城県	2:46:53	0:30:16	146	0:04:24	1:11:39	90	1:46:19	118	1:00:34	242	136		M50-54	26
146	343	須田 修弘	64	男	東京都	2:47:04	0:34:44	283	0:03:19	1:14:37	146	1:52:40	181	0:54:24	139	137		M60-64	10
147	403	渡辺 広美	56	女	東京都	2:47:09	0:29:13	107	0:03:08	1:20:18	275	1:52:39	180	0:54:30	143		10	F55-59	3
148	615	伊瀬 智三郎	23	男	福島県	2:47:14	0:33:14	232	0:04:12	1:11:40	91	1:49:06	145	0:58:08	205	138		M20-24	4
149	162	鈴木 雄久	64	男	東京都	2:47:20	0:28:02	79	0:02:47	1:11:11	85	1:42:00	69	1:05:20	305	139		M60-64	11
150	122	安井 圭一	59	男	新潟県	2:47:30	0:27:00	55	0:03:18	1:14:09	142	1:44:27	93	1:03:03	275	140		M55-59	27
151	421	茂木 智	61	男	埼玉県	2:47:30	0:33:35	243	0:03:09	1:13:56	138	1:50:40	157	0:56:50	184	141		M60-64	12
152	391	青木 史	55	女	長野県	2:47:45	0:33:32	240	0:04:55	1:17:06	200	1:55:33	221	0:52:12	105		11	F55-59	4
153	115	桐生 隆幸	38	男	新潟県	2:48:03	0:31:28	184	0:03:37	1:15:37	169	1:50:42	158	0:57:21	190	142		M35-39	11
154	228	登坂 孝範	46	男	宮城県	2:48:04	0:35:38	332	0:03:27	1:15:06	156	1:54:11	197	0:53:53	133	143		M45-49	17
155	361	久住 謙太	44	男	新潟県	2:48:21	0:33:45	251	0:05:27	1:13:02	118	1:52:14	176	0:56:07	167	144		M40-44	22
156	390	松下 敏人	55	男	東京都	2:48:27	0:33:05	228	0:04:13	1:15:24	163	1:52:42	182	0:55:45	160	145		M55-59	28
157	346	甲斐 修平	43	男	東京都	2:48:40	0:31:59	200	0:02:05	1:15:36	168	1:49:40	150	0:59:00	220	146		M40-44	23
158	396	小山 茂雄	55	男	新潟県	2:48:41	0:33:26	238	0:05:15	1:15:18	161	1:53:59	195	0:54:42	148	147		M55-59	29
159	375	丸山 亜樹	50	女	新潟県	2:49:00	0:33:47	252	0:03:41	1:18:05	218	1:55:33	220	0:53:27	126		12	F50-54	2
160	503	佐々木 慶博	53	男	宮城県	2:49:05	0:33:34	241	0:03:45	1:17:08	203	1:54:27	202	0:54:38	145	148		M50-54	27
161	348	栗田 秀人	52	男	山形県	2:49:13	0:32:39	215	0:05:21	1:13:46	130	1:51:46	168	0:57:27	191	149		M50-54	28
162	298	花澤 義昭	65	男	神奈川県	2:49:18	0:29:34	117	0:02:56	1:18:09	219	1:50:39	156	0:58:39	216	150		M65-69	5
163	307	荻原 弘	70	男	長野県	2:49:27	0:31:33	187	0:04:24	1:15:17	160	1:51:14	161	0:58:13	209	151		M70-74	1
164	354	尾崎 友秋	30	男	山梨県	2:49:34	0:30:25	154	0:04:03	1:18:59	240	1:53:27	193	0:56:07	168	152		M30-34	10
165	463	安養寺 猛	34	男	宮城県	2:49:43	0:35:52	337	0:05:32	1:15:02	152	1:56:26	235	0:53:17	122	153		M30-34	11
166	502	門馬 修一	53	男	福島県	2:49:45	0:30:41	163	0:06:10	1:18:20	226	1:55:11	212	0:54:34	144	154		M50-54	29
167	249	中島 慶一	52	男	群馬県	2:49:46	0:34:47	285	0:02:34	1:15:56	174	1:53:17	189	0:56:29	176	155		M50-54	30
168	511	築比地 修	56	男	新潟県	2:49:49	0:38:04	395	0:03:08	1:12:48	113	1:54:00	196	0:55:49	161	156		M55-59	30
169	382	向 哲夫	53	男	新潟県	2:50:12	0:33:57	260	0:03:55	1:18:18	223	1:56:10	232	0:54:02	135	157		M50-54	31
170	173	本間 紀彦	55	男	新潟県	2:50:13	0:28:05	83	0:03:05	1:13:32	125	1:44:42	97	1:05:31	306	158		M55-59	31
171	261	小島 拓也	54	男	長野県	2:50:13	0:32:03	203	0:04:19	1:10:44	78	1:47:06	128	1:03:07	278	159		M50-54	32
172	582	井口 智裕	53	男	新潟県	2:50:30	0:36:08	349	0:05:14	1:13:51	134	1:55:13	213	0:55:17	154	160		M50-54	33
173	344	小西 正宣	64	男	長野県	2:50:42	0:33:16	234	0:04:37	1:17:07	202	1:55:00	208	0:55:42	159	161		M60-64	13
174	205	野中 惇	31	男	佐賀県	2:50:54	0:35:39	333	0:04:12	1:26:24	377	2:06:15	349	0:44:39	23	162		M30-34	12
175	234	佐藤 和幸	48	男	東京都	2:50:57	0:27:20	60	0:03:25	1:12:33	108	1:43:18	84	1:07:39	349	163		M45-49	18
176	289	佐藤 浩之	60	男	福島県	2:50:59	0:30:16	145	0:03:46	1:16:47	190	1:50:49	159	1:00:10	236	164		M60-64	14
177	367	尾形 英樹	47	男	東京都	2:51:00	0:31:44	193	0:02:43	1:10:48	79	1:45:15	106	1:05:45	313	165		M45-49	19
178	632	瀬戸 礼子	50	女	宮城県	2:51:02	0:36:30	365	0:05:06	1:16:56	196	1:58:32	262	0:52:30	115		13	F50-54	3
179	479	山下 賢之介	46	男	宮城県	2:51:22	0:35:02	295	0:03:48	1:20:46	281	1:59:36	276	0:51:46	98	166		M45-49	20
180	570	佐藤 祐我	47	男	福島県	2:51:30	0:28:04	82	0:04:14	1:22:49	317	1:55:07	211	0:56:23	173	167		M45-49	21
181	341	中 健一	61	男	富山県	2:51:38	0:32:56	223	0:05:01	1:14:55	149	1:52:52	185	0:58:46	217	168		M60-64	15
182	442	堀部 朋宏	40	男	東京都	2:51:46	0:33:43	249	0:04:12	1:22:25	306	2:00:20	285	0:51:26	94	169		M40-44	24
183	465	難波 泰佑	37	男	新潟県	2:51:47	0:36:02	347	0:08:27	1:11:11	84	1:55:40	223	0:56:07	170	170		M35-39	12
184	487	石川 哲也	48	男	愛知県	2:51:49	0:32:46	219	0:07:36	1:12:29	106	1:52:51	184	0:58:58	219	171		M45-49	22
185	164	中山 祥貴	28	男	新潟県	2:51:57	0:28:22	89	0:02:15	1:15:30	165	1:46:07	116	1:05:50	314	172		M25-29	8
186	196	岩尾 珠希	45	女	東京都	2:52:33	0:31:20	181	0:03:35	1:20:59	284	1:55:54	227	0:56:39	181		14	F45-49	1
187	384	佐野 智恵子	53	女	東京都	2:52:34	0:35:12	308	0:06:03	1:19:11	246	2:00:26	286	0:52:08	104		15	F50-54	4
188	314	打越 三紀恵	50	女	東京都	2:52:36	0:31:47	194	0:03:23	1:19:42	262	1:54:52	207	0:57:44	197		16	F50-54	5
189	464	秋月 直人	36	男	兵庫県	2:52:49	0:35:24	322	0:05:28	1:24:17	342	2:05:09	333	0:47:40	49	173		M35-39	13
190	243	伊藤 大輔	50	男	新潟県	2:52:51	0:28:43	99	0:06:35	1:19:06	244	1:54:24	200	0:58:27	214	174		M50-54	34
191	281	山崎 教雄	58	男	宮城県	2:52:53	0:29:12	106	0:03:00	1:16:31	185	1:48:43	143	1:04:10	289	175		M55-59	32
192	207	渋江 彰寛	35	男	新潟県	2:52:55	0:31:23	183	0:03:44	1:15:09	157	1:50:16	154	1:02:39	264	176		M35-39	14
193	146	伊東 亮	50	男	神奈川県	2:52:57	0:29:27	113	0:04:17	1:18:35	233	1:52:19	177	1:00:38	244	177		M50-54	35
194	282	宗田 一雄	58	男	新潟県	2:53:10	0:32:29	211	0:06:53	1:19:30	255	1:58:52	269	0:54:18	137	178		M55-59	33
195	190	坂田 千代次	61	男	千葉県	2:53:21	0:34:05	262	0:03:53	1:15:01	151	1:52:59	186	1:00:22	237	179		M60-64	16
196	253	石嶋 聡	53	男	新潟県	2:53:23	0:30:54	168	0:03:20	1:13:31	124	1:47:45	134	1:05:38	310	180		M50-54	36
197	174	高橋 健	57	男	新潟県	2:53:35	0:26:02	39	0:02:45	1:16:45	189	1:45:32	111	1:08:03	354	181		M55-59	34
198	288	山口 智	60	男	石川県	2:53:54	0:32:22	209	0:03:40	1:11:31	89	1:47:33	133	1:06:21	327	182		M60-64	17
199	362	佐藤 佳之	45	男	岩手県	2:53:59	0:35:59	344	0:03:57	1:16:26	183	1:56:22	233	0:57:37	193	183		M45-49	23
200	123	前田 陸朗	19	男	福島県	2:54:06	0:27:10	56	0:03:29	1:26:16	375	1:56:55	244	0:57:11	188	184		M10-19	3
201	326	後藤 玄利	59	男	東京都	2:54:11	0:30:58	169	0:04:03	1:12:19	101	1:47:20	130	1:06:51	335	185		M55-59	35
202	518	瀬賀 吉幸	58	男	新潟県	2:54:22	0:37:14	377	0:05:07	1:19:14	248	2:01:35	298	0:52:47	118	186		M55-59	36
203	222	生神 敏基	42	男	新潟県	2:54:23	0:33:10	231	0:04:02	1:16:04	177	1:53:16	188	1:01:07	251	187		M40-44	25
204	587	奥谷 幸司	56	男	奈良県	2:54:24	0:37:30	385	0:03:31	1:14:03	140	1:55:04	210	0:59:20	226	188		M55-59	37
205	147	浜本 洋次	51	男	東京都	2:54:28	0:26:00	38	0:03:19	1:22:50	318	1:52:09	173	1:02:19	262	189		M50-54	37
206	370	吉良 武人	48	男	京都府	2:54:43	0:33:37	246	0:03:40	1:19:33	259	1:56:50	240	0:57:53	203	190		M45-49	24
207	323	本間 貴也	52	男	新潟県	2:54:55	0:31:41	192	0:02:42	1:19:57	266	1:54:20	199	1:00:35	243	191		M50-54	38
208	500	菅井 義啓	53	男	宮城県	2:55:05	0:34:25	269	0:04:31	1:12:21	102	1:51:17	162	1:03:48	283	192		M50-54	39
209	401	山田 亨	56	男	新潟県	2:55:05	0:35:21	319	0:05:31	1:14:55	148	1:55:47	225	0:59:18	225	193		M55-59	38
210	250	阿部 雅也	52	男	新潟県	2:55:07	0:35:23	321	0:04:25	1:13:55	137	1:53:43	194	1:01:24	257	194		M50-54	40
211	372	ONEAL GEORGE	48	男	新潟県	2:55:07	0:33:17	235	0:05:52	1:18:20	225	1:57:29	251	0:57:38	195	195		M45-49	25
212	406	関口 秀之	57	男	東京都	2:55:12	0:35:03	296	0:03:30	1:18:28	230	1:57:01	246	0:58:11	207	196		M55-59	39
213	254	中山 修一	54	男	埼玉県	2:55:14	0:28:27	93	0:03:41	1:22:16	304	1:54:24	201	1:00:50	246	197		M50-54	41
214	445	本間 知弘	29	男	京都府	2:55:16	0:41:02	444	0:05:03	1:18:49	238	2:04:54	331	0:50:22	85	198		M25-29	9
215	151	中井 順子	54	女	兵庫県	2:55:28	0:27:47	73	0:03:00	1:26:14	374	1:57:01	245	0:58:27	213		17	F50-54	6
216	624	西井 裕矢	42	男	愛知県	2:55:31	0:33:22	236	0:05:30	1:18:01	216	1:56:53	242	0:58:38	215	199		M40-44	26
217	217	大滝 拓也	41	男	新潟県	2:55:31	0:32:52	222	0:04:19	1:16:16	178	1:53:27	192	1:02:04	259	200		M40-44	27
218	340	杉田 浩子	60	女	新潟県	2:55:34	0:34:32	276	0:05:06	1:18:09	220	1:57:47	255	0:57:47	200		18	F60-64	1
219	297	川口 勝範	63	男	大阪府	2:55:40	0:30:58	170	0:03:24	1:17:35	211	1:51:57	171	1:03:43	282	201		M60-64	18
220	424	岡本 達也	63	男	神奈川県	2:55:44	0:33:04	227	0:06:58	1:18:31	231	1:58:33	263	0:57:11	189	202		M60-64	19
221	364	村地 達雄	46	男	東京都	2:55:46	0:35:04	297	0:04:26	1:21:28	292	2:00:58	292	0:54:48	151	203		M45-49	26
222	400	小泉 勝	56	男	神奈川県	2:55:50	0:31:52	196	0:04:47	1:22:47	315	1:59:26	274	0:56:24	174	204		M55-59	40
223	245	藤井 敬士	50	男	石川県	2:56:04	0:30:16	143	0:05:05	1:22:51	319	1:58:12	257	0:57:52	202	205		M50-54	42
224	373	田村 七也	49	男	宮城県	2:56:20	0:31:04	174	0:04:08	1:18:02	217	1:53:14	187	1:03:06	277	206		M45-49	27
225	439	藤村 吉男	72	男	東京都	2:56:25	0:35:47	334	0:04:36	1:16:49	191	1:57:12	250	0:59:13	223	207		M70-74	2
226	182	大西 伸幸	45	男	和歌山県	2:56:26	0:30:09	138	0:05:15	1:13:39	126	1:49:03	144	1:07:23	342	208		M45-49	28
227	470	齋藤 大一	41	男	新潟県	2:56:27	0:36:00	346	0:05:03	1:14:25	144	1:55:28	216	1:00:59	248	209		M40-44	28
228	311	松本 尚也	46	男	東京都	2:56:27	0:29:20	109	0:03:31	1:09:53	64	1:42:44	74	1:13:43	413	210		M45-49	29
229	187	KILIDJIAN GILLES	57	男	東京都	2:56:29	0:27:50	75	0:05:10	1:19:31	256	1:52:31	178	1:03:58	287	211		M55-59	41
230	204	遠藤 大介	29	男	神奈川県	2:56:31	0:34:28	271	0:06:42	1:27:13	391	2:08:23	368	0:48:08	57	212		M25-29	10
231	227	中村 望	46	男	新潟県	2:56:35	0:29:54	126	0:03:26	1:18:46	237	1:52:06	172	1:04:29	293	213		M45-49	30
232	613	中村 直人	21	男	福島県	2:56:43	0:40:38	441	0:04:42	1:21:18	290	2:06:38	356	0:50:05	79	214		M20-24	5
233	238	新倉 美代子	49	女	神奈川県	2:56:44	0:37:27	384	0:04:15	1:19:06	243	2:00:48	289	0:55:56	163		19	F45-49	2
234	248	黒田 亜希子	52	女	神奈川県	2:57:01	0:28:59	103	0:03:51	1:23:03	324	1:55:53	226	1:01:08	252		20	F50-54	7
235	265	永池 博之	56	男	東京都	2:57:10	0:27:32	63	0:05:33	1:17:11	205	1:50:16	155	1:06:54	337	215		M55-59	42
236	422	田村 和夫	62	男	新潟県	2:57:18	0:31:52	195	0:05:21	1:12:45	112	1:49:58	151	1:07:20	341	216		M60-64	20
237	383	天井 秀昭	53	男	新潟県	2:57:28	0:34:45	284	0:04:18	1:20:06	271	1:59:09	270	0:58:19	211	217		M50-54	43
238	294	佐藤 利晴	62	男	茨城県	2:57:34	0:31:18	180	0:03:59	1:21:28	293	1:56:45	238	1:00:49	245	218		M60-64	21
239	513	瀧 康太郎	57	男	神奈川県	2:57:38	0:39:52	435	0:03:39	1:13:16	120	1:56:47	239	1:00:51	247	219		M55-59	43
240	215	中村 正樹	40	男	東京都	2:57:42	0:33:52	255	0:06:29	1:16:50	193	1:57:11	249	1:00:31	240	220		M40-44	29
241	388	伊藤 あゆみ	54	女	長野県	2:57:50	0:35:06	299	0:02:41	1:20:05	268	1:57:52	256	0:59:58	233		21	F50-54	8
242	598	五十嵐 栄康	67	男	福島県	2:57:50	0:41:13	452	0:04:31	1:15:05	155	2:00:49	290	0:57:01	186	221		M65-69	6
243	574	登内 広樹	49	男	長野県	2:58:00	0:37:31	386	0:03:02	1:23:00	323	2:03:33	316	0:54:27	140	222		M45-49	31
244	320	藤井 かおる	44	女	新潟県	2:58:18	0:32:09	205	0:03:30	1:16:30	184	1:52:09	174	1:06:09	324		22	F40-44	3
245	371	加藤 優美子	48	女	新潟県	2:58:20	0:33:15	233	0:04:05	1:22:48	316	2:00:08	283	0:58:12	208		23	F45-49	3
246	417	佐藤 正明	60	男	新潟県	2:58:22	0:31:10	177	0:06:43	1:17:39	212	1:55:32	219	1:02:50	268	223		M60-64	22
247	302	梅津 友則	67	男	東京都	2:58:25	0:29:54	125	0:06:19	1:17:07	201	1:53:20	190	1:05:05	301	224		M65-69	7
248	334	山本 文忠	77	男	千葉県	2:58:46	0:30:50	167	0:02:40	1:19:15	250	1:52:45	183	1:06:01	319	225		M75-79	1
249	317	米澤 博文	56	男	福岡県	2:58:48	0:32:17	208	0:05:27	1:18:14	222	1:55:58	228	1:02:50	269	226		M55-59	44
250	507	近藤 敏	55	男	静岡県	2:58:48	0:35:10	302	0:05:15	1:17:16	206	1:57:41	254	1:01:07	250	227		M55-59	45
251	392	中西 英貴	55	男	京都府	2:58:56	0:37:02	370	0:04:16	1:16:17	179	1:57:35	252	1:01:21	255	228		M55-59	46
252	313	北見 玲衣子	50	女	東京都	2:58:56	0:30:35	158	0:04:35	1:28:13	407	2:03:23	314	0:55:33	158		24	F50-54	9
253	509	清水 保治	55	男	愛知県	2:59:13	0:32:51	221	0:04:22	1:22:31	310	1:59:44	280	0:59:29	229	229		M55-59	47
254	447	渋谷 亮	51	男	新潟県	2:59:15	0:34:30	272	0:06:06	1:16:25	182	1:57:01	247	1:02:14	260	230		M50-54	44
255	142	宰井 良輔	48	男	兵庫県	2:59:30	0:22:46	9	0:04:48	1:19:57	265	1:47:31	132	1:11:59	397	231		M45-49	32
256	416	竹井 亜紀子	60	女	神奈川県	2:59:45	0:33:35	242	0:04:43	1:21:01	286	1:59:19	273	1:00:26	239		25	F60-64	2
257	427	武田 豊三	64	男	宮城県	2:59:52	0:35:58	343	0:04:20	1:20:18	274	2:00:36	287	0:59:16	224	232		M60-64	23
258	448	橋本 衛	54	男	兵庫県	2:59:52	0:37:09	373	0:04:35	1:18:35	232	2:00:19	284	0:59:33	231	233		M50-54	45
259	283	本田 忠晴	58	男	山形県	3:00:10	0:34:30	273	0:03:17	1:17:40	213	1:55:27	215	1:04:43	297	234		M55-59	48
260	616	牧田 陽介	29	男	新潟県	3:00:13	0:39:06	419	0:07:05	1:25:47	365	2:11:58	404	0:48:15	59	235		M25-29	11
261	662	安井 章	56	男	東京都	3:00:16	0:39:01	415	0:04:56	1:16:53	194	2:00:50	291	0:59:26	228	236		M55-59	49
262	293	山川 雅弘	62	男	東京都	3:00:20	0:30:06	134	0:04:39	1:19:33	258	1:54:18	198	1:06:02	320	237		M60-64	24
263	444	春日 伊都子	58	女	東京都	3:00:26	0:34:32	275	0:04:55	1:26:12	370	2:05:39	342	0:54:47	149		26	F55-59	5
264	404	渡辺 浩史	57	男	東京都	3:00:27	0:35:21	318	0:06:37	1:20:52	282	2:02:50	311	0:57:37	194	238		M55-59	50
265	198	戸田 久美子	55	女	東京都	3:00:28	0:32:56	224	0:04:31	1:17:01	197	1:54:28	203	1:06:00	318		27	F55-59	6
266	378	山本 吉孝	51	男	新潟県	3:00:28	0:30:00	129	0:04:07	1:17:49	215	1:51:56	170	1:08:32	361	239		M50-54	46
267	543	鈴木 忠	66	男	秋田県	3:00:34	0:34:17	267	0:04:46	1:23:22	332	2:02:25	307	0:58:09	206	240		M65-69	8
268	385	山崎 武	53	男	東京都	3:00:36	0:35:11	306	0:04:57	1:22:38	312	2:02:46	310	0:57:50	201	241		M50-54	47
269	418	山下 正司	60	男	神奈川県	3:00:36	0:35:56	342	0:04:43	1:15:24	162	1:56:03	231	1:04:33	295	242		M60-64	25
270	402	渡辺 高志	56	男	長野県	3:01:31	0:34:42	282	0:03:49	1:17:08	204	1:55:39	222	1:05:52	315	243		M55-59	51
271	478	高橋 大樹	45	男	東京都	3:01:31	0:37:46	388	0:06:32	1:20:23	278	2:04:41	329	0:56:50	185	244		M45-49	33
272	368	長尾 豊孝	48	男	東京都	3:01:48	0:38:16	398	0:05:25	1:21:49	298	2:05:30	338	0:56:18	172	245		M45-49	34
273	556	白水 ゆづさ	20	女	福島県	3:01:49	0:39:04	417	0:05:22	1:22:54	320	2:07:20	362	0:54:29	142		28	F20-24	2
274	476	善治 直樹	44	男	長野県	3:01:59	0:33:37	245	0:04:00	1:18:46	236	1:56:23	234	1:05:36	307	246		M40-44	30
275	290	小田 一仁	61	男	新潟県	3:02:06	0:30:41	164	0:04:12	1:09:41	59	1:44:34	96	1:17:32	436	247		M60-64	26
276	606	桑澤 友子	49	女	東京都	3:02:06	0:37:14	378	0:05:27	1:23:22	333	2:06:03	347	0:56:03	164		29	F45-49	4
277	395	藤野 真由美	55	女	東京都	3:02:10	0:34:36	278	0:06:02	1:28:00	404	2:08:38	371	0:53:32	127		30	F55-59	7
278	410	岩澤 勝	58	男	新潟県	3:02:25	0:36:29	364	0:03:43	1:19:31	257	1:59:43	279	1:02:42	266	248		M55-59	52
279	230	中井 裕佳	46	女	京都府	3:02:36	0:35:34	329	0:03:44	1:20:21	277	1:59:39	277	1:02:57	272		31	F45-49	5
280	186	永田 英孝	56	男	大阪府	3:02:39	0:31:00	173	0:03:49	1:19:42	261	1:54:31	204	1:08:08	356	249		M55-59	53
281	575	田岡 聖司	49	男	兵庫県	3:02:50	0:38:26	404	0:04:27	1:14:01	139	1:56:54	243	1:05:56	316	250		M45-49	35
282	359	金道 有生子	39	女	宮城県	3:02:54	0:30:20	149	0:04:16	1:23:43	337	1:58:19	260	1:04:35	296		32	F35-39	1
283	538	高波 障位	64	男	新潟県	3:03:08	0:36:09	350	0:03:05	1:19:57	264	1:59:11	271	1:03:57	286	251		M60-64	27
284	303	岡田 浩寿	67	男	福島県	3:03:12	0:32:13	206	0:02:56	1:20:20	276	1:55:29	217	1:07:43	350	252		M65-69	9
285	489	井手口 寿史	49	男	東京都	3:03:25	0:34:09	265	0:04:36	1:24:39	349	2:03:24	315	1:00:01	234	253		M45-49	36
286	315	内田 博文	53	男	栃木県	3:03:56	0:35:21	317	0:06:30	1:23:48	339	2:05:39	341	0:58:17	210	254		M50-54	48
287	504	五十嵐 和彦	55	男	新潟県	3:04:05	0:38:13	396	0:04:33	1:19:03	242	2:01:49	299	1:02:16	261	255		M55-59	54
288	271	篠田 浩幸	56	男	神奈川県	3:04:06	0:26:49	52	0:04:28	1:25:13	357	1:56:30	236	1:07:36	348	256		M55-59	55
289	349	渥美 修一郎	58	男	東京都	3:04:09	0:34:56	290	0:03:59	1:17:42	214	1:56:37	237	1:07:32	345	257		M55-59	56
290	486	熊谷 健	48	男	宮城県	3:04:12	0:41:11	449	0:05:16	1:18:24	227	2:04:51	330	0:59:21	227	258		M45-49	37
291	573	田邉 佐和子	48	女	宮城県	3:04:13	0:36:30	366	0:03:44	1:27:54	402	2:08:08	367	0:56:05	166		33	F45-49	6
292	414	山本 亨	59	男	長野県	3:04:15	0:35:22	320	0:05:38	1:15:00	150	1:56:00	229	1:08:15	359	259		M55-59	57
293	358	黒岩 信弥	38	男	長野県	3:04:17	0:35:17	310	0:03:48	1:23:10	327	2:02:15	306	1:02:02	258	260		M35-39	15
294	446	倉田 貴生	35	男	東京都	3:04:22	0:35:01	294	0:05:37	1:26:14	373	2:06:52	358	0:57:30	192	261		M35-39	16
295	555	飯塚 仁	66	男	福島県	3:05:32	0:36:15	355	0:04:11	1:20:34	280	2:01:00	293	1:04:32	294	262		M65-69	10
296	240	古山 司郎	49	男	神奈川県	3:05:51	0:30:11	139	0:06:19	1:22:46	314	1:59:16	272	1:06:35	332	263		M45-49	38
297	357	尾梶 勇太	37	男	兵庫県	3:05:56	0:43:07	468	0:03:29	1:19:44	263	2:06:20	353	0:59:36	232	264		M35-39	17
298	656	中津川 柊太郎	26	男	東京都	3:06:03	0:36:52	368	0:07:51	1:24:31	344	2:09:14	379	0:56:49	183	265		M25-29	12
299	241	大谷 賢聡	50	男	秋田県	3:06:08	0:35:07	300	0:05:18	1:18:19	224	1:58:44	265	1:07:24	344	266		M50-54	49
300	584	高野 勝幸	55	男	新潟県	3:06:17	0:35:28	325	0:04:45	1:18:12	221	1:58:25	261	1:07:52	353	267		M55-59	58
301	639	野本 肇	55	男	山形県	3:06:17	0:36:21	358	0:06:29	1:27:00	386	2:09:50	385	0:56:27	175	268		M55-59	59
302	106	中山 泰誠	29	男	東京都	3:06:18	0:23:24	15	0:02:59	1:13:46	129	1:40:09	55	1:26:09	471	269		M25-29	13
303	611	小林 英輔	57	男	兵庫県	3:06:19	0:35:52	338	0:06:22	1:13:48	132	1:56:02	230	1:10:17	376	270		M55-59	60
304	328	中川 清美	60	女	新潟県	3:06:28	0:34:35	277	0:04:32	1:19:07	245	1:58:14	259	1:08:14	357		34	F60-64	3
305	338	小島 浩	54	男	長野県	3:06:28	0:33:42	248	0:04:21	1:19:01	241	1:57:04	248	1:09:24	372	271		M50-54	50
306	430	片田 知子	66	女	神奈川県	3:06:48	0:33:53	257	0:03:07	1:23:04	326	2:00:04	282	1:06:44	334		35	F65-69	1
307	376	森川 智恵	50	女	東京都	3:06:55	0:34:58	292	0:03:09	1:20:06	270	1:58:13	258	1:08:42	364		36	F50-54	10
308	462	大矢 剛大	34	男	東京都	3:07:12	0:35:21	316	0:03:44	1:22:30	309	2:01:35	297	1:05:37	309	272		M30-34	13
309	579	上原 洋明	51	男	新潟県	3:07:18	0:41:58	462	0:08:40	1:20:02	267	2:10:40	393	0:56:38	180	273		M50-54	51
310	473	樋口 正輝	41	男	兵庫県	3:07:29	0:39:24	423	0:04:34	1:22:26	307	2:06:24	354	1:01:05	249	274		M40-44	31
311	200	上田 侑	18	男	東京都	3:07:36	0:35:37	330	0:06:05	1:24:34	347	2:06:16	352	1:01:20	254	275		M10-19	4
312	529	新田 泰子	61	女	宮城県	3:07:42	0:35:20	315	0:04:10	1:22:28	308	2:01:58	301	1:05:44	312		37	F60-64	4
313	237	遠山 功	49	男	東京都	3:07:56	0:34:26	270	0:03:50	1:19:24	252	1:57:40	253	1:10:16	375	276		M45-49	39
314	387	錦織 真一郎	54	男	新潟県	3:07:58	0:30:41	162	0:03:57	1:20:54	283	1:55:32	218	1:12:26	403	277		M50-54	52
315	287	菅 祐治	60	男	神奈川県	3:08:03	0:31:56	199	0:05:54	1:21:00	285	1:58:50	267	1:09:13	369	278		M60-64	28
316	626	内山 智文	45	男	新潟県	3:08:09	0:34:41	281	0:07:29	1:24:47	351	2:06:57	360	1:01:12	253	279		M45-49	40
317	369	関内 光市	48	男	福島県	3:08:29	0:33:27	239	0:05:00	1:18:25	228	1:56:52	241	1:11:37	390	280		M45-49	41
318	177	平田 明香	35	女	埼玉県	3:08:36	0:31:55	198	0:05:21	1:26:59	385	2:04:15	326	1:04:21	290		38	F35-39	2
319	569	岩渕 麻佳	47	女	新潟県	3:08:59	0:35:37	331	0:04:09	1:22:13	303	2:01:59	302	1:07:00	338		39	F45-49	7
320	155	三原 邦彦	56	男	東京都	3:09:02	0:28:12	86	0:03:53	1:16:33	186	1:48:38	142	1:20:24	449	281		M55-59	61
321	532	田中 光昭	62	男	新潟県	3:09:08	0:35:10	304	0:06:33	1:29:39	423	2:11:22	399	0:57:46	199	282		M60-64	29
322	342	早坂 耐希	61	男	山形県	3:09:18	0:32:48	220	0:04:54	1:26:26	378	2:04:08	325	1:05:10	302	283		M60-64	30
323	635	尾上 友紀	52	女	東京都	3:09:23	0:37:09	374	0:07:13	1:24:37	348	2:08:59	375	1:00:24	238		40	F50-54	11
324	285	藤野 隆太	60	男	東京都	3:09:47	0:34:01	261	0:04:08	1:25:25	361	2:03:34	317	1:06:13	326	284		M60-64	31
325	455	鈴木 一真	20	男	福島県	3:09:50	0:41:45	458	0:08:44	1:24:59	355	2:15:28	426	0:54:22	138	285		M20-24	6
326	617	長谷川 滉	31	男	千葉県	3:09:53	0:35:28	324	0:05:34	1:23:15	329	2:04:17	327	1:05:36	308	286		M30-34	14
327	420	岩佐 直樹	61	男	東京都	3:09:55	0:37:16	380	0:05:22	1:21:14	289	2:03:52	323	1:06:03	321	287		M60-64	32
328	223	厚見 行正	43	男	石川県	3:10:00	0:32:25	210	0:05:00	1:26:12	371	2:03:37	318	1:06:23	328	288		M40-44	32
329	530	松本 智幸	61	男	福島県	3:10:03	0:32:40	216	0:04:18	1:27:01	387	2:03:59	324	1:06:04	322	289		M60-64	33
330	309	佐藤 賢二	76	男	新潟県	3:10:09	0:28:39	94	0:05:32	1:26:36	381	2:00:47	288	1:09:22	371	290		M75-79	2
331	640	高橋 富美	58	女	宮城県	3:10:17	0:40:35	440	0:05:38	1:27:27	394	2:13:40	416	0:56:37	179		41	F55-59	8
332	589	渡部 香	60	女	愛媛県	3:10:20	0:35:10	303	0:03:19	1:25:20	359	2:03:49	322	1:06:31	331		42	F60-64	5
333	431	金森 信次	66	男	東京都	3:10:37	0:30:14	141	0:05:28	1:30:03	430	2:05:45	343	1:04:52	299	291		M65-69	11
334	304	中村 泰彦	67	男	東京都	3:10:46	0:30:11	140	0:04:49	1:23:48	338	1:58:48	266	1:11:58	396	292		M65-69	12
335	443	大崎 佳子	57	女	宮城県	3:10:53	0:35:31	326	0:03:19	1:21:07	288	1:59:57	281	1:10:56	384		43	F55-59	9
336	577	笠原 博人	51	男	長野県	3:10:54	0:36:10	352	0:04:30	1:22:40	313	2:03:20	313	1:07:34	347	293		M50-54	53
337	521	伊藤 早苗	58	女	新潟県	3:11:12	0:35:19	313	0:05:28	1:24:29	343	2:05:16	334	1:05:56	317		44	F55-59	10
338	172	松井 亜希子	55	女	東京都	3:11:13	0:33:06	229	0:04:29	1:24:33	345	2:02:08	305	1:09:05	368		45	F55-59	11
339	580	矢島 聡	51	男	栃木県	3:11:28	0:36:18	357	0:04:26	1:22:59	322	2:03:43	320	1:07:45	351	294		M50-54	54
340	652	佐藤 久美子	49	女	宮城県	3:11:41	0:41:12	451	0:05:39	1:21:52	300	2:08:43	373	1:02:58	273		46	F45-49	8
341	474	昆 和弥	42	男	新潟県	3:11:58	0:34:47	286	0:05:20	1:35:19	465	2:15:26	425	0:56:32	177	295		M40-44	33
342	347	白川 もえぎ	47	女	東京都	3:12:05	0:35:08	301	0:03:35	1:27:44	397	2:06:27	355	1:05:38	311		47	F45-49	9
343	454	山田 晃大	19	男	新潟県	3:12:24	0:31:29	186	0:07:08	1:23:18	331	2:01:55	300	1:10:29	382	296		M10-19	5
344	492	鈴木 学爾	50	男	福島県	3:12:29	0:33:54	258	0:05:02	1:23:32	334	2:02:28	308	1:10:01	374	297		M50-54	55
345	324	古賀 賢二郎	53	男	埼玉県	3:12:34	0:37:03	371	0:05:50	1:24:55	354	2:07:48	365	1:04:46	298	298		M50-54	56
346	497	浅倉 真美	52	女	新潟県	3:12:34	0:37:50	391	0:04:16	1:23:17	330	2:05:23	335	1:07:11	340		48	F50-54	12
347	381	山岡 宗一郎	52	男	東京都	3:12:55	0:36:26	363	0:03:51	1:29:45	425	2:10:02	386	1:02:53	270	299		M50-54	57
348	561	青海 将弘	37	男	新潟県	3:13:07	0:40:02	437	0:08:10	1:27:09	390	2:15:21	424	0:57:46	198	300		M35-39	18
349	360	佐藤 主樹	43	男	福島県	3:13:07	0:42:41	466	0:05:55	1:21:50	299	2:10:26	388	1:02:41	265	301		M40-44	34
350	291	堀米 英徳	61	男	長野県	3:13:14	0:29:51	124	0:05:18	1:24:33	346	1:59:42	278	1:13:32	412	302		M60-64	34
351	608	貝塚 敦	62	男	新潟県	3:13:14	0:41:58	463	0:06:21	1:22:33	311	2:10:52	395	1:02:22	263	303		M60-64	35
352	540	山本 潔	66	男	新潟県	3:13:16	0:36:23	361	0:07:07	1:15:59	176	1:59:29	275	1:13:47	415	304		M65-69	13
353	586	布施 美香	56	女	新潟県	3:13:24	0:46:53	484	0:05:36	1:28:14	408	2:20:43	455	0:52:41	117		49	F55-59	12
354	335	藤田 勝光	49	男	京都府	3:13:26	0:36:11	353	0:06:25	1:19:26	254	2:02:02	303	1:11:24	386	305		M45-49	42
355	310	鬼塚 三男	77	男	東京都	3:13:35	0:35:14	309	0:03:46	1:26:28	379	2:05:28	337	1:08:07	355	306		M75-79	3
356	428	秋月 誠	65	男	兵庫県	3:13:47	0:39:17	421	0:05:23	1:27:46	398	2:12:26	406	1:01:21	256	307		M65-69	14
357	557	小野里 太志	25	男	新潟県	3:14:09	0:35:33	328	0:05:04	1:24:53	353	2:05:30	340	1:08:39	362	308		M25-29	14
358	506	向所 和也	55	男	長野県	3:14:20	0:32:16	207	0:04:29	1:30:11	431	2:06:56	359	1:07:24	343	309		M55-59	62
359	571	有田 純也	47	男	新潟県	3:14:28	0:39:42	429	0:05:44	1:25:57	367	2:11:23	400	1:03:05	276	310		M45-49	43
360	515	金子 玲子	57	女	神奈川県	3:14:39	0:30:59	171	0:09:03	1:30:41	436	2:10:43	394	1:03:56	285		50	F55-59	13
361	545	高野 政俊	68	男	宮城県	3:15:10	0:35:56	341	0:05:01	1:25:18	358	2:06:15	351	1:08:55	366	311		M65-69	15
362	459	本間 佐耶子	33	女	京都府	3:15:11	0:34:57	291	0:06:01	1:30:23	432	2:11:21	398	1:03:50	284		51	F30-34	1
363	419	増田 司	61	男	新潟県	3:15:41	0:33:52	254	0:05:14	1:27:56	403	2:07:02	361	1:08:39	363	312		M60-64	36
364	184	若林 英紀	49	男	千葉県	3:15:53	0:30:30	156	0:06:13	1:18:59	239	1:55:42	224	1:20:11	447	313		M45-49	44
365	435	市川 卓	68	男	東京都	3:16:04	0:33:09	230	0:05:29	1:23:58	340	2:02:36	309	1:13:28	411	314		M65-69	16
366	527	加藤 裕二	60	男	埼玉県	3:16:08	0:38:44	409	0:04:29	1:20:07	272	2:03:20	312	1:12:48	408	315		M60-64	37
367	634	大久保 聡	52	男	新潟県	3:16:13	0:35:55	340	0:03:55	1:26:01	368	2:05:51	345	1:10:22	378	316		M50-54	58
368	332	高橋 あき子	72	女	神奈川県	3:16:14	0:33:52	256	0:06:13	1:29:41	424	2:09:46	383	1:06:28	330		52	F70-74	1
369	596	濱本 匡	67	男	奈良県	3:16:15	0:38:41	407	0:05:04	1:24:16	341	2:08:01	366	1:08:14	358	317		M65-69	17
370	637	新井 正志	53	男	埼玉県	3:16:31	0:41:56	461	0:06:48	1:21:04	287	2:09:48	384	1:06:43	333	318		M50-54	59
371	546	林 秀昭	70	男	長野県	3:16:31	0:38:53	412	0:05:03	1:25:42	364	2:09:38	381	1:06:53	336	319		M70-74	3
372	668	邱 吉宇	60	男	東京都	3:18:11	0:39:28	424	0:06:57	1:21:22	291	2:07:47	364	1:10:24	379	320		M60-64	38
373	638	高野 知栄子	53	女	新潟県	3:18:24	0:46:01	482	0:05:54	1:28:23	409	2:20:18	451	0:58:06	204		53	F50-54	13
374	299	中込 隆	65	男	東京都	3:18:25	0:31:29	185	0:05:50	1:27:40	396	2:04:59	332	1:13:26	410	321		M65-69	18
375	451	鈴木 裕育	69	男	新潟県	3:18:30	0:35:32	327	0:05:52	1:24:51	352	2:06:15	350	1:12:15	400	322		M65-69	19
376	654	伊澤 雄登	27	男	神奈川県	3:18:40	0:45:59	481	0:06:02	1:23:39	336	2:15:40	427	1:03:00	274	323		M25-29	15
377	423	長岡 正明	63	男	埼玉県	3:18:40	0:28:20	88	0:05:32	1:32:55	449	2:06:47	357	1:11:53	392	324		M60-64	39
378	630	ﾚｲｻﾑ ﾀﾞﾘﾙﾗﾝｽ	49	男	新潟県	3:18:53	0:38:52	411	0:10:58	1:25:29	363	2:15:19	423	1:03:34	281	325		M45-49	45
379	534	櫻井 順子	62	女	東京都	3:19:18	0:39:36	426	0:06:06	1:30:28	433	2:16:10	431	1:03:08	279		54	F60-64	6
380	456	辻本 渉之介	23	男	福島県	3:19:22	0:36:23	360	0:08:04	1:19:15	249	2:03:42	319	1:15:40	427	326		M20-24	7
381	394	石井 美代子	55	女	長野県	3:20:00	0:36:56	369	0:09:15	1:19:19	251	2:05:30	339	1:14:30	421		55	F55-59	14
382	411	近 美智子	58	女	東京都	3:20:04	0:32:42	218	0:07:02	1:28:56	415	2:08:40	372	1:11:24	387		56	F55-59	15
383	426	金子 裕子	64	女	新潟県	3:20:08	0:33:37	244	0:05:18	1:30:46	437	2:09:41	382	1:10:27	381		57	F60-64	7
384	236	鈴木 健	49	男	宮城県	3:20:16	0:35:12	307	0:06:01	1:24:43	350	2:05:56	346	1:14:20	419	327		M45-49	46
385	576	ﾊﾝ ｸﾞﾝ	49	男	東京都	3:20:43	0:39:43	431	0:05:43	1:23:34	335	2:09:00	376	1:11:43	391	328		M45-49	47
386	386	羽鳥 和加子	53	女	東京都	3:20:46	0:38:54	413	0:07:22	1:22:10	302	2:08:26	370	1:12:20	401		58	F50-54	14
387	603	岡部 一郎	70	男	新潟県	3:20:47	0:36:11	354	0:05:26	1:26:46	383	2:08:23	369	1:12:24	402	329		M70-74	4
388	355	堀田 貴彦	31	男	青森県	3:20:47	0:35:00	293	0:04:58	1:21:31	295	2:01:29	295	1:19:18	442	330		M30-34	15
389	558	神津 州佑	27	男	神奈川県	3:20:49	0:53:57	499	0:05:13	1:26:17	376	2:25:27	471	0:55:22	156	331		M25-29	16
390	379	坪内 啓	51	男	宮城県	3:21:07	0:38:50	410	0:03:13	1:27:07	389	2:09:10	378	1:11:57	395	332		M50-54	60
391	494	佐野 翼	51	男	東京都	3:21:13	0:41:40	455	0:06:07	1:29:17	420	2:17:04	438	1:04:09	288	333		M50-54	61
392	305	ｼﾐｽﾞ ﾀｹｼ	67	男	長野県	3:21:41	0:37:36	387	0:06:45	1:25:10	356	2:09:31	380	1:12:10	399	334		M65-69	20
393	581	古川 敦	53	男	新潟県	3:21:42	0:45:32	480	0:03:30	1:21:29	294	2:10:31	391	1:11:11	385	335		M50-54	62
394	628	金子 泰之	48	男	神奈川県	3:21:44	0:43:36	471	0:04:28	1:27:15	393	2:15:19	422	1:06:25	329	336		M45-49	48
395	498	原田 亮	52	男	新潟県	3:22:02	0:36:23	362	0:09:44	1:32:30	447	2:18:37	443	1:03:25	280	337		M50-54	63
396	523	鈴木 一義	59	男	神奈川県	3:22:49	0:36:18	356	0:07:33	1:28:13	406	2:12:04	405	1:10:45	383	338		M55-59	63
397	591	外山 剛	61	男	新潟県	3:23:04	0:37:56	393	0:06:11	1:28:38	412	2:12:45	407	1:10:19	377	339		M60-64	40
398	563	中西 幸平	40	男	静岡県	3:23:05	0:36:02	348	0:06:30	1:23:15	328	2:05:47	344	1:17:18	435	340		M40-44	35
399	436	佐竹 彰	71	男	宮城県	3:23:11	0:33:51	253	0:03:33	1:26:55	384	2:04:19	328	1:18:52	441	341		M70-74	5
400	239	上田 雅博	49	男	東京都	3:23:34	0:39:37	427	0:05:42	1:32:11	446	2:17:30	439	1:06:04	323	342		M45-49	49
401	661	洞口 ひとみ	55	女	宮城県	3:23:52	0:38:03	394	0:06:28	1:28:55	414	2:13:26	414	1:10:26	380		59	F55-59	16
402	247	前田 健太郎	52	男	東京都	3:23:56	0:31:36	191	0:06:43	1:25:28	362	2:03:47	321	1:20:09	446	343		M50-54	64
403	337	菅 香織	54	女	神奈川県	3:24:07	0:32:34	214	0:04:43	1:34:14	455	2:11:31	401	1:12:36	405		60	F50-54	15
404	607	杉山 晃	50	男	埼玉県	3:24:12	0:36:40	367	0:08:04	1:22:55	321	2:07:39	363	1:16:33	430	344		M50-54	65
405	441	佐藤 均	72	男	山形県	3:24:24	0:32:05	204	0:05:28	1:35:18	464	2:12:51	408	1:11:33	389	345		M70-74	6
406	578	澤 真紀	51	女	東京都	3:24:35	0:39:36	425	0:07:21	1:29:51	426	2:16:48	435	1:07:47	352		61	F50-54	16
407	397	明田川 二郎	55	男	新潟県	3:24:39	0:35:25	323	0:06:44	1:28:08	405	2:10:17	387	1:14:22	420	346		M55-59	64
408	508	高橋 洋	55	男	新潟県	3:24:55	0:29:56	127	0:03:45	1:27:48	399	2:01:29	296	1:23:26	463	347		M55-59	65
409	612	中山 稔巳	61	男	群馬県	3:25:02	0:38:16	397	0:06:38	1:33:01	450	2:17:55	440	1:07:07	339	348		M60-64	41
410	605	金子 一郎	81	男	新潟県	3:25:23	0:41:23	453	0:06:02	1:26:03	369	2:13:28	415	1:11:55	394	349		M80-84	1
411	642	船木 元	60	男	秋田県	3:25:27	0:43:12	469	0:07:23	1:29:59	429	2:20:34	453	1:04:53	300	350		M60-64	42
412	583	講嵜 あおい	55	女	東京都	3:26:00	0:37:26	383	0:07:15	1:28:37	411	2:13:18	412	1:12:42	406		62	F55-59	17
413	467	大倉 晃	38	男	新潟県	3:26:18	0:41:12	450	0:07:44	1:21:39	296	2:10:35	392	1:15:43	428	351		M35-39	19
414	333	白石 えり子	76	女	新潟県	3:26:22	0:30:14	142	0:05:19	1:39:17	487	2:14:50	419	1:11:32	388		63	F75-79	1
415	528	ﾘｰ ｹﾝ	61	男	東京都	3:26:58	0:39:50	432	0:08:24	1:34:21	458	2:22:35	461	1:04:23	291	352		M60-64	43
416	331	吉村 元明	69	男	兵庫県	3:27:23	0:31:09	175	0:04:54	1:25:23	360	2:01:26	294	1:25:57	470	353		M65-69	21
417	666	鈴木 規郎	42	男	神奈川県	3:27:40	0:41:53	459	0:05:14	1:35:22	466	2:22:29	460	1:05:11	303	354		M40-44	36
418	483	佐藤 眞也	47	男	山形県	3:28:02	0:38:17	399	0:05:28	1:22:20	305	2:06:05	348	1:21:57	457	355		M45-49	50
419	356	菊地 聡之	32	男	栃木県	3:29:56	0:34:48	287	0:03:30	1:20:33	279	1:58:51	268	1:31:05	483	356		M30-34	16
420	531	呉 希昌	61	男	東京都	3:30:08	0:44:43	477	0:06:42	1:21:48	297	2:13:13	410	1:16:55	432	357		M60-64	44
421	645	神保 一郎	67	男	宮城県	3:30:12	0:43:17	470	0:08:51	1:16:43	188	2:08:51	374	1:21:21	456	358		M65-69	22
422	491	佐藤 親一	50	男	新潟県	3:30:13	0:31:23	182	0:07:47	1:29:59	428	2:09:09	377	1:21:04	453	359		M50-54	66
423	539	平野 博文	65	男	東京都	3:30:16	0:39:14	420	0:05:30	1:28:39	413	2:13:23	413	1:16:53	431	360		M65-69	23
424	408	渡辺 華史	58	女	東京都	3:30:31	0:38:20	401	0:09:37	1:30:33	434	2:18:30	442	1:12:01	398		64	F55-59	18
425	535	豊島 由香	63	女	新潟県	3:30:40	0:38:20	402	0:07:16	1:29:31	422	2:15:07	420	1:15:33	425		65	F60-64	8
426	537	糠塚 雅樹	64	男	神奈川県	3:31:01	0:38:42	408	0:05:48	1:26:37	382	2:11:07	396	1:19:54	445	361		M60-64	45
427	658	古澤 裕行	32	男	新潟県	3:31:04	0:53:19	498	0:08:01	1:20:17	273	2:21:37	459	1:09:27	373	362		M30-34	17
428	597	湯浅 和己	67	男	東京都	3:31:19	0:50:44	497	0:05:37	1:23:04	325	2:19:25	446	1:11:54	393	363		M65-69	24
429	214	関 信吾	40	男	長野県	3:31:39	0:35:18	311	0:05:57	1:29:16	418	2:10:31	390	1:21:08	454	364		M40-44	37
430	197	川又 洋介	45	男	北海道	3:31:55	0:32:31	212	0:03:22	1:47:07	496	2:23:00	465	1:08:55	367	365		M45-49	51
431	648	西田 啓太	30	男	滋賀県	3:31:57	0:42:15	465	0:05:14	1:38:16	480	2:25:45	474	1:06:12	325	366		M30-34	18
432	542	青山 均	66	男	新潟県	3:32:00	0:38:32	406	0:09:53	1:34:17	457	2:22:42	462	1:09:18	370	367		M65-69	25
433	269	小川 美香	56	女	東京都	3:32:07	0:37:18	382	0:07:59	1:31:02	439	2:16:19	432	1:15:48	429		66	F55-59	19
434	554	BAILEY TIM	62	男	東京都	3:32:08	0:39:04	418	0:05:25	1:27:03	388	2:11:32	402	1:20:36	452	368		M60-64	46
435	218	野間 恵莉	41	女	愛媛県	3:32:29	0:39:42	430	0:04:31	1:35:49	470	2:20:02	449	1:12:27	404		67	F40-44	4
436	625	伊川 努	45	男	長野県	3:32:42	0:40:31	439	0:05:36	1:38:10	479	2:24:17	468	1:08:25	360	369		M45-49	52
437	619	渡辺 真理	33	女	新潟県	3:32:49	0:42:08	464	0:10:05	1:26:31	380	2:18:44	444	1:14:05	417		68	F30-34	2
438	631	矢島 容代	50	女	栃木県	3:32:54	0:37:13	376	0:06:45	1:35:37	467	2:19:35	447	1:13:19	409		69	F50-54	17
439	490	菊地 康二郎	49	男	栃木県	3:33:22	0:33:23	237	0:03:21	1:34:33	460	2:11:17	397	1:22:05	458	370		M45-49	53
440	560	佐藤 実咲	34	女	東京都	3:33:29	0:39:50	433	0:07:34	1:29:01	417	2:16:25	433	1:17:04	434		70	F30-34	3
441	610	鈴木 敏明	61	男	新潟県	3:33:40	0:38:18	400	0:06:10	1:29:23	421	2:13:51	417	1:19:49	444	371		M60-64	47
442	510	行場 裕樹	56	男	宮城県	3:33:48	0:39:20	422	0:06:49	1:29:52	427	2:16:01	430	1:17:47	438	372		M55-59	66
443	602	村上 功	69	男	東京都	3:34:05	0:32:59	226	0:06:25	1:31:05	440	2:10:29	389	1:23:36	464	373		M65-69	26
444	547	福武 朗	71	男	東京都	3:34:28	0:35:47	335	0:06:47	1:30:33	435	2:13:07	409	1:21:21	455	374		M70-74	7
445	536	川口 博貴	63	男	千葉県	3:34:29	0:46:26	483	0:06:03	1:33:14	451	2:25:43	473	1:08:46	365	375		M60-64	48
446	592	TAHARA MIYAKO	63	女	東京都	3:35:23	0:44:24	475	0:06:21	1:37:06	475	2:27:51	478	1:07:32	346		71	F60-64	9
447	438	市田 幸治	72	男	大阪府	3:35:41	0:41:41	456	0:05:20	1:33:53	454	2:20:54	456	1:14:47	423	376		M70-74	8
448	412	ﾊﾞｰｺﾞｲﾝ ｼｮｰﾝ	58	男	高知県	3:36:06	0:32:59	225	0:07:26	1:33:36	453	2:14:01	418	1:22:05	459	377		M55-59	67
449	460	岩谷 詩織	33	女	東京都	3:37:08	0:37:16	381	0:04:14	1:31:48	443	2:13:18	411	1:23:50	465		72	F30-34	4
450	544	佐藤 昭仁	67	男	新潟県	3:37:28	0:40:20	438	0:09:22	1:27:13	392	2:16:55	436	1:20:33	450	378		M65-69	27
451	452	澤浦 満雄	77	男	埼玉県	3:37:45	0:37:10	375	0:08:39	1:32:08	444	2:17:57	441	1:19:48	443	379		M75-79	4
452	590	松島 直一	60	男	東京都	3:38:24	0:39:54	436	0:11:03	1:29:00	416	2:19:57	448	1:18:27	439	380		M60-64	49
453	599	橘高 義治	67	男	東京都	3:39:59	0:38:25	403	0:06:49	1:39:06	484	2:24:20	469	1:15:39	426	381		M65-69	28
454	644	土屋 原	62	男	福島県	3:40:25	0:44:45	478	0:07:20	1:33:33	452	2:25:38	472	1:14:47	424	382		M60-64	50
455	440	浜名 隆志	73	男	富山県	3:40:45	0:34:52	288	0:06:30	1:34:31	459	2:15:53	428	1:24:52	469	383		M70-74	9
456	618	宮崎 辰哉	32	男	長野県	3:41:23	0:41:09	448	0:07:59	1:27:49	400	2:16:57	437	1:24:26	467	384		M30-34	19
457	321	林 杏里	44	女	東京都	3:42:00	0:36:09	351	0:05:57	1:41:18	490	2:23:24	466	1:18:36	440		73	F40-44	5
458	466	岩谷 脩平	37	男	東京都	3:42:18	0:37:48	389	0:02:45	1:38:41	482	2:19:14	445	1:23:04	460	385		M35-39	20
459	520	日下部 耐史	58	男	東京都	3:43:35	0:42:56	467	0:07:30	1:26:14	372	2:16:40	434	1:26:55	473	386		M55-59	68
460	614	松澤 啓大	23	男	長野県	3:44:00	0:56:21	500	0:05:23	1:37:49	478	2:39:33	497	1:04:27	292	387		M20-24	8
461	389	山本 篤廣	54	男	東京都	3:44:04	0:49:28	492	0:05:10	1:31:47	442	2:26:25	476	1:17:39	437	388		M50-54	67
462	559	坂井 直樹	30	男	神奈川県	3:44:53	0:39:40	428	0:07:40	1:34:16	456	2:21:36	458	1:23:17	462	389		M30-34	20
463	623	黒岩 淑香	36	女	東京都	3:45:00	0:43:46	473	0:07:17	1:41:12	489	2:32:15	487	1:12:45	407		74	F35-39	3
464	541	山本 葉子	66	女	新潟県	3:45:41	0:41:54	460	0:10:49	1:38:42	483	2:31:25	485	1:14:16	418		75	F65-69	2
465	409	福井 明弘	58	男	山形県	3:46:21	0:37:16	379	0:05:24	1:29:16	419	2:11:56	403	1:34:25	487	390		M55-59	69
466	566	貝沼 寿樹	44	男	新潟県	3:46:29	0:44:29	476	0:08:10	1:27:37	395	2:20:16	450	1:26:13	472	391		M40-44	38
467	657	樋口 太一	29	男	群馬県	3:46:59	0:47:50	486	0:07:36	1:30:58	438	2:26:24	475	1:20:35	451	392		M25-29	17
468	643	狩野 好枝	61	女	山形県	3:47:10	0:49:50	493	0:05:52	1:37:34	477	2:33:16	491	1:13:54	416		76	F60-64	10
469	627	竹林 祐樹	46	男	新潟県	3:47:21	0:47:54	487	0:09:08	1:35:47	469	2:32:49	488	1:14:32	422	393		M45-49	54
470	549	沖村 政則	73	男	東京都	3:48:08	0:37:49	390	0:05:45	1:31:45	441	2:15:19	421	1:32:49	485	394		M70-74	10
471	600	後藤 一亮	68	男	山形県	3:48:12	0:35:18	312	0:07:53	1:51:15	497	2:34:26	492	1:13:46	414	395		M65-69	29
472	609	石田 憲毅	66	男	群馬県	3:48:51	0:43:57	474	0:08:28	1:32:11	445	2:24:36	470	1:24:15	466	396		M65-69	30
473	484	渡邊 牧人	48	男	新潟県	3:48:55	0:39:52	434	0:08:13	1:27:50	401	2:15:55	429	1:33:00	486	397		M45-49	55
474	472	井手口 歩美	41	女	東京都	3:50:17	0:50:34	496	0:05:50	1:36:51	474	2:33:15	490	1:17:02	433		77	F40-44	6
475	622	大滝 七美子	36	女	石川県	3:50:45	0:41:02	443	0:05:08	1:36:34	473	2:22:44	463	1:28:01	476		78	F35-39	4
476	565	沼田 真一	41	男	群馬県	3:51:04	0:41:44	457	0:09:03	1:32:41	448	2:23:28	467	1:27:36	475	398		M40-44	39
477	526	澤口 実	60	男	東京都	3:51:10	0:41:06	446	0:11:22	1:28:36	410	2:21:04	457	1:30:06	481	399		M60-64	51
478	450	和田 実	63	男	神奈川県	3:51:28	0:40:41	442	0:05:06	1:34:40	461	2:20:27	452	1:31:01	482	400		M60-64	52
479	664	福嶌 秀高	62	男	奈良県	3:52:44	0:36:21	359	0:08:38	1:35:39	468	2:20:38	454	1:32:06	484	401		M60-64	53
480	405	吉成 崇秀	57	男	東京都	3:53:00	0:37:52	392	0:10:20	1:34:47	463	2:22:59	464	1:30:01	480	402		M55-59	70
481	564	久保 勇太	40	男	新潟県	3:53:25	0:48:36	490	0:09:49	1:34:43	462	2:33:08	489	1:20:17	448	403		M40-44	40
482	264	向井 育子	55	女	東京都	3:53:46	0:34:09	264	0:05:59	1:21:58	301	2:02:06	304	1:51:40	488		79	F55-59	20
483	552	鈴木 盈	83	男	新潟県	3:53:56	0:38:54	414	0:08:13	1:43:44	493	2:30:51	483	1:23:05	461	404		M80-84	2
484	458	森田 ひかり	30	女	東京都	3:56:12	0:39:02	416	0:09:06	1:40:34	488	2:28:42	481	1:27:30	474		80	F30-34	5
485	551	藤田 勉	80	男	東京都	3:59:14	0:43:46	472	0:08:12	1:39:08	485	2:31:06	484	1:28:08	477	405		M80-84	3
486	633	山崎 泰介	52	男	新潟県	3:59:24	0:41:09	447	0:11:20	1:37:13	476	2:29:42	482	1:29:42	479	406		M50-54	68
TOV	516	式場 茂	57	男	神奈川県	4:02:07	0:48:45	491	0:04:18	1:44:20	495	2:37:23	495	1:24:44	468			M55-59	
TOV	621	長田 真輝	34	男	東京都	4:03:04	0:47:35	485	0:08:32	1:38:25	481	2:34:32	494	1:28:32	478			M30-34	
TOV	407	岩澤 利子	57	女	新潟県	3:50:25	0:46:29		0:07:06	1:50:54		2:44:29		1:05:56				F55-59	
DNF	132	増古 孝太	39	男	東京都		0:31:15	179	0:03:33	1:08:23	45	1:43:11	79					M35-39	
DNF	144	幸坂 健太郎	49	男	神奈川県		0:24:11	21	0:05:55	1:12:24	103	1:42:30	73					M45-49	
DNF	351	中川 隆之	67	男	埼玉県		0:41:32	454	0:07:17	1:39:09	486	2:27:58	479					M65-69	
DNF	380	江部 桃子	52	女	新潟県		0:38:29	405	0:07:44	1:19:13	247	2:05:26	336					F50-54	
DNF	453	永井 達	64	男	東京都		0:48:09	488	0:07:39	1:36:12	472	2:32:00	486					M60-64	
DNF	550	本間 諭	74	男	山形県		0:35:04	298	0:10:53	1:41:27	491	2:27:24	477					M70-74	
DNF	601	久保 明彦	68	男	千葉県		0:49:57	495	0:08:25	1:36:05	471	2:34:27	493					M65-69	
DNF	604	菊池 裕幸	77	男	岩手県		0:41:04	445	0:04:49	1:42:36	492	2:28:29	480					M75-79	
DNF	665	根橋 克明	66	男	長野県		0:49:53	494	0:03:59	1:43:49	494	2:37:41	496					M65-69	
DNF	533	池田 明人	62	男	東京都		0:35:51	336	0:07:29									M60-64	
DNF	567	木村 貴文	44	男	新潟県		0:48:13	489	0:06:17									M40-44	
DNF	595	梅津 絵美	65	女	東京都		0:45:04	479	0:10:57									F65-69	
DNF	651	東村 翔	37	男	埼玉県		1:03:48	501										M35-39	
DNF	157	山本 顕	57	男	愛知県													M55-59	
DNF	279	青中 伸一	58	男	埼玉県													M55-59	
DNF	325	佐藤 篤志	59	男	東京都													M55-59	
DNF	366	高野 雅英	46	男	大阪府													M45-49	
DNF	525	阿部 浩三	60	男	埼玉県													M60-64	
DNF	620	大谷木 俊二郎	33	男	新潟県													M30-34	
DNF	636	皆川 裕	53	男	新潟県													M50-54	
DNF	655	成富 大志	25	男	東京都													M25-29	
DNF	659	中山 智弘	39	男	群馬県													M35-39	
DNF	449	山本 義教	63	男	東京都		0:45:35		0:07:14	1:51:09		2:43:58						M60-64	
DNF	646	池田 裕	76	男	新潟県		0:41:53		0:07:58	1:50:34		2:40:25						M75-79	
DNF	649	谷口 燿子	32	女	東京都		0:49:13		0:08:18	1:42:59		2:40:30						F30-34	
SKIP	433	鬼塚 久司	67	男	東京都					1:19:25				1:15:31				M65-69	
SKIP	629	森本 寛子	49	女	新潟県					1:44:26								F45-49	
SKIP	663	木村 一喜	58	男	新潟県					1:36:33				0:56:53				M55-59	
SKIP	667	内藤 千恵子	73	女	新潟県					1:42:05				1:40:19				F70-74	
DSQ	212	中村 慎吾	40	男	京都府	2:27:14	0:31:15		0:04:20	1:15:43		1:51:18		0:35:56				M40-44	
DSQ	468	山家 悠平	39	男	新潟県	3:15:39	0:30:33											M35-39	
DSQ	660	Reed Nathaniel	47	男	新潟県	3:01:07	0:43:10		0:06:01	1:28:33		2:17:44		0:43:23				M45-49	
