総合順位	No.	氏名	年齢	性別	居住地	総合記録	スイムラップ	T1	バイクラップ	ランラップ	男子	女子	年齢区分	年齡別順	
1	24	久保埜 一輝	35	男	東京都	2:03:20	0:18:41	0:01:59	1:03:47	0:38:53	1		35-39歳男子		
2	1	池 隆礼	34	男	沖縄県	2:04:57	0:19:41	0:01:47	1:08:45	0:34:44	2		30-34歳男子		
3	26	西川 悠介	19	男	沖縄県	2:07:24	0:19:02	0:01:59	1:09:14	0:37:09	3		18-19歳男子		
4	41	川口 遼	32	男	大阪府	2:07:34	0:22:32	0:02:18	1:05:09	0:37:35	4		30-34歳男子	1	
5	8	梅田 裕也	42	男	沖縄県	2:07:45	0:19:00	0:02:09	1:07:16	0:39:20	5		40-44歳男子	1	
6	40	山下 陽裕	32	男	埼玉県	2:10:03	0:19:48	0:02:17	1:07:42	0:40:16	6		30-34歳男子	2	
7	71	深浦 祐哉	46	男	東京都	2:10:38	0:25:02	0:02:34	1:08:50	0:34:12	7		45-49歳男子	1	
8	3	壁谷 華太	27	男	東京都	2:13:05	0:22:27	0:01:59	1:09:35	0:39:04	8		25-29歳男子	1	
9	49	林 大介	35	男	大阪府	2:13:58	0:22:27	0:02:18	1:06:37	0:42:36	9		35-39歳男子	1	
10	2	山本 淳一	52	男	千葉県	2:14:08	0:19:21	0:01:45	1:09:22	0:43:40	10		50-54歳男子	1	
11	22	山田 陽介	29	男	東京都	2:14:26	0:23:23	0:02:25	1:06:50	0:41:48	11		25-29歳男子	2	
12	36	米倉 亮太	37	男	福岡県	2:15:04	0:20:47	0:02:23	1:12:03	0:39:51	12		35-39歳男子	2	
13	47	権田 明寛	30	男	大阪府	2:15:28	0:25:05	0:01:56	1:09:34	0:38:53	13		30-34歳男子	3	
14	42	牧野 巧	29	男	東京都	2:15:34	0:23:31	0:03:44	1:13:41	0:34:38	14		25-29歳男子	3	
15	21	樫木 亮太	37	男	大阪府	2:15:54	0:23:22	0:02:04	1:08:56	0:41:32	15		35-39歳男子	3	
16	86	吉田 拓也	48	男	愛知県	2:16:05	0:25:02	0:02:00	1:09:19	0:39:44	16		45-49歳男子	2	
17	4	山田 梓	29	女	島根県	2:16:20	0:19:45	0:02:11	1:15:13	0:39:11		1	25-29歳女子		
18	38	大谷 勇斗	21	男	兵庫県	2:16:53	0:19:46	0:01:55	1:15:41	0:39:31	17		20-24歳男子	1	
19	19	宇田 秀生	38	男	滋賀県	2:17:39	0:24:41	0:02:49	1:09:01	0:41:08	18		35-39歳男子	4	
20	55	後藤 謙仁	45	男	東京都	2:17:45	0:25:02	0:01:59	1:09:24	0:41:20	19		45-49歳男子	3	
21	99	仲宗根 航大	27	男	神奈川県	2:19:01	0:24:58	0:02:48	1:14:15	0:37:00	20		25-29歳男子	4	
22	82	永田 聖人	30	男	埼玉県	2:20:40	0:25:31	0:02:17	1:12:50	0:40:02	21		30-34歳男子	4	
23	66	松本 淳弥	25	男	兵庫県	2:21:57	0:23:20	0:02:45	1:17:08	0:38:44	22		25-29歳男子	5	
24	46	嶋谷 圭司	55	男	大阪府	2:22:15	0:22:44	0:02:30	1:11:34	0:45:27	23		55-59歳男子	1	
25	58	竹内 真	50	男	愛知県	2:22:28	0:23:25	0:02:18	1:13:38	0:43:07	24		50-54歳男子	2	
26	72	鈴木 吉昭	47	男	東京都	2:22:36	0:22:57	0:03:10	1:10:56	0:45:33	25		45-49歳男子	4	
27	20	佐藤 圭一	46	男	愛知県	2:23:27	0:26:04	0:02:30	1:10:13	0:44:40	26		45-49歳男子	5	
28	2046	上地 弘起	38	男	東京都	2:23:28	0:26:25	0:03:12	1:14:24	0:39:27	27		35-39歳男子	5	
29	6	加来 奈津子	41	女	東京都	2:23:33	0:21:22	0:02:20	1:18:34	0:41:17		2	40-44歳女子		
30	57	森芳 柾博	28	男	福岡県	2:24:00	0:23:31	0:02:10	1:18:06	0:40:13	28		25-29歳男子	6	
31	100	惠崎 拓真	27	男	佐賀県	2:24:42	0:23:28	0:02:34	1:17:07	0:41:33	29		25-29歳男子	7	
32	33	筒井 佑	36	男	佐賀県	2:25:39	0:19:44	0:01:56	1:17:16	0:46:43	30		35-39歳男子	6	
33	2101	Barnstable Tim	57	男	東京都	2:26:12	0:26:04	0:03:31	1:11:40	0:44:57	31		55-59歳男子	2	
34	133	太田 滋	49	男	東京都	2:26:28	0:26:43	0:02:36	1:14:00	0:43:09	32		45-49歳男子	6	
35	87	金子 勝紀	55	男	埼玉県	2:26:57	0:27:12	0:01:57	1:13:49	0:43:59	33		55-59歳男子	3	
36	3081	増原 雄太郎	38	男	東京都	2:26:59	0:28:52	0:02:56	1:13:34	0:41:37	34		35-39歳男子	7	
37	25	松本 文佳	30	女	佐賀県	2:27:36	0:22:42	0:02:04	1:22:17	0:40:33		3	30-34歳女子		
38	27	福元 テツロー	53	男	広島県	2:27:53	0:23:22	0:02:42	1:14:44	0:47:05	35		50-54歳男子	3	
39	67	永野 雄久	47	男	神奈川県	2:28:02	0:25:07	0:02:34	1:15:26	0:44:55	36		45-49歳男子	7	
40	120	池畑 健太	42	男	神奈川県	2:28:14	0:26:26	0:02:34	1:17:37	0:41:37	37		40-44歳男子	2	
41	5059	田仲 真大	32	男	沖縄県	2:28:29	0:26:43	0:04:16	1:17:00	0:40:30	38		30-34歳男子	5	
42	2034	野田 慎一朗	51	男	福岡県	2:28:36	0:26:38	0:03:23	1:14:16	0:44:19	39		50-54歳男子	4	
43	5	蔵本 葵	37	女	東京都	2:28:38	0:21:25	0:02:03	1:20:57	0:44:13		4	35-39歳女子	1	
44	109	中村 光弘	37	男	愛知県	2:28:42	0:24:50	0:04:17	1:16:37	0:42:58	40		35-39歳男子	8	
45	2070	高橋 怜央奈	36	男	東京都	2:28:56	0:29:12	0:03:25	1:15:00	0:41:19	41		35-39歳男子	9	
46	34	中村 正明	42	男	東京都	2:29:34	0:21:24	0:03:41	1:19:22	0:45:07	42		40-44歳男子	3	
47	52	竹脇 大地	41	男	東京都	2:29:50	0:20:53	0:03:11	1:15:24	0:50:22	43		40-44歳男子	4	
48	59	グリアー とも	30	女	東京都	2:30:14	0:23:56	0:03:29	1:18:35	0:44:14		5	30-34歳女子	1	
49	115	竹内 香織	41	女	広島県	2:30:23	0:26:57	0:02:23	1:20:03	0:41:00		6	40-44歳女子	1	
50	10	茂山 和生	48	男	沖縄県	2:30:37	0:29:18	0:04:48	1:16:12	0:40:19	44		45-49歳男子	8	
51	77	榎田 大舗	40	男	東京都	2:30:56	0:23:26	0:03:28	1:15:42	0:48:20	45		40-44歳男子	5	
52	44	棚網 宏之	41	男	東京都	2:31:04	0:21:52	0:02:34	1:19:04	0:47:34	46		40-44歳男子	6	
53	2048	近藤 功一	48	男	沖縄県	2:31:07	0:27:40	0:02:55	1:14:39	0:45:53	47		45-49歳男子	9	
54	2058	小島 一朗	64	男	京都府	2:31:19	0:26:59	0:03:07	1:16:15	0:44:58	48		60-64歳男子	1	
55	69	藤倉 充裕	62	男	東京都	2:31:22	0:23:29	0:04:14	1:15:29	0:48:10	49		60-64歳男子	2	
56	83	新林 和樹	39	男	兵庫県	2:31:40	0:25:15	0:03:52	1:19:42	0:42:51	50		35-39歳男子	10	
57	2061	豊田 翔大	37	男	千葉県	2:32:18	0:29:02	0:03:17	1:13:21	0:46:38	51		35-39歳男子	11	
58	9	阿部 知史	54	男	沖縄県	2:32:20	0:29:04	0:02:30	1:19:13	0:41:33	52		50-54歳男子	5	
59	31	香川 昌規	54	男	東京都	2:32:23	0:27:11	0:02:34	1:16:04	0:46:34	53		50-54歳男子	6	
60	121	渡辺 聡	43	男	東京都	2:32:26	0:27:13	0:03:12	1:18:27	0:43:34	54		40-44歳男子	7	
61	93	山川 雅之	61	男	東京都	2:32:36	0:27:13	0:02:39	1:15:04	0:47:40	55		60-64歳男子	3	
62	2047	倉岡 圭	46	男	福岡県	2:32:51	0:29:04	0:03:38	1:13:36	0:46:33	56		45-49歳男子	10	
63	75	池田 徳郎	56	男	宮崎県	2:32:58	0:24:44	0:02:59	1:16:59	0:48:16	57		55-59歳男子	4	
64	4053	浅本 勝一	58	男	大阪府	2:32:58	0:30:37	0:03:14	1:12:35	0:46:32	58		55-59歳男子	5	
65	65	吉田 健太郎	23	男	福岡県	2:33:07	0:23:14	0:02:58	1:24:19	0:42:36	59		20-24歳男子	2	
66	3034	原田 剛	50	男	神奈川県	2:33:10	0:29:39	0:03:37	1:14:40	0:45:14	60		50-54歳男子	7	
67	111	須崎 とも	39	女	東京都	2:33:42	0:27:13	0:02:24	1:16:29	0:47:36		7	35-39歳女子	2	
68	8104	山崎 友揮	33	男	埼玉県	2:33:44	0:30:32	0:03:12	1:15:22	0:44:38	61		30-34歳男子	6	
69	61	田中 康志	49	男	東京都	2:34:18	0:24:40	0:03:04	1:18:30	0:48:04	62		45-49歳男子	11	
70	2033	岸本 哲嘉	68	男	京都府	2:34:36	0:24:30	0:03:32	1:18:08	0:48:26	63		65-69歳男子	1	
71	3041	金沢 一平	51	男	島根県	2:34:40	0:29:04	0:04:18	1:17:33	0:43:45	64		50-54歳男子	8	
72	112	松山 昌司	39	男	東京都	2:34:42	0:26:55	0:04:43	1:18:10	0:44:54	65		35-39歳男子	12	
73	12	桐生 悠平	47	男	沖縄県	2:34:47	0:27:30	0:03:01	1:20:13	0:44:03	66		45-49歳男子	12	
74	116	小嶋 隆三	42	男	静岡県	2:34:51	0:30:06	0:03:16	1:16:57	0:44:32	67		40-44歳男子	8	
75	2031	石川 眞一郎	56	男	東京都	2:34:53	0:27:19	0:04:19	1:17:28	0:45:47	68		55-59歳男子	6	
76	129	後藤 啓介	48	男	東京都	2:35:38	0:27:28	0:03:34	1:19:10	0:45:26	69		45-49歳男子	13	
77	113	山元 賢次郎	40	男	東京都	2:35:41	0:26:16	0:04:35	1:18:03	0:46:47	70		40-44歳男子	9	
78	3069	逸見 勇貴	33	男	東京都	2:35:58	0:26:23	0:04:16	1:21:16	0:44:03	71		30-34歳男子	7	
79	4029	古山 清人	53	男	神奈川県	2:36:01	0:28:15	0:03:20	1:16:11	0:48:15	72		50-54歳男子	9	
80	4092	唐木 誠	51	男	福岡県	2:36:21	0:29:35	0:03:41	1:17:46	0:45:19	73		50-54歳男子	10	
81	11	富崎 義明	59	男	沖縄県	2:36:24	0:26:24	0:03:00	1:22:29	0:44:31	74		55-59歳男子	7	
82	2094	佐々木 周	47	男	福岡県	2:36:49	0:26:17	0:03:12	1:19:51	0:47:29	75		45-49歳男子	14	
83	2116	清水 俊郎	61	男	福岡県	2:37:08	0:27:48	0:04:13	1:17:36	0:47:31	76		60-64歳男子	4	
84	62	若穂囲 貴之	49	男	東京都	2:37:41	0:22:47	0:04:04	1:23:22	0:47:28	77		45-49歳男子	15	
85	2068	奥田 恭平	41	男	沖縄県	2:37:51	0:29:50	0:03:53	1:19:10	0:44:58	78		40-44歳男子	10	
86	3098	丸岡 浩人	44	男	福岡県	2:38:01	0:32:22	0:04:37	1:18:59	0:42:03	79		40-44歳男子	11	
87	2052	高橋 祐一郎	51	男	東京都	2:38:27	0:29:14	0:04:27	1:18:12	0:46:34	80		50-54歳男子	11	
88	2084	斎藤 安弘	61	男	東京都	2:38:37	0:27:34	0:03:37	1:18:04	0:49:22	81		60-64歳男子	5	
89	2096	三野 芳基	49	男	沖縄県	2:38:56	0:26:06	0:04:06	1:19:41	0:49:03	82		45-49歳男子	16	
90	2074	榎戸 敬人	50	男	静岡県	2:39:03	0:25:56	0:02:58	1:26:44	0:43:25	83		50-54歳男子	12	
91	74	山田 宏一	52	男	東京都	2:39:10	0:25:07	0:05:59	1:15:03	0:53:01	84		50-54歳男子	13	
92	13	松山 義範	50	男	沖縄県	2:39:20	0:30:51	0:03:26	1:18:52	0:46:11	85		50-54歳男子	14	
93	2053	高武 康介	51	男	愛知県	2:39:26	0:29:09	0:03:18	1:19:48	0:47:11	86		50-54歳男子	15	
94	8038	尾上 直士	51	男	東京都	2:39:28	0:32:17	0:04:58	1:14:56	0:47:17	87		50-54歳男子	16	
95	2123	林 摩耶	41	女	大阪府	2:39:34	0:28:23	0:04:23	1:14:58	0:51:50		8	40-44歳女子	2	
96	2082	萩野 圭一	55	男	東京都	2:39:43	0:28:21	0:03:54	1:20:37	0:46:51	88		55-59歳男子	8	
97	2122	名越 亮太	40	男	東京都	2:39:48	0:28:29	0:05:51	1:15:29	0:49:59	89		40-44歳男子	12	
98	3010	北留 克俊	50	男	石川県	2:40:02	0:32:17	0:04:42	1:16:41	0:46:22	90		50-54歳男子	17	
99	2059	松葉 桂ニ	70	男	岐阜県	2:40:12	0:28:26	0:03:52	1:19:49	0:48:05	91		70-74歳男子	1	
100	2022	境 勉	62	男	東京都	2:40:14	0:30:52	0:02:13	1:13:10	0:53:59	92		60-64歳男子	6	
101	3065	川上 太平	31	男	東京都	2:40:45	0:28:41	0:04:40	1:21:52	0:45:32	93		30-34歳男子	8	
102	2041	海瀬 隆太郎	51	男	和歌山県	2:40:50	0:25:53	0:03:30	1:20:50	0:50:37	94		50-54歳男子	18	
103	3122	岸本 恵樹	48	男	沖縄県	2:40:51	0:29:37	0:05:17	1:20:52	0:45:05	95		45-49歳男子	17	
104	2086	日下部 朋久	62	男	千葉県	2:40:57	0:25:59	0:03:46	1:19:56	0:51:16	96		60-64歳男子	7	
105	3028	高岡 稔	45	男	東京都	2:41:04	0:32:00	0:06:11	1:18:50	0:44:03	97		45-49歳男子	18	
106	2042	古家 政吉	56	男	埼玉県	2:41:38	0:28:02	0:03:22	1:18:37	0:51:37	98		55-59歳男子	9	
107	2012	大石 一郎	57	男	沖縄県	2:41:46	0:28:20	0:03:42	1:20:12	0:49:32	99		55-59歳男子	10	
108	4041	馬場 正基	56	男	群馬県	2:41:54	0:29:31	0:04:48	1:17:48	0:49:47	100		55-59歳男子	11	
109	3054	宮城 野乃香	28	女	沖縄県	2:42:01	0:31:08	0:05:14	1:23:49	0:41:50		9	25-29歳女子	1	
110	2083	金子 和矢	57	男	東京都	2:42:35	0:28:25	0:04:17	1:20:12	0:49:41	101		55-59歳男子	12	
111	5013	齋藤 大貴	29	男	沖縄県	2:43:00	0:28:50	0:04:12	1:26:25	0:43:33	102		25-29歳男子	8	
112	63	佐々木 賢	46	男	東京都	2:43:13	0:24:43	0:04:23	1:19:25	0:54:42	103		45-49歳男子	19	
113	2007	久保 拓也	52	男	沖縄県	2:43:16	0:29:01	0:02:55	1:27:02	0:44:18	104		50-54歳男子	19	
114	2121	長野 優希	35	男	大阪府	2:43:41	0:28:11	0:04:36	1:29:20	0:41:34	105		35-39歳男子	13	
115	32	前田 晃	64	男	滋賀県	2:43:48	0:28:33	0:04:36	1:18:23	0:52:16	106		60-64歳男子	8	
116	56	星野 達也	61	男	東京都	2:44:01	0:23:35	0:03:39	1:21:42	0:55:05	107		60-64歳男子	9	
117	2102	渡邊 康介	57	男	愛知県	2:44:10	0:28:18	0:04:03	1:22:18	0:49:31	108		55-59歳男子	13	
118	78	嶋田 知記	47	男	和歌山県	2:44:23	0:23:39	0:03:34	1:21:22	0:55:48	109		45-49歳男子	20	
119	6019	三浦 孝之	56	男	青森県	2:44:43	0:28:33	0:04:37	1:22:10	0:49:23	110		55-59歳男子	14	
120	5119	丸山 賢治	54	男	沖縄県	2:44:49	0:33:20	0:06:26	1:17:28	0:47:35	111		50-54歳男子	20	
121	2064	田野 康夫	51	男	石川県	2:44:55	0:27:48	0:04:46	1:22:30	0:49:51	112		50-54歳男子	21	
122	4001	佃 昌幸	50	男	埼玉県	2:44:55	0:30:42	0:05:59	1:20:14	0:48:00	113		50-54歳男子	22	
123	3018	千々和 タカシ	62	男	福岡県	2:44:57	0:29:12	0:04:59	1:20:09	0:50:37	114		60-64歳男子	10	
124	2114	谷川 真由子	61	女	東京都	2:45:00	0:31:11	0:03:45	1:20:37	0:49:27		10	60-64歳女子	1	
125	102	小林 虹太	29	男	沖縄県	2:45:13	0:27:00	0:02:44	1:29:23	0:46:06	115		25-29歳男子	9	
126	2045	山本 雄一郎	53	男	神奈川県	2:45:15	0:27:43	0:04:07	1:22:12	0:51:13	116		50-54歳男子	23	
127	2097	伊藤 亜紀子	53	女	東京都	2:45:48	0:30:52	0:05:06	1:19:10	0:50:40		11	50-54歳女子	1	
128	3102	中原 祐治	45	男	東京都	2:45:52	0:32:36	0:04:42	1:20:08	0:48:26	117		45-49歳男子	21	
129	2095	吉野 公貴	48	男	東京都	2:46:12	0:30:08	0:03:34	1:26:13	0:46:17	118		45-49歳男子	22	
130	3082	角田 直哉	38	男	埼玉県	2:46:18	0:32:59	0:04:41	1:19:40	0:48:58	119		35-39歳男子	14	
131	2011	加藤 知子	56	女	東京都	2:46:20	0:26:01	0:04:17	1:25:28	0:50:34		12	55-59歳女子	1	
132	4111	日浦 康博	42	男	沖縄県	2:46:24	0:28:45	0:04:43	1:26:47	0:46:09	120		40-44歳男子	13	
133	2098	藤戸 淳介	53	男	東京都	2:46:33	0:28:15	0:03:27	1:24:21	0:50:30	121		50-54歳男子	24	
134	4007	姉崎 景虎	50	男	愛知県	2:46:55	0:30:22	0:06:09	1:20:36	0:49:48	122		50-54歳男子	25	
135	5033	小澤 真理子	59	女	富山県	2:47:02	0:32:58	0:02:37	1:22:21	0:49:06		13	55-59歳女子	2	
136	48	折原 由里子	45	女	埼玉県	2:47:11	0:23:29	0:02:53	1:30:27	0:50:22		14	45-49歳女子	1	
137	105	澤野 太暉	31	男	東京都	2:47:16	0:31:09	0:03:22	1:21:57	0:50:48	123		30-34歳男子	9	
138	2023	本多 普佐志	62	男	千葉県	2:47:43	0:26:01	0:04:37	1:22:52	0:54:13	124		60-64歳男子	11	
139	79	久保 栄克	52	男	沖縄県	2:47:44	0:23:14	0:04:01	1:29:40	0:50:49	125		50-54歳男子	26	
140	7006	源根 秀一	41	男	兵庫県	2:47:53	0:33:14	0:04:43	1:24:15	0:45:41	126		40-44歳男子	14	
141	110	北脇 皇	38	男	沖縄県	2:47:58	0:26:02	0:03:26	1:24:43	0:53:47	127		35-39歳男子	15	
142	5072	石塚 永稔	38	男	東京都	2:48:04	0:31:43	0:03:55	1:27:16	0:45:10	128		35-39歳男子	16	
143	14	久保田 文	61	女	沖縄県	2:48:06	0:30:13	0:04:34	1:24:53	0:48:26		15	60-64歳女子	2	
144	4070	成松 恭多	61	男	東京都	2:48:21	0:31:26	0:04:20	1:22:07	0:50:28	129		60-64歳男子	12	
145	2105	丹野 憲仁	60	男	神奈川県	2:48:42	0:29:24	0:03:16	1:17:37	0:58:25	130		60-64歳男子	13	
146	2020	中村 薫	60	男	東京都	2:48:49	0:30:14	0:05:12	1:17:36	0:55:47	131		60-64歳男子	14	
147	114	森本 春助	41	男	兵庫県	2:48:53	0:26:18	0:03:30	1:33:30	0:45:35	132		40-44歳男子	15	
148	2113	辻江 智子	49	女	大阪府	2:48:54	0:27:11	0:04:38	1:24:57	0:52:08		16	45-49歳女子	2	
149	39	深井 航貴	31	男	東京都	2:49:12	0:23:23	0:03:42	1:31:45	0:50:22	133		30-34歳男子	10	
150	2016	大貫 千春	59	女	茨城県	2:49:15	0:31:07	0:03:38	1:25:13	0:49:17		17	55-59歳女子	3	
151	4074	中野 誠	63	男	神奈川	2:49:21	0:31:52	0:04:41	1:23:59	0:48:49	134		60-64歳男子	15	
152	3063	箸尾 朋弥	31	男	大阪府	2:49:25	0:31:21	0:03:51	1:25:34	0:48:39	135		30-34歳男子	11	
153	4002	石井 一生	50	男	東京都	2:49:41	0:29:15	0:03:28	1:20:53	0:56:05	136		50-54歳男子	27	
154	2120	日下部 奈央子	47	女	東京都	2:49:51	0:30:18	0:03:22	1:24:36	0:51:35		18	45-49歳女子	3	
155	6124	畔地 達也	37	男	愛知県	2:49:51	0:33:21	0:04:30	1:21:54	0:50:06	137		35-39歳男子	17	
156	5088	長堀 裕	44	男	埼玉県	2:49:55	0:33:19	0:05:35	1:20:04	0:50:57	138		40-44歳男子	16	
157	3019	黒羽 美登里	63	女	東京都	2:50:37	0:30:53	0:04:22	1:25:35	0:49:47		19	60-64歳女子	3	
158	3106	三枝 洋介	46	男	東京都	2:50:51	0:29:41	0:03:55	1:27:42	0:49:33	139		45-49歳男子	23	
159	3070	北倉 久義	34	男	沖縄県	2:50:53	0:30:57	0:03:49	1:22:12	0:53:55	140		30-34歳男子	12	
160	5084	矢島 正邦	42	男	埼玉県	2:50:55	0:28:28	0:04:45	1:23:43	0:53:59	141		40-44歳男子	17	
161	68	金澤 英明	46	男	群馬県	2:51:08	0:28:20	0:03:13	1:21:35	0:58:00	142		45-49歳男子	24	
162	2130	川口 功希	30	男	大阪府	2:51:16	0:30:07	0:04:14	1:24:23	0:52:32	143		30-34歳男子	13	
163	2073	木村 修大	41	男	大阪府	2:51:20	0:31:07	0:04:18	1:21:31	0:54:24	144		40-44歳男子	18	
164	7	入江 紘子	36	女	沖縄県	2:51:29	0:21:23	0:02:14	1:31:17	0:56:35		20	35-39歳女子	3	
165	3083	服部 尚人	39	男	沖縄県	2:51:29	0:31:59	0:04:20	1:19:30	0:55:40	145		35-39歳男子	18	
166	3099	山崎 崇貴	44	男	兵庫県	2:51:30	0:31:56	0:03:42	1:21:11	0:54:41	146		40-44歳男子	19	
167	53	金井 由光	57	男	東京都	2:51:31	0:25:27	0:04:52	1:23:32	0:57:40	147		55-59歳男子	15	
168	8006	川畑 風神	31	男	大阪府	2:51:37	0:32:59	0:04:58	1:19:38	0:54:02	148		30-34歳男子	14	
169	3002	イマイ ヒデトシ	43	男	神奈川県	2:51:39	0:30:34	0:06:57	1:23:29	0:50:39	149		40-44歳男子	20	
170	6028	谷口 博康	59	男	神奈川	2:51:45	0:32:45	0:04:57	1:21:44	0:52:19	150		55-59歳男子	16	
171	132	佐々 竜太郎	49	男	東京都	2:51:48	0:33:01	0:05:09	1:25:39	0:47:59	151		45-49歳男子	25	
172	3046	厚見 由紀子	53	女	神奈川県	2:51:51	0:31:44	0:06:11	1:24:34	0:49:22		21	50-54歳女子	2	
173	2056	後藤 太郎	56	男	沖縄県	2:51:56	0:30:13	0:07:56	1:20:43	0:53:04	152		55-59歳男子	17	
174	3092	榎木 厚介	41	男	東京都	2:52:00	0:31:52	0:06:14	1:19:28	0:54:26	153		40-44歳男子	21	
175	4036	三木 剛	55	男	東京都	2:52:01	0:29:52	0:04:11	1:25:26	0:52:32	154		55-59歳男子	18	
176	18	垣本 眸美	39	女	沖縄県	2:52:01	0:30:57	0:03:30	1:33:52	0:43:42		22	35-39歳女子	4	
177	2128	上野山 努	57	男	大阪府	2:52:05	0:29:16	0:05:27	1:24:34	0:52:48	155		55-59歳男子	19	
178	4103	兒玉 和実	64	男	栃木県	2:52:07	0:30:57	0:05:42	1:25:11	0:50:17	156		60-64歳男子	16	
179	2055	ウェザリル ケネス	55	男	沖縄県	2:52:12	0:27:43	0:05:55	1:26:40	0:51:54	157		55-59歳男子	20	
180	3071	浅尾 洋伸	34	男	東京都	2:52:15	0:32:18	0:04:15	1:25:20	0:50:22	158		30-34歳男子	15	
181	2106	中野 哲	64	男	東京都	2:52:20	0:30:46	0:05:00	1:23:51	0:52:43	159		60-64歳男子	17	
182	3015	大田 泰正	59	男	広島県	2:52:25	0:29:21	0:07:03	1:26:10	0:49:51	160		55-59歳男子	21	
183	2021	小山 義英	61	男	東京都	2:52:30	0:30:33	0:04:51	1:22:36	0:54:30	161		60-64歳男子	18	
184	3116	古屋 智宜	47	男	埼玉県	2:52:31	0:35:16	0:05:35	1:18:43	0:52:57	162		45-49歳男子	26	
185	51	山崎 由起子	44	女	東京都	2:52:34	0:20:58	0:04:45	1:28:17	0:58:34		23	40-44歳女子	3	
186	76	中浜 亮	36	男	埼玉県	2:52:51	0:26:49	0:03:25	1:32:05	0:50:32	163		35-39歳男子	19	
187	3111	小西 正喜	46	男	東京都	2:52:54	0:33:05	0:06:54	1:20:54	0:52:01	164		45-49歳男子	27	
188	84	西 理広	45	男	東京都	2:53:02	0:30:22	0:05:12	1:27:27	0:50:01	165		45-49歳男子	28	
189	3030	古田 真子	51	女	神奈川県	2:53:06	0:29:35	0:06:24	1:26:34	0:50:33		24	50-54歳女子	3	
190	2119	宮武 拓也	48	男	東京都	2:53:08	0:28:05	0:04:55	1:23:19	0:56:49	166		45-49歳男子	29	
191	3072	青木 大地	34	男	千葉県	2:53:13	0:32:02	0:04:45	1:26:49	0:49:37	167		30-34歳男子	16	
192	7018	鶴田 史	44	男	東京都	2:53:18	0:30:23	0:05:08	1:32:40	0:45:07	168		40-44歳男子	22	
193	3035	富山 健太	57	男	沖縄県	2:53:18	0:33:16	0:04:59	1:21:57	0:53:06	169		55-59歳男子	22	
194	4035	岩井 志寿香	55	女	千葉県	2:53:21	0:31:31	0:05:13	1:27:39	0:48:58		25	55-59歳女子	4	
195	5064	増渕 直季	34	男	東京都	2:53:24	0:36:26	0:05:27	1:27:04	0:44:27	170		30-34歳男子	17	
196	5009	渡部 功治	51	男	兵庫県	2:53:27	0:32:33	0:04:23	1:26:46	0:49:45	171		50-54歳男子	28	
197	3031	川端 力	51	男	東京都	2:53:29	0:31:00	0:04:47	1:24:07	0:53:35	172		50-54歳男子	29	
198	5031	三上 辰男	54	男	京都府	2:53:30	0:31:31	0:07:44	1:23:45	0:50:30	173		50-54歳男子	30	
199	3121	小林 貴大	48	男	千葉県	2:53:35	0:29:59	0:07:15	1:21:17	0:55:04	174		45-49歳男子	30	
200	5049	畠山 馨	20	男	沖縄県	2:53:40	0:31:45	0:04:05	1:29:55	0:47:55	175		20-24歳男子	3	
201	2071	須賀 雄基	40	男	神奈川県	2:53:42	0:30:25	0:03:30	1:27:50	0:51:57	176		40-44歳男子	23	
202	130	青野 力	48	男	愛媛県	2:53:43	0:27:46	0:03:28	1:23:42	0:58:47	177		45-49歳男子	31	
203	6064	中村 周二郎	45	男	沖縄県	2:53:46	0:32:04	0:03:29	1:28:59	0:49:14	178		45-49歳男子	32	
204	3004	饒平名 高幸	45	男	沖縄県	2:53:50	0:33:49	0:05:16	1:22:16	0:52:29	179		45-49歳男子	33	
205	2117	野頭 雄一郎	42	男	東京都	2:53:50	0:31:01	0:04:46	1:32:49	0:45:14	180		40-44歳男子	24	
206	3048	森 悦子	62	女	東京都	2:53:51	0:30:22	0:03:03	1:29:20	0:51:06		26	60-64歳女子	4	
207	3022	畑野 仁一	61	男	東京都	2:53:59	0:34:44	0:05:25	1:20:53	0:52:57	181		60-64歳男子	19	
208	97	蒲原 史也	23	男	沖縄県	2:54:15	0:31:07	0:03:53	1:28:10	0:51:05	182		20-24歳男子	4	
209	5109	林 和弘	49	男	兵庫県	2:54:15	0:32:48	0:04:33	1:27:59	0:48:55	183		45-49歳男子	34	
210	3038	小倉 章	41	男	埼玉県	2:54:30	0:30:02	0:04:28	1:26:31	0:53:29	184		40-44歳男子	25	
211	3120	柴 達也	48	男	東京都	2:54:32	0:33:26	0:05:24	1:27:02	0:48:40	185		45-49歳男子	35	
212	2039	牟禮 則綱	68	男	鹿児島県	2:54:45	0:26:03	0:03:01	1:26:44	0:58:57	186		65-69歳男子	2	
213	3061	佐々木 徳朗	30	男	東京都	2:54:46	0:35:59	0:03:57	1:21:35	0:53:15	187		30-34歳男子	18	
214	2104	内山 博文	57	男	東京都	2:54:48	0:30:37	0:03:59	1:20:37	0:59:35	188		55-59歳男子	23	
215	6109	花山 頼生	30	男	神奈川県	2:54:51	0:36:48	0:03:32	1:24:34	0:49:57	189		30-34歳男子	19	
216	6037	幸村 秀生	64	男	千葉県	2:54:57	0:31:50	0:06:03	1:25:53	0:51:11	190		60-64歳男子	20	
217	4042	北條 茂樹	56	男	東京都	2:55:03	0:29:49	0:06:00	1:26:58	0:52:16	191		55-59歳男子	24	
218	70	廣瀬 真美	51	女	大阪府	2:55:06	0:23:25	0:04:35	1:33:11	0:53:55		27	50-54歳女子	4	
219	4021	翁長 昌章	52	男	沖縄県	2:55:07	0:34:57	0:05:08	1:28:14	0:46:48	192		50-54歳男子	31	
220	4046	山崎 教雄	57	男	宮城県	2:55:18	0:31:00	0:01:16	1:26:11	0:56:51	193		55-59歳男子	25	
221	3055	藤崎 まりの	28	女	東京都	2:55:19	0:29:04	0:05:02	1:30:50	0:50:23		28	25-29歳女子	2	
222	4040	中川 良三	56	男	大阪府	2:55:24	0:28:47	0:04:46	1:24:39	0:57:12	194		55-59歳男子	26	
223	88	大石 尾張	58	男	東京都	2:55:35	0:27:19	0:03:52	1:24:04	1:00:20	195		55-59歳男子	27	
224	2037	蔵本 裕二	61	男	埼玉県	2:55:39	0:29:10	0:04:31	1:28:49	0:53:09	196		60-64歳男子	21	
225	3127	伊東 亮	49	男	神奈川県	2:55:53	0:28:05	0:05:50	1:27:37	0:54:21	197		45-49歳男子	36	
226	128	金澤 理恵	47	女	三重県	2:55:55	0:26:22	0:04:06	1:27:08	0:58:19		29	45-49歳女子	4	
227	2043	小宅 錬	72	男	秋田県	2:55:58	0:28:37	0:03:58	1:23:40	0:59:43	198		70-74歳男子	2	
228	4050	惠﨑 浩則	58	男	福岡県	2:56:03	0:34:04	0:04:22	1:26:46	0:50:51	199		55-59歳男子	28	
229	16	鶴井 悠	37	女	沖縄県	2:56:04	0:26:10	0:05:12	1:33:42	0:51:00		30	35-39歳女子	5	
230	2100	金 伸行	54	男	愛知県	2:56:09	0:31:31	0:04:51	1:24:10	0:55:37	200		50-54歳男子	32	
231	2076	金澤 聖士	41	男	大阪府	2:56:13	0:31:11	0:04:37	1:28:52	0:51:33	201		40-44歳男子	26	
232	3080	加藤 愛子	38	女	沖縄県	2:56:13	0:30:07	0:03:37	1:27:56	0:54:33		31	35-39歳女子	6	
233	5032	橋本 衛	53	男	兵庫県	2:56:20	0:34:06	0:04:49	1:26:59	0:50:26	202		50-54歳男子	33	
234	4104	宮田 修平	25	男	大阪府	2:56:22	0:29:21	0:04:39	1:21:53	1:00:29	203		25-29歳男子	10	
235	3020	中軽米 恵子	61	女	埼玉県	2:56:24	0:30:30	0:03:52	1:31:49	0:50:13		32	60-64歳女子	5	
236	7042	有井 安仁	49	男	和歌山県	2:56:29	0:37:27	0:06:11	1:19:24	0:53:27	204		45-49歳男子	37	
237	5052	山﨑 洋平	28	男	東京都	2:56:30	0:30:42	0:07:03	1:30:10	0:48:35	205		25-29歳男子	11	
238	5055	緒方 空人	30	男	大阪府	2:56:31	0:33:45	0:12:42	1:26:24	0:43:40	206		30-34歳男子	20	
239	91	青木 豊	38	男	群馬県	2:56:36	0:32:56	0:04:48	1:26:59	0:51:53	207		35-39歳男子	20	
240	8092	岩間 湧大	26	男	神奈川県	2:56:54	0:29:35	0:08:03	1:22:39	0:56:37	208		25-29歳男子	12	
241	2036	南 章行	50	男	東京都	2:56:54	0:27:55	0:03:25	1:30:47	0:54:47	209		50-54歳男子	34	
242	5038	松本 悠	34	男	東京都	2:56:56	0:31:40	0:05:31	1:28:09	0:51:36	210		30-34歳男子	21	
243	60	中川 進也	42	男	徳島県	2:56:57	0:24:05	0:03:37	1:34:35	0:54:40	211		40-44歳男子	27	
244	7012	牧田 誠	43	男	埼玉県	2:56:59	0:31:22	0:06:53	1:27:35	0:51:09	212		40-44歳男子	28	
245	4127	播田 尚人	60	男	大阪府	2:57:14	0:31:10	0:09:40	1:22:08	0:54:16	213		60-64歳男子	22	
246	3027	市川 圭介	44	男	東京都	2:57:23	0:29:15	0:05:25	1:29:20	0:53:23	214		40-44歳男子	29	
247	4078	二木 明彦	66	男	東京都	2:57:27	0:34:03	0:05:07	1:29:33	0:48:44	215		65-69歳男子	3	
248	4044	仲宗根 一郎	57	男	神奈川県	2:57:31	0:30:39	0:05:55	1:25:30	0:55:27	216		55-59歳男子	29	
249	2078	田中 徹	52	男	東京都	2:57:32	0:29:57	0:04:28	1:24:24	0:58:43	217		50-54歳男子	35	
250	2014	高橋 博司	58	男	兵庫県	2:57:35	0:28:12	0:07:15	1:29:47	0:52:21	218		55-59歳男子	30	
251	3114	尾上 史晃	47	男	東京都	2:57:41	0:29:06	0:05:07	1:33:03	0:50:25	219		45-49歳男子	38	
252	5107	市場 裕樹	49	男	千葉県	2:57:47	0:38:18	0:05:25	1:23:52	0:50:12	220		45-49歳男子	39	
253	4085	石橋 剛	71	男	大阪府	2:57:48	0:30:37	0:03:49	1:27:15	0:56:07	221		70-74歳男子	3	
254	3043	篠原 三陽	53	女	神奈川県	2:57:52	0:30:06	0:05:27	1:28:44	0:53:35		33	50-54歳女子	5	
255	4016	淺倉 敬一	52	男	静岡県	2:57:56	0:33:46	0:05:26	1:20:10	0:58:34	222		50-54歳男子	36	
256	7043	花岡 豊	49	男	兵庫県	2:58:06	0:33:35	0:06:45	1:25:55	0:51:51	223		45-49歳男子	40	
257	7049	平島 希彦	50	男	神奈川県	2:58:08	0:32:58	0:05:08	1:25:52	0:54:10	224		50-54歳男子	37	
258	7040	辻本 壯一郎	48	男	和歌山県	2:58:16	0:32:24	0:05:00	1:29:49	0:51:03	225		45-49歳男子	41	
259	4006	藤原 豊	50	男	神奈川県	2:58:25	0:35:19	0:05:01	1:28:14	0:49:51	226		50-54歳男子	38	
260	5006	荻野 宏之	42	男	神奈川県	2:58:32	0:34:56	0:06:11	1:24:08	0:53:17	227		40-44歳男子	30	
261	3003	曽原 健太郎	40	男	東京都	2:58:45	0:31:51	0:05:18	1:31:25	0:50:11	228		40-44歳男子	31	
262	6077	竹村 幸大	48	男	兵庫県	2:58:46	0:33:57	0:04:12	1:25:35	0:55:02	229		45-49歳男子	42	
263	3101	草深 悠介	45	男	大阪府	2:58:49	0:34:00	0:02:38	1:28:24	0:53:47	230		45-49歳男子	43	
264	89	渡辺 信	57	男	沖縄県	2:58:58	0:33:22	0:06:48	1:23:24	0:55:24	231		55-59歳男子	31	
265	3012	山澤 洋子	57	女	東京都	2:59:01	0:31:01	0:04:54	1:30:42	0:52:24		34	55-59歳女子	5	
266	8026	今江 健	45	男	滋賀県	2:59:06	0:38:58	0:05:26	1:27:05	0:47:37	232		45-49歳男子	44	
267	7014	土田 実	43	男	長野県	2:59:14	0:34:21	0:04:33	1:26:15	0:54:05	233		40-44歳男子	32	
268	2127	安茂 義洋	58	男	神奈川県	2:59:17	0:26:21	0:06:57	1:35:15	0:50:44	234		55-59歳男子	32	
269	4077	大木 唯弘	66	男	埼玉県	2:59:27	0:30:55	0:04:26	1:29:09	0:54:57	235		65-69歳男子	4	
270	7124	上野山 拓	26	男	京都府	2:59:38	0:36:34	0:06:16	1:26:40	0:50:08	236		25-29歳男子	13	
271	5005	三木 康彰	66	男	大阪府	2:59:46	0:33:06	0:04:27	1:27:33	0:54:40	237		65-69歳男子	5	
272	4108	川口 勝範	62	男	大阪府	2:59:47	0:30:00	0:05:14	1:26:51	0:57:42	238		60-64歳男子	23	
273	5040	辻野 誠	46	男	大阪府	2:59:48	0:32:37	0:05:22	1:28:42	0:53:07	239		45-49歳男子	45	
274	96	廣田 侑香	23	女	東京都	2:59:55	0:23:41	0:02:38	1:34:44	0:58:52		35	20-24歳女子	1	
275	2088	深野 由佳	30	女	福岡県	2:59:57	0:30:08	0:03:47	1:32:32	0:53:30		36	30-34歳女子	2	
276	54	岩渕 祥司	51	男	愛知県	2:59:59	0:24:40	0:03:03	1:40:02	0:52:14	240		50-54歳男子	39	
277	4061	宮田 大	58	男	東京都	3:00:09	0:32:56	0:04:24	1:26:45	0:56:04	241		55-59歳男子	33	
278	5079	山田 圭介	41	男	東京都	3:00:18	0:35:35	0:05:37	1:27:42	0:51:24	242		40-44歳男子	33	
279	7029	岩浪 伸一	47	男	愛知県	3:00:18	0:35:04	0:13:03	1:12:32	0:59:39	243		45-49歳男子	46	
280	3017	坂田 千代次	60	男	千葉県	3:00:21	0:31:47	0:05:17	1:29:50	0:53:27	244		60-64歳男子	24	
281	5078	中西 康貴	41	男	兵庫県	3:00:33	0:32:24	0:03:40	1:25:17	0:59:12	245		40-44歳男子	34	
282	5085	西村 央	43	男	神奈川県	3:00:34	0:30:18	0:04:00	1:31:15	0:55:01	246		40-44歳男子	35	
283	2001	座間 聖徳	50	男	沖縄県	3:00:42	0:29:13	0:07:56	1:27:48	0:55:45	247		50-54歳男子	40	
284	7030	渡部 達生	47	男	愛知県	3:00:48	0:34:43	0:09:15	1:17:26	0:59:24	248		45-49歳男子	47	
285	5008	吉田 涼二	48	男	三重県	3:00:54	0:33:07	0:03:02	1:29:19	0:55:26	249		45-49歳男子	48	
286	8055	今井 朗	55	男	沖縄県	3:01:01	0:36:37	0:05:52	1:24:07	0:54:25	250		55-59歳男子	34	
287	5062	諏訪 博一	33	男	東京都	3:01:04	0:31:44	0:06:57	1:23:09	0:59:14	251		30-34歳男子	22	
288	4024	山口 健司	53	男	東京都	3:01:04	0:34:51	0:05:21	1:26:45	0:54:07	252		50-54歳男子	41	
289	4072	北本 大	62	男	茨城県	3:01:05	0:39:50	0:04:35	1:23:03	0:53:37	253		60-64歳男子	25	
290	8096	阿部 優志	28	男	東京都	3:01:25	0:34:27	0:07:35	1:28:53	0:50:30	254		25-29歳男子	14	
291	4005	杉本 貴彦	50	男	大阪府	3:01:36	0:33:13	0:06:38	1:27:00	0:54:45	255		50-54歳男子	42	
292	5037	金井 一馬	53	男	千葉県	3:01:39	0:38:44	0:07:33	1:24:45	0:50:37	256		50-54歳男子	43	
293	4105	山口 健太	39	男	大阪府	3:01:44	0:28:43	0:08:37	1:21:49	1:02:35	257		35-39歳男子	21	
294	7082	高木 裕二	58	男	埼玉県	3:01:45	0:32:30	0:04:57	1:26:24	0:57:54	258		55-59歳男子	35	
295	4025	田中 裕之	53	男	大阪府	3:01:45	0:27:37	0:06:06	1:27:54	1:00:08	259		50-54歳男子	44	
296	2085	松井 洋子	61	女	東京都	3:01:49	0:29:15	0:07:26	1:31:06	0:54:02		37	60-64歳女子	6	
297	50	松田 雅也	53	男	愛知県	3:01:51	0:34:18	0:05:58	1:26:21	0:55:14	260		50-54歳男子	45	
298	2024	Yamaguchi Ferdinand	63	男	東京都	3:01:56	0:29:40	0:04:34	1:27:58	0:59:44	261		60-64歳男子	26	
299	3119	中山 博登	48	男	埼玉県	3:01:57	0:31:55	0:06:12	1:27:32	0:56:18	262		45-49歳男子	49	
300	5110	吉澤 英和	49	男	東京都	3:02:07	0:33:04	0:07:34	1:25:06	0:56:23	263		45-49歳男子	50	
301	3110	前田 幸弘	46	男	京都府	3:02:10	0:32:43	0:05:42	1:28:44	0:55:01	264		45-49歳男子	51	
302	6113	大亀 裕貴	33	男	東京都	3:02:18	0:26:52	0:08:08	1:33:03	0:54:15	265		30-34歳男子	23	
303	6130	森永 晃史	39	男	東京都	3:02:19	0:35:44	0:06:42	1:26:58	0:52:55	266		35-39歳男子	22	
304	5075	飯島 明保	40	男	沖縄県	3:02:24	0:31:42	0:06:11	1:29:11	0:55:20	267		40-44歳男子	36	
305	2009	副島 邦洋	53	男	東京都	3:02:25	0:27:47	0:04:56	1:27:15	1:02:27	268		50-54歳男子	46	
306	6001	鶴和 義朗	55	男	大阪府	3:02:31	0:34:24	0:02:55	1:26:03	0:59:09	269		55-59歳男子	36	
307	4128	与謝野 孝浩	63	男	東京都	3:02:32	0:33:07	0:07:01	1:22:31	0:59:53	270		60-64歳男子	27	
308	3095	松原 高嶺	42	男	栃木県	3:02:38	0:32:19	0:06:44	1:31:15	0:52:20	271		40-44歳男子	37	
309	5026	吉岡 朋昭	62	男	東京都	3:02:43	0:36:10	0:06:07	1:22:07	0:58:19	272		60-64歳男子	28	
310	5073	岡 拓也	38	男	東京都	3:02:47	0:35:33	0:05:13	1:32:54	0:49:07	273		35-39歳男子	23	
311	2108	佐藤 周平	73	男	東京都	3:02:54	0:29:16	0:05:53	1:30:42	0:57:03	274		70-74歳男子	4	
312	7074	入口 一史	57	男	沖縄県	3:02:55	0:33:42	0:04:16	1:30:04	0:54:53	275		55-59歳男子	37	
313	9070	林 昭利	52	男	東京都	3:02:55	0:36:22	0:05:42	1:25:30	0:55:21	276		50-54歳男子	47	
314	7015	村岡 大輔	44	男	京都府	3:02:57	0:34:46	0:05:49	1:26:03	0:56:19	277		40-44歳男子	38	
315	3006	鈴 賢一	46	男	大阪府	3:02:58	0:32:37	0:04:56	1:29:23	0:56:02	278		45-49歳男子	52	
316	103	稲福 央	30	男	沖縄県	3:02:59	0:31:26	0:05:15	1:32:58	0:53:20	279		30-34歳男子	24	
317	3013	細川 顕	59	男	京都府	3:03:12	0:30:56	0:06:28	1:25:43	1:00:05	280		55-59歳男子	38	
318	131	上内 聡子	48	女	京都府	3:03:13	0:29:16	0:05:58	1:36:16	0:51:43		38	45-49歳女子	5	
319	3064	荒木 章吾	31	男	千葉県	3:03:16	0:31:43	0:09:16	1:28:37	0:53:40	281		30-34歳男子	25	
320	5118	鈴木 信也	51	男	愛知県	3:03:17	0:33:40	0:06:19	1:22:48	1:00:30	282		50-54歳男子	48	
321	2090	藤井 大地	32	男	東京都	3:03:20	0:31:34	0:03:18	1:35:17	0:53:11	283		30-34歳男子	26	
322	8008	横浜 一輝	32	男	東京都	3:03:25	0:38:01	0:07:25	1:30:12	0:47:47	284		30-34歳男子	27	
323	8095	小池 修平	28	男	神奈川県	3:03:25	0:29:23	0:05:49	1:38:30	0:49:43	285		25-29歳男子	15	
324	4118	後藤 玄利	58	男	東京都	3:03:36	0:31:33	0:06:36	1:22:35	1:02:52	286		55-59歳男子	39	
325	2038	松田 尚也	69	男	京都府	3:03:40	0:29:05	0:06:33	1:24:48	1:03:14	287		65-69歳男子	6	
326	3123	吉本 圭	48	男	埼玉県	3:03:43	0:28:14	0:06:45	1:27:49	1:00:55	288		45-49歳男子	53	
327	5104	西川 美ゆき	47	女	東京都	3:03:54	0:31:30	0:05:43	1:32:01	0:54:40		39	45-49歳女子	6	
328	6056	杉橋 英治	60	男	愛媛県	3:03:59	0:34:36	0:06:07	1:30:06	0:53:10	289		60-64歳男子	29	
329	3118	大下 浩平	47	男	東京都	3:04:03	0:33:33	0:06:54	1:28:27	0:55:09	290		45-49歳男子	54	
330	6091	黒田 健一	53	男	東京都	3:04:04	0:33:09	0:12:12	1:29:49	0:48:54	291		50-54歳男子	49	
331	2080	丸岡 正和	51	男	大阪府	3:04:08	0:32:23	0:02:55	1:19:52	1:08:58	292		50-54歳男子	50	
332	5048	三木 保人	47	男	和歌山県	3:04:19	0:32:56	0:06:17	1:25:15	0:59:51	293		45-49歳男子	55	
333	3016	田中 洋二	56	男	東京都	3:04:19	0:34:01	0:05:50	1:29:13	0:55:15	294		55-59歳男子	40	
334	4068	宮城 秀夫	61	男	沖縄県	3:04:24	0:37:11	0:07:40	1:26:33	0:53:00	295		60-64歳男子	30	
335	7008	山田 將博	42	男	神奈川県	3:04:25	0:34:45	0:06:53	1:28:53	0:53:54	296		40-44歳男子	39	
336	5012	藤原 圭史	39	男	愛知県	3:04:32	0:31:47	0:04:43	1:32:32	0:55:30	297		35-39歳男子	24	
337	3068	豊田 宣広	33	男	大阪府	3:04:42	0:20:47	0:04:38	1:30:08	1:09:09	298		30-34歳男子	28	
338	5003	杉山 雅彦	68	男	大阪府	3:05:04	0:36:36	0:07:57	1:30:50	0:49:41	299		65-69歳男子	7	
339	9015	田中 亮	50	男	千葉県	3:05:08	0:35:02	0:06:51	1:32:58	0:50:17	300		50-54歳男子	51	
340	3047	飯野 宗一郎	52	男	神奈川県	3:05:22	0:32:16	0:04:14	1:31:25	0:57:27	301		50-54歳男子	52	
341	2125	上野 敦史	54	男	神奈川県	3:05:25	0:30:13	0:08:10	1:37:16	0:49:46	302		50-54歳男子	53	
342	3074	江崎 龍彦	35	男	東京都	3:05:28	0:31:08	0:08:49	1:32:59	0:52:32	303		35-39歳男子	25	
343	7071	島田 容男	56	男	東京都	3:05:30	0:34:11	0:05:50	1:26:25	0:59:04	304		55-59歳男子	41	
344	4099	穂谷野 智	63	男	東京都	3:05:35	0:34:11	0:10:48	1:26:07	0:54:29	305		60-64歳男子	31	
345	5014	日暮 康喜	30	男	東京都	3:05:41	0:32:28	0:06:57	1:27:57	0:58:19	306		30-34歳男子	29	
346	2093	関根 美樹	49	女	東京都	3:05:44	0:28:20	0:06:39	1:34:39	0:56:06		40	45-49歳女子	7	
347	4091	岡本 邦宏	49	男	東京都	3:05:46	0:30:50	0:06:09	1:30:44	0:58:03	307		45-49歳男子	56	
348	7024	宮本 純太	45	男	滋賀県	3:05:53	0:31:50	0:04:15	1:29:27	1:00:21	308		45-49歳男子	57	
349	3051	山田 将太郎	27	男	愛知県	3:06:13	0:22:42	0:05:04	1:43:32	0:54:55	309		25-29歳男子	16	
350	6016	野上 麻理	56	女	大阪府	3:06:14	0:35:49	0:05:25	1:30:22	0:54:38		41	55-59歳女子	6	
351	3062	相川 祐輝	31	男	佐賀県	3:06:34	0:27:25	0:04:59	1:40:27	0:53:43	310		30-34歳男子	30	
352	5067	川尻 将大	36	男	北海道	3:06:35	0:33:49	0:08:36	1:32:47	0:51:23	311		35-39歳男子	26	
353	8109	鎌田 亮治	35	男	東京都	3:06:36	0:36:54	0:05:16	1:32:45	0:51:41	312		35-39歳男子	27	
354	4051	林 真由美	58	女	兵庫県	3:06:39	0:30:14	0:04:22	1:28:25	1:03:38		42	55-59歳女子	7	
355	6011	赤瀬 伸	56	男	兵庫県	3:06:40	0:35:47	0:04:56	1:32:53	0:53:04	313		55-59歳男子	42	
356	7039	山﨑 哲男	48	男	茨城県	3:06:49	0:35:26	0:05:56	1:30:46	0:54:41	314		45-49歳男子	58	
357	3084	今 佑華	39	女	東京都	3:06:50	0:34:04	0:05:48	1:30:08	0:56:50		43	35-39歳女子	7	
358	2067	都築 啓一	35	男	愛知県	3:06:54	0:36:04	0:04:26	1:22:08	1:04:16	315		35-39歳男子	28	
359	8088	北村 翔一	24	男	京都府	3:06:57	0:32:46	0:05:54	1:36:30	0:51:47	316		20-24歳男子	5	
360	6078	田中 和幸	52	男	神奈川県	3:07:10	0:36:36	0:07:41	1:30:16	0:52:37	317		50-54歳男子	54	
361	4037	芳野 仁	55	男	沖縄県	3:07:20	0:32:49	0:05:48	1:28:04	1:00:39	318		55-59歳男子	43	
362	7052	本郷 亮司	52	男	沖縄県	3:07:21	0:36:15	0:08:25	1:30:13	0:52:28	319		50-54歳男子	55	
363	5063	佐崎 朝陽	33	男	愛知県	3:07:22	0:33:13	0:05:39	1:27:04	1:01:26	320		30-34歳男子	31	
364	4100	髙橋 裕輔	39	男	千葉県	3:07:24	0:34:31	0:06:36	1:29:14	0:57:03	321		35-39歳男子	29	
365	2004	上地 永一	51	男	沖縄県	3:07:27	0:31:37	0:06:15	1:30:48	0:58:47	322		50-54歳男子	56	
366	5051	土屋 貴寛	28	男	東京都	3:07:30	0:34:52	0:06:49	1:34:27	0:51:22	323		25-29歳男子	17	
367	4018	久岡 卓司	52	男	兵庫県	3:07:33	0:30:25	0:04:06	1:28:42	1:04:20	324		50-54歳男子	57	
368	3032	舩越 裕勝	52	男	北海道	3:07:39	0:31:56	0:05:46	1:30:07	0:59:50	325		50-54歳男子	58	
369	64	曽根 敏樹	71	男	東京都	3:07:42	0:27:12	0:04:42	1:29:56	1:05:52	326		70-74歳男子	5	
370	3067	陳 柄齊	32	男	Chinese Tipei	3:07:49	0:35:44	0:07:09	1:28:41	0:56:15	327		30-34歳男子	32	
371	37	上田 照江	60	女	群馬県	3:07:51	0:28:56	0:07:26	1:36:01	0:55:28		44	60-64歳女子	7	
372	125	山下 和秀	46	男	沖縄県	3:08:07	0:26:17	0:03:57	1:25:17	1:12:36	328		45-49歳男子	59	
373	6002	野坂 修一	55	男	福岡県	3:08:19	0:34:12	0:07:22	1:25:00	1:01:45	329		55-59歳男子	44	
374	5041	大町 勇紀	45	男	大阪府	3:08:34	0:32:37	0:08:05	1:32:06	0:55:46	330		45-49歳男子	60	
375	2049	佃 史絵	51	女	埼玉県	3:08:58	0:29:12	0:04:00	1:37:39	0:58:07		45	50-54歳女子	6	
376	4083	佐々木 幸子	69	女	群馬県	3:09:02	0:30:16	0:04:32	1:27:51	1:06:23		46	65-69歳女子	1	
377	4008	中村 朝之	50	男	東京都	3:09:08	0:29:43	0:04:43	1:33:34	1:01:08	331		50-54歳男子	59	
378	5074	宮崎 悠太	39	男	東京都	3:09:32	0:35:22	0:06:54	1:34:22	0:52:54	332		35-39歳男子	30	
379	4102	大村 智子	60	女	静岡県	3:09:36	0:32:49	0:09:00	1:39:49	0:47:58		47	60-64歳女子	8	
380	6131	阿部 真	39	男	兵庫県	3:09:51	0:35:56	0:06:52	1:32:00	0:55:03	333		35-39歳男子	31	
381	7010	上野 真和	43	男	大阪府	3:09:52	0:34:14	0:05:29	1:35:39	0:54:30	334		40-44歳男子	40	
382	7054	湯井 達也	52	男	埼玉県	3:09:57	0:34:50	0:09:22	1:30:49	0:54:56	335		50-54歳男子	60	
383	8112	簗瀬 貴裕	36	男	岐阜県	3:09:59	0:30:42	0:05:28	1:30:30	1:03:19	336		35-39歳男子	32	
384	2026	鈴木 えり香	65	女	神奈川県	3:10:00	0:29:04	0:05:57	1:36:00	0:58:59		48	65-69歳女子	2	
385	7035	池田 祐希	48	男	茨城県	3:10:03	0:34:45	0:09:25	1:30:48	0:55:05	337		45-49歳男子	61	
386	3086	金岡 尚利	39	男	東京都	3:10:04	0:35:53	0:06:12	1:34:56	0:53:03	338		35-39歳男子	33	
387	6010	フクハラ セイサク	55	男	愛知県	3:10:08	0:31:52	0:11:22	1:30:55	0:55:59	339		55-59歳男子	45	
388	4054	柳 權祐	58	男	Chinese Tipei	3:10:11	0:34:57	0:05:42	1:38:23	0:51:09	340		55-59歳男子	46	
389	4065	西田 孝広	60	男	福岡県	3:10:20	0:34:53	0:07:04	1:39:05	0:49:18	341		60-64歳男子	32	
390	6118	田口 大	35	男	神奈川県	3:10:23	0:38:03	0:10:02	1:24:58	0:57:20	342		35-39歳男子	34	
391	3029	渡辺 俊一	48	男	大阪府	3:10:33	0:32:20	0:10:15	1:29:03	0:58:55	343		45-49歳男子	62	
392	8010	赤羽 一隆	33	男	東京都	3:10:33	0:39:06	0:05:54	1:29:20	0:56:13	344		30-34歳男子	33	
393	7125	中村 洋太	27	男	東京都	3:10:43	0:34:24	0:05:34	1:42:41	0:48:04	345		25-29歳男子	18	
394	5022	佐々木 健	55	男	大阪府	3:10:56	0:34:08	0:06:13	1:26:26	1:04:09	346		55-59歳男子	47	
395	5024	木村 隆夫	63	男	佐賀県	3:10:59	0:33:39	0:04:22	1:32:48	1:00:10	347		60-64歳男子	33	
396	5099	畑 英一郎	47	男	東京都	3:11:00	0:36:08	0:07:54	1:29:30	0:57:28	348		45-49歳男子	63	
397	3108	北條 明宏	46	男	大阪府	3:11:00	0:35:56	0:06:15	1:27:58	1:00:51	349		45-49歳男子	64	
398	7002	川口 雄大	41	男	京都府	3:11:08	0:32:39	0:07:46	1:29:02	1:01:41	350		40-44歳男子	41	
399	5105	三輪 千夏	48	女	愛知県	3:11:10	0:36:19	0:04:24	1:33:40	0:56:47		49	45-49歳女子	8	
400	3057	小倉 暁乃丞	28	男	東京都	3:11:12	0:29:57	0:06:42	1:37:45	0:56:48	351		25-29歳男子	19	
401	5056	山口 眞人	30	男	東京都	3:11:12	0:35:26	0:06:26	1:31:18	0:58:02	352		30-34歳男子	34	
402	3033	下 浩明	51	男	埼玉県	3:11:16	0:27:05	0:05:33	1:34:22	1:04:16	353		50-54歳男子	61	
403	2072	加瀬 恵美	44	女	千葉県	3:11:16	0:28:23	0:04:29	1:37:58	1:00:26		50	40-44歳女子	4	
404	6061	岩﨑 博	57	男	茨城県	3:11:18	0:33:49	0:08:39	1:30:58	0:57:52	354		55-59歳男子	48	
405	7063	奥谷 幸司	55	男	奈良県	3:11:19	0:37:14	0:05:44	1:28:14	1:00:07	355		55-59歳男子	49	
406	7058	成田 智	53	男	東京都	3:11:21	0:33:41	0:08:22	1:36:27	0:52:51	356		50-54歳男子	62	
407	6110	近藤 拓哉	31	男	東京都	3:11:23	0:37:09	0:06:31	1:36:48	0:50:55	357		30-34歳男子	35	
408	3075	山口 康彬	35	男	東京都	3:11:30	0:31:26	0:05:37	1:40:34	0:53:53	358		35-39歳男子	35	
409	4101	藤田 航平	55	男	沖縄県	3:11:37	0:30:58	0:08:46	1:37:15	0:54:38	359		55-59歳男子	50	
410	3085	野本 真理	39	女	東京都	3:11:40	0:36:01	0:05:56	1:28:41	1:01:02		51	35-39歳女子	8	
411	4017	小川 憲一郎	52	男	東京都	3:11:43	0:30:09	0:05:59	1:32:53	1:02:42	360		50-54歳男子	63	
412	73	藤田 裕二	50	男	東京都	3:11:44	0:32:49	0:08:37	1:27:16	1:03:02	361		50-54歳男子	64	
413	4110	山岸 城太郎	39	男	東京都	3:11:44	0:34:37	0:05:17	1:27:39	1:04:11	362		35-39歳男子	36	
414	5123	北嶋 禎治	52	男	福岡県	3:11:50	0:36:00	0:08:01	1:28:57	0:58:52	363		50-54歳男子	65	
415	119	奥村 暢子	42	女	東京都	3:11:54	0:34:09	0:04:17	1:37:35	0:55:53		52	40-44歳女子	5	
416	3026	岸本 裕子	66	女	京都府	3:11:58	0:32:05	0:04:53	1:37:49	0:57:11		53	65-69歳女子	3	
417	5094	kakimoto yoshiyuki	46	男	滋賀県	3:12:07	0:33:49	0:04:28	1:25:02	1:08:48	364		45-49歳男子	65	
418	8017	出口 太将	39	男	沖縄県	3:12:07	0:33:22	0:04:43	1:35:55	0:58:07	365		35-39歳男子	37	
419	7001	太田 祐	40	男	東京都	3:12:09	0:36:51	0:05:02	1:32:33	0:57:43	366		40-44歳男子	42	
420	4011	武田 賢二	51	男	千葉県	3:12:11	0:29:42	0:05:26	1:33:24	1:03:39	367		50-54歳男子	66	
421	6013	菅野 良寛	56	男	埼玉県	3:12:17	0:34:19	0:05:23	1:23:47	1:08:48	368		55-59歳男子	51	
422	3011	田波 康行	53	男	静岡県	3:12:18	0:33:43	0:07:19	1:31:24	0:59:52	369		50-54歳男子	67	
423	2015	渡邊 栄	59	男	東京都	3:12:20	0:30:34	0:08:12	1:34:10	0:59:24	370		55-59歳男子	52	
424	5007	須賀 由紀子	44	女	神奈川県	3:12:23	0:33:01	0:06:05	1:37:40	0:55:37		54	40-44歳女子	6	
425	5047	小森谷 慧大	38	男	神奈川県	3:12:33	0:32:56	0:05:19	1:35:15	0:59:03	371		35-39歳男子	38	
426	2103	岩田 雷太	55	男	神奈川県	3:12:33	0:32:18	0:05:43	1:39:04	0:55:28	372		55-59歳男子	53	
427	7031	山下 真吾	47	男	香川県	3:12:34	0:33:22	0:10:33	1:30:57	0:57:42	373		45-49歳男子	66	
428	8023	桃井 文藝	44	男	長野県	3:12:39	0:34:53	0:07:49	1:28:23	1:01:34	374		40-44歳男子	43	
429	8127	近藤 岳広	42	男	岐阜県	3:12:40	0:33:46	0:06:43	1:28:23	1:03:48	375		40-44歳男子	44	
430	4109	米盛 英太郎	32	男	沖縄県	3:12:41	0:32:54	0:05:47	1:25:57	1:08:03	376		30-34歳男子	36	
431	4038	森田 崇	55	男	香川県	3:13:01	0:35:03	0:06:37	1:26:57	1:04:24	377		55-59歳男子	54	
432	2109	笠原 利香	55	女	沖縄県	3:13:03	0:32:04	0:06:18	1:28:05	1:06:36		55	55-59歳女子	8	
433	6099	積田 貴俊	51	男	神奈川県	3:13:04	0:37:39	0:12:28	1:23:50	0:59:07	378		50-54歳男子	68	
434	8099	佐藤 晃輝	30	男	埼玉県	3:13:12	0:33:47	0:05:30	1:27:16	1:06:39	379		30-34歳男子	37	
435	7007	有馬 大蔵	42	男	東京都	3:13:25	0:31:51	0:06:45	1:31:10	1:03:39	380		40-44歳男子	45	
436	6133	久野 恭兵	39	男	沖縄県	3:13:25	0:40:02	0:08:51	1:32:32	0:52:00	381		35-39歳男子	39	
437	5015	中村 恵美	45	女	東京都	3:13:34	0:32:11	0:07:37	1:34:20	0:59:26		56	45-49歳女子	9	
438	9055	野口 美甫	40	女	東京都	3:13:37	0:35:56	0:08:34	1:34:38	0:54:29		57	40-44歳女子	7	
439	3001	友成 愛	42	女	東京都	3:13:37	0:30:59	0:05:02	1:33:44	1:03:52		58	40-44歳女子	8	
440	4095	石田 純治	59	男	東京都	3:13:39	0:33:34	0:07:32	1:33:33	0:59:00	382		55-59歳男子	55	
441	3021	中村 雅和	62	男	福岡県	3:13:42	0:27:58	0:03:31	1:17:57	1:24:16	383		60-64歳男子	34	
442	2118	川平 晃爾	42	男	沖縄県	3:13:56	0:31:42	0:07:32	1:39:51	0:54:51	384		40-44歳男子	46	
443	4113	井上 実	48	男	静岡県	3:13:58	0:34:07	0:06:16	1:27:33	1:06:02	385		45-49歳男子	67	
444	8101	谷川 正紘	31	男	神奈川県	3:14:00	0:35:23	0:09:23	1:34:11	0:55:03	386		30-34歳男子	38	
445	6024	林宝 謙治	58	男	埼玉県	3:14:02	0:37:57	0:08:02	1:30:50	0:57:13	387		55-59歳男子	56	
446	4097	平澤 孝子	66	女	神奈川県	3:14:03	0:30:54	0:04:24	1:37:39	1:01:06		59	65-69歳女子	4	
447	6020	平山 仁史	57	男	大阪府	3:14:03	0:36:08	0:07:59	1:28:13	1:01:43	388		55-59歳男子	57	
448	6101	鈴木 優	74	男	東京都	3:14:16	0:31:55	0:09:45	1:34:12	0:58:24	389		70-74歳男子	6	
449	2010	福嶋 直人	55	男	沖縄県	3:14:18	0:31:14	0:06:47	1:34:11	1:02:06	390		55-59歳男子	58	
450	3093	熊谷 圭介	41	男	長野県	3:14:20	0:31:59	0:07:16	1:35:32	0:59:33	391		40-44歳男子	47	
451	4012	北尾 龍典	51	男	大阪府	3:14:23	0:33:01	0:04:48	1:34:28	1:02:06	392		50-54歳男子	69	
452	5054	山本 聡一郎	29	男	愛媛県	3:14:29	0:29:56	0:04:59	1:36:51	1:02:43	393		25-29歳男子	20	
453	127	須賀 貴也	47	男	埼玉県	3:14:30	0:32:12	0:06:46	1:32:22	1:03:10	394		45-49歳男子	68	
454	2025	江草 章仁	65	男	広島県	3:14:31	0:33:58	0:04:31	1:28:32	1:07:30	395		65-69歳男子	8	
455	6051	五味 明子	44	女	福岡県	3:14:33	0:34:48	0:06:03	1:30:08	1:03:34		60	40-44歳女子	9	
456	4010	當山 心	51	女	東京都	3:14:39	0:30:02	0:05:41	1:32:10	1:06:46		61	50-54歳女子	7	
457	4039	壬生 京	56	男	東京都	3:14:42	0:38:49	0:05:58	1:26:20	1:03:35	396		55-59歳男子	59	
458	5093	垣花 友和	46	男	沖縄県	3:14:43	0:31:29	0:09:54	1:37:36	0:55:44	397		45-49歳男子	69	
459	3104	湊 真吾	46	男	香川県	3:14:51	0:32:07	0:05:58	1:32:44	1:04:02	398		45-49歳男子	70	
460	8126	兒玉 起平	41	男	愛知県	3:14:54	0:32:16	0:05:58	1:38:42	0:57:58	399		40-44歳男子	48	
461	4075	鈴木 隆弘	64	男	愛知県	3:15:08	0:32:27	0:06:36	1:40:04	0:56:01	400		60-64歳男子	35	
462	8085	中島 海知	23	男	京都府	3:15:10	0:39:29	0:07:27	1:30:22	0:57:52	401		20-24歳男子	6	
463	6073	浅野 友朗	35	男	東京都	3:15:17	0:35:25	0:06:06	1:40:12	0:53:34	402		35-39歳男子	40	
464	6080	平田 康隆	57	男	大阪府	3:15:23	0:35:50	0:07:07	1:32:19	1:00:07	403		55-59歳男子	60	
465	3045	松本 尚也	45	男	東京都	3:15:25	0:30:54	0:06:25	1:32:30	1:05:36	404		45-49歳男子	71	
466	5098	李 晟豪	46	男	Chinese Tipei	3:15:48	0:36:31	0:05:40	1:32:01	1:01:36	405		45-49歳男子	72	
467	7027	渡辺 修治	47	男	東京都	3:15:51	0:34:52	0:06:02	1:31:23	1:03:34	406		45-49歳男子	73	
468	8116	小室 健太	38	男	東京都	3:15:51	0:38:30	0:06:02	1:29:42	1:01:37	407		35-39歳男子	41	
469	3077	野末 秀志	36	男	神奈川	3:15:56	0:29:36	0:07:15	1:35:10	1:03:55	408		35-39歳男子	42	
470	2032	堀内 浩司	63	男	東京都	3:16:00	0:28:03	0:07:02	1:40:39	1:00:16	409		60-64歳男子	36	
471	4022	西川 渉	52	男	大分県	3:16:04	0:28:06	0:05:54	1:32:47	1:09:17	410		50-54歳男子	70	
472	5082	甲斐 修平	42	男	東京都	3:16:08	0:33:14	0:06:12	1:35:15	1:01:27	411		40-44歳男子	49	
473	6120	鈴木 垣蔵	36	男	沖縄県	3:16:09	0:31:46	0:04:38	1:36:06	1:03:39	412		35-39歳男子	43	
474	6114	伊佐 卓真	34	男	沖縄県	3:16:18	0:34:45	0:07:45	1:35:38	0:58:10	413		30-34歳男子	39	
475	6100	末吉 衛	59	男	沖縄県	3:16:19	0:34:44	0:07:35	1:25:44	1:08:16	414		55-59歳男子	61	
476	9005	稲熊 圭太	45	男	東京都	3:16:25	0:39:38	0:07:51	1:37:18	0:51:38	415		45-49歳男子	74	
477	2040	楠野 泰之	61	男	千葉県	3:16:29	0:31:10	0:06:09	1:33:14	1:05:56	416		60-64歳男子	37	
478	4080	清水 武	66	男	長野県	3:16:33	0:37:25	0:07:09	1:31:19	1:00:40	417		65-69歳男子	9	
479	8027	吉田 誠	45	男	佐賀県	3:16:38	0:35:23	0:09:59	1:32:23	0:58:53	418		45-49歳男子	75	
480	9052	内田 美里	37	女	神奈川県	3:16:44	0:28:50	0:07:23	1:36:34	1:03:57		62	35-39歳女子	9	
481	7118	秋山 秀平	44	男	沖縄県	3:16:54	0:38:22	0:11:51	1:30:31	0:56:10	419		40-44歳男子	50	
482	8113	大橋 拓也	36	男	東京都	3:17:17	0:36:19	0:07:53	1:36:56	0:56:09	420		35-39歳男子	44	
483	2077	秋村 敬三	47	男	大阪府	3:17:18	0:28:02	0:05:09	1:46:07	0:58:00	421		45-49歳男子	76	
484	5060	村井 健至	32	男	山口県	3:17:20	0:39:07	0:08:05	1:34:20	0:55:48	422		30-34歳男子	40	
485	5020	久志 勝美	52	男	沖縄県	3:17:21	0:42:28	0:07:01	1:27:12	1:00:40	423		50-54歳男子	71	
486	3109	米田 奈美子	46	女	沖縄県	3:17:25	0:29:37	0:05:10	1:43:08	0:59:30		63	45-49歳女子	10	
487	5096	城田 全江	46	女	福岡県	3:17:26	0:38:28	0:06:00	1:37:10	0:55:48		64	45-49歳女子	11	
488	6092	河合 洋次郎	58	男	広島県	3:17:43	0:37:03	0:05:17	1:32:10	1:03:13	424		55-59歳男子	62	
489	5101	湯本 万征	47	男	沖縄県	3:17:58	0:37:16	0:05:08	1:38:09	0:57:25	425		45-49歳男子	77	
490	3096	吉本 康匡	43	男	大阪府	3:18:02	0:32:23	0:12:56	1:30:45	1:01:58	426		40-44歳男子	51	
491	80	當間 達也	52	男	沖縄県	3:18:03	0:27:18	0:04:01	1:34:18	1:12:26	427		50-54歳男子	72	
492	90	浅野 肇	39	男	東京都	3:18:19	0:29:10	0:06:51	1:33:49	1:08:29	428		35-39歳男子	45	
493	9003	柳原 慎也	45	男	東京都	3:18:22	0:34:15	0:04:25	1:36:26	1:03:16	429		45-49歳男子	78	
494	3090	鈴木 亮太	40	男	大阪府	3:18:29	0:30:10	0:09:59	1:29:00	1:09:20	430		40-44歳男子	52	
495	6030	下浦 恭文	60	男	岡山県	3:18:34	0:33:57	0:07:14	1:32:16	1:05:07	431		60-64歳男子	38	
496	8064	廣瀬 敦	62	男	愛知県	3:18:41	0:35:00	0:09:44	1:29:56	1:04:01	432		60-64歳男子	39	
497	2013	渥美 修一郎	57	男	東京都	3:18:44	0:34:06	0:07:13	1:34:47	1:02:38	433		55-59歳男子	63	
498	4094	八田 準一郎	57	男	滋賀県	3:18:48	0:32:41	0:08:28	1:35:17	1:02:22	434		55-59歳男子	64	
499	7110	吉岡 理恵	46	女	和歌山県	3:18:52	0:38:33	0:07:41	1:35:41	0:56:57		65	45-49歳女子	12	
500	4084	湯山 幸寛	70	男	東京都	3:18:55	0:31:46	0:07:58	1:34:10	1:05:01	435		70-74歳男子	7	
501	6042	伊藤 善也	67	男	愛知県	3:19:01	0:32:21	0:09:11	1:36:00	1:01:29	436		65-69歳男子	10	
502	4115	大迫 基弘	48	男	福岡県	3:19:11	0:36:55	0:12:16	1:30:59	0:59:01	437		45-49歳男子	79	
503	7045	市川 雄規	49	男	神奈川県	3:19:26	0:36:04	0:08:13	1:33:09	1:02:00	438		45-49歳男子	80	
504	3056	松木 奨吾	28	男	東京都	3:19:29	0:29:49	0:05:36	1:40:04	1:04:00	439		25-29歳男子	21	
505	2069	江原 深雪	59	女	東京都	3:19:34	0:30:14	0:05:54	1:38:42	1:04:44		66	55-59歳女子	9	
506	5092	松林 由貴	45	女	東京都	3:19:36	0:31:46	0:07:41	1:39:18	1:00:51		67	45-49歳女子	13	
507	106	安藤 佑介	33	男	富山県	3:19:37	0:26:32	0:04:00	1:39:45	1:09:20	440		30-34歳男子	41	
508	85	中谷 友裕	47	男	大阪府	3:19:43	0:26:57	0:06:18	1:32:03	1:14:25	441		45-49歳男子	81	
509	5130	池田 浩	53	男	埼玉県	3:19:44	0:36:07	0:11:14	1:30:17	1:02:06	442		50-54歳男子	73	
510	7121	仲盛 敦	57	男	沖縄県	3:19:46	0:46:47	0:03:48	1:21:35	1:07:36	443		55-59歳男子	65	
511	5016	中神 陽	49	男	東京都	3:19:47	0:35:56	0:07:50	1:38:21	0:57:40	444		45-49歳男子	82	
512	8024	中島 千勝	44	男	沖縄県	3:19:50	0:46:27	0:09:51	1:32:47	0:50:45	445		40-44歳男子	53	
513	9023	山崎 新悟	52	男	岐阜県	3:19:59	0:39:29	0:09:33	1:27:42	1:03:15	446		50-54歳男子	74	
514	7059	白水 威彦	53	男	千葉県	3:19:59	0:35:05	0:08:20	1:33:45	1:02:49	447		50-54歳男子	75	
515	7113	大上 良介	50	男	東京都	3:20:00	0:38:38	0:10:30	1:29:44	1:01:08	448		50-54歳男子	76	
516	3103	川崎 圭太	45	男	愛知県	3:20:04	0:32:45	0:07:39	1:36:06	1:03:34	449		45-49歳男子	83	
517	6069	井手 悌二	56	男	沖縄県	3:20:04	0:39:49	0:06:14	1:35:34	0:58:27	450		55-59歳男子	66	
518	5115	Jeacle Gregory	51	男	沖縄県	3:20:15	0:35:51	0:07:41	1:40:01	0:56:42	451		50-54歳男子	77	
519	5126	ジェイコール 裕子	53	女	沖縄県	3:20:26	0:34:32	0:08:58	1:42:33	0:54:23		68	50-54歳女子	8	
520	5087	棚網 良貴	44	男	東京都	3:20:32	0:38:21	0:05:42	1:28:55	1:07:34	452		40-44歳男子	54	
521	8108	Parr Catherine	34	女	東京都	3:20:38	0:41:13	0:07:54	1:33:09	0:58:22		69	30-34歳女子	3	
522	3009	市川 光代	54	女	奈良県	3:20:42	0:29:30	0:08:20	1:44:54	0:57:58		70	50-54歳女子	9	
523	5120	芹田 章博	52	男	福岡県	3:20:46	0:38:24	0:06:04	1:34:21	1:01:57	453		50-54歳男子	78	
524	6022	磯部 大輔	57	男	沖縄県	3:20:53	0:39:42	0:08:50	1:37:08	0:55:13	454		55-59歳男子	67	
525	2027	Ross Alexander	30	男	東京都	3:20:53	0:28:17	0:08:07	1:39:08	1:05:21	455		30-34歳男子	42	
526	107	金子 真久	35	男	東京都	3:20:57	0:37:54	0:04:44	1:37:00	1:01:19	456		35-39歳男子	46	
527	5117	青木 隆行	51	男	大阪府	3:20:59	0:37:32	0:08:54	1:37:19	0:57:14	457		50-54歳男子	79	
528	7025	浜野 紘一	46	男	東京都	3:21:00	0:33:15	0:10:12	1:37:11	1:00:22	458		45-49歳男子	84	
529	5080	大林 孝典	41	男	岩手県	3:21:02	0:35:51	0:07:30	1:33:31	1:04:10	459		40-44歳男子	55	
530	7122	鈴木 通衛	44	男	宮城県	3:21:22	0:40:00	0:08:12	1:32:52	1:00:18	460		40-44歳男子	56	
531	9054	吉田 英誉	39	男	東京都	3:21:39	0:32:35	0:08:10	1:37:55	1:02:59	461		35-39歳男子	47	
532	3091	福島 麦	40	男	神奈川県	3:21:45	0:38:34	0:06:36	1:30:36	1:05:59	462		40-44歳男子	57	
533	2107	川崎 潔	72	男	大阪府	3:21:53	0:32:18	0:04:47	1:44:12	1:00:36	463		70-74歳男子	8	
534	8120	和田 早永	38	男	東京都	3:21:57	0:33:29	0:07:05	1:37:34	1:03:49	464		35-39歳男子	48	
535	6072	安田 啓太	56	男	東京都	3:22:05	0:37:33	0:11:19	1:33:08	1:00:05	465		55-59歳男子	68	
536	8030	西部 秀人	47	男	岐阜県	3:22:16	0:37:28	0:08:25	1:31:53	1:04:30	466		45-49歳男子	85	
537	8124	宮下 晃一	41	男	埼玉県	3:22:21	0:42:15	0:09:34	1:31:14	0:59:18	467		40-44歳男子	58	
538	8114	小林 大起	37	男	大阪府	3:22:28	0:32:46	0:08:56	1:44:35	0:56:11	468		35-39歳男子	49	
539	23	秦 由加子	44	女	千葉県	3:22:28	0:25:52	0:06:40	1:33:35	1:16:21		71	40-44歳女子	10	
540	9059	佐野 貴紳	56	男	愛知県	3:22:38	0:41:18	0:05:38	1:32:45	1:02:57	469		55-59歳男子	69	
541	6117	池田 篤史	34	男	東京都	3:22:39	0:40:11	0:08:39	1:36:46	0:57:03	470		30-34歳男子	43	
542	6059	家住 英樹	58	男	東京都	3:22:41	0:31:59	0:06:30	1:47:58	0:56:14	471		55-59歳男子	70	
543	2081	村岸 美由貴	54	女	東京都	3:22:44	0:31:42	0:05:14	1:35:11	1:10:37		72	50-54歳女子	10	
544	9022	小倉 豪	52	男	鳥取県	3:22:49	0:42:58	0:06:57	1:37:02	0:55:52	472		50-54歳男子	80	
545	4034	木村 文隆	55	男	東京都	3:22:59	0:29:53	0:05:01	1:33:43	1:14:22	473		55-59歳男子	71	
546	4093	柴田 健	51	男	宮城県	3:23:10	0:32:41	0:06:30	1:39:22	1:04:37	474		50-54歳男子	81	
547	7078	伏見 智久	57	男	長野県	3:23:14	0:34:54	0:09:14	1:41:27	0:57:39	475		55-59歳男子	72	
548	6017	堀内 雅生	56	男	東京都	3:23:19	0:33:32	0:06:56	1:45:09	0:57:42	476		55-59歳男子	73	
549	7115	小河原 孝能	55	男	東京都	3:23:19	0:31:22	0:04:53	1:35:34	1:11:30	477		55-59歳男子	74	
550	8034	船田 悟史	50	男	東京都	3:23:29	0:38:01	0:07:26	1:23:16	1:14:46	478		50-54歳男子	82	
551	4082	吉村 元明	68	男	兵庫県	3:23:45	0:30:40	0:05:08	1:32:37	1:15:20	479		65-69歳男子	11	
552	2057	木村 明王	57	男	東京都	3:24:15	0:33:01	0:08:27	1:31:37	1:11:10	480		55-59歳男子	75	
553	3128	高見 亜紀	49	女	東京都	3:24:30	0:35:02	0:07:09	1:43:45	0:58:34		73	45-49歳女子	14	
554	4004	古澤 律子	50	女	岐阜県	3:24:33	0:30:55	0:10:42	1:45:09	0:57:47		74	50-54歳女子	11	
555	9099	小島 成介	42	男	大阪府	3:24:37	0:37:28	0:08:58	1:44:42	0:53:29	481		40-44歳男子	59	
556	3079	渡口 友理恵	37	女	沖縄県	3:24:41	0:36:10	0:06:23	1:48:30	0:53:38		75	35-39歳女子	10	
557	7130	木村 信介	48	男	大阪府	3:24:43	0:38:56	0:07:16	1:38:01	1:00:30	482		45-49歳男子	86	
558	4059	一条 厚	54	男	東京都	3:24:46	0:34:22	0:06:44	1:36:56	1:06:44	483		50-54歳男子	83	
559	6012	岡本 輝雄	56	男	福岡県	3:24:46	0:33:31	0:07:39	1:31:34	1:12:02	484		55-59歳男子	76	
560	6014	足立 淳	56	男	沖縄県	3:24:49	0:36:32	0:13:21	1:34:15	1:00:41	485		55-59歳男子	77	
561	8105	大石 翔子	33	女	東京都	3:24:53	0:28:14	0:11:30	1:41:20	1:03:49		76	30-34歳女子	4	
562	2035	内藤 保雄	69	男	長野県	3:24:59	0:27:22	0:10:59	1:26:51	1:19:47	486		65-69歳男子	12	
563	6032	岡部 哲郎	60	男	神奈川県	3:25:05	0:36:00	0:12:14	1:34:42	1:02:09	487		60-64歳男子	40	
564	6127	土田 彩佳	38	女	長野県	3:25:07	0:39:38	0:09:35	1:37:57	0:57:57		77	35-39歳女子	11	
565	4045	尾竹 紀雄	57	男	東京都	3:25:15	0:33:25	0:06:31	1:31:50	1:13:29	488		55-59歳男子	78	
566	7011	那須 綱太郎	43	男	東京都	3:25:19	0:38:31	0:11:20	1:35:06	1:00:22	489		40-44歳男子	60	
567	6122	堀口 健太	37	男	千葉県	3:25:22	0:41:54	0:05:50	1:37:50	0:59:48	490		35-39歳男子	50	
568	5035	濱崎 恵	46	女	東京都	3:25:35	0:33:08	0:07:52	1:42:05	1:02:30		78	45-49歳女子	15	
569	4031	ヨシハラ ケビン	54	男	東京都	3:25:45	0:33:22	0:07:15	1:34:36	1:10:32	491		50-54歳男子	84	
570	5053	浅井 宥樹	29	男	東京都	3:25:50	0:32:20	0:14:44	1:45:25	0:53:21	492		25-29歳男子	22	
571	7048	伊坂 宣輝	50	男	沖縄県	3:25:51	0:42:28	0:08:29	1:30:18	1:04:36	493		50-54歳男子	85	
572	7075	平野 寛造	57	男	兵庫県	3:25:53	0:43:51	0:07:32	1:32:20	1:02:10	494		55-59歳男子	79	
573	2050	大道寺 崇	53	男	福岡県	3:25:56	0:27:47	0:07:49	1:45:43	1:04:37	495		50-54歳男子	86	
574	5070	則俊 直哉	37	男	東京都	3:26:00	0:36:10	0:08:56	1:42:14	0:58:40	496		35-39歳男子	51	
575	4056	川満 陽一	59	男	沖縄県	3:26:04	0:35:42	0:04:07	1:30:28	1:15:47	497		55-59歳男子	80	
576	8013	木村 紘規	37	男	広島県	3:26:07	0:42:45	0:07:01	1:34:49	1:01:32	498		35-39歳男子	52	
577	3088	山下 洋一郎	40	男	東京都	3:26:09	0:33:03	0:05:26	1:43:21	1:04:19	499		40-44歳男子	61	
578	6116	森 謙吾	34	男	東京都	3:26:14	0:37:40	0:06:59	1:39:20	1:02:15	500		30-34歳男子	44	
579	8063	玉城 洋	61	男	沖縄県	3:26:34	0:38:02	0:07:59	1:33:38	1:06:55	501		60-64歳男子	41	
580	6096	柴田 有史	44	男	埼玉県	3:26:37	0:33:09	0:08:57	1:33:26	1:11:05	502		40-44歳男子	62	
581	6063	久住 安里	41	女	東京都	3:26:47	0:35:57	0:13:46	1:38:36	0:58:28		79	40-44歳女子	11	
582	9096	宮澤 嗣穂	30	女	山梨県	3:26:54	0:40:55	0:05:15	1:46:49	0:53:55		80	30-34歳女子	5	
583	8014	大山 一平	37	男	沖縄県	3:27:04	0:34:40	0:09:07	1:43:12	1:00:05	503		35-39歳男子	53	
584	6045	石橋 洋子	72	女	大阪府	3:27:04	0:36:32	0:06:01	1:37:58	1:06:33		81	70-74歳女子	1	
585	6003	大山 朋美	55	女	沖縄県	3:27:13	0:35:26	0:06:02	1:38:38	1:07:07		82	55-59歳女子	10	
586	6102	山田 勝弘	25	男	東京都	3:27:15	0:34:47	0:07:18	1:37:19	1:07:51	504		25-29歳男子	23	
587	3024	徳山 一	70	男	東京都	3:27:31	0:30:53	0:11:01	1:43:54	1:01:43	505		70-74歳男子	9	
588	9031	立原 真由美	55	女	東京都	3:27:35	0:34:31	0:09:28	1:37:18	1:06:18		83	55-59歳女子	11	
589	4043	櫻井 博文	56	男	神奈川県	3:27:37	0:34:40	0:07:05	1:39:44	1:06:08	506		55-59歳男子	81	
590	3050	田淵 隆太	26	男	沖縄県	3:27:50	0:43:25	0:08:38	1:36:09	0:59:38	507		25-29歳男子	24	
591	7057	有光 北斗	53	男	福岡県	3:27:54	0:47:57	0:07:36	1:30:41	1:01:40	508		50-54歳男子	87	
592	7019	鈴木 洋平	44	男	東京都	3:28:08	0:43:20	0:06:50	1:39:11	0:58:47	509		40-44歳男子	63	
593	4114	稲見 晋平	46	男	福岡県	3:28:08	0:34:56	0:09:06	1:37:18	1:06:48	510		45-49歳男子	87	
594	7037	林田 直樹	48	男	埼玉県	3:28:15	0:34:51	0:08:59	1:37:27	1:06:58	511		45-49歳男子	88	
595	7107	早崎 郁朗	72	男	福岡県	3:28:29	0:33:26	0:09:26	1:44:38	1:00:59	512		70-74歳男子	10	
596	5004	神田 秀仁	67	男	埼玉県	3:28:36	0:36:10	0:10:52	1:34:54	1:06:40	513		65-69歳男子	13	
597	5029	川嶋 隆夫	71	男	奈良県	3:28:38	0:36:15	0:10:09	1:40:32	1:01:42	514		70-74歳男子	11	
598	6105	繁本 亜弥	27	女	兵庫県	3:28:39	0:35:13	0:09:13	1:44:10	1:00:03		84	25-29歳女子	3	
599	2030	石橋 洋平	47	男	大阪府	3:28:44	0:25:50	0:06:35	1:38:31	1:17:48	515		45-49歳男子	89	
600	4081	木内 勝明	68	男	大分県	3:28:45	0:34:27	0:08:30	1:43:47	1:02:01	516		65-69歳男子	14	
601	9118	山路 博文	60	男	広島県	3:28:48	0:41:29	0:07:09	1:40:38	0:59:32	517		60-64歳男子	42	
602	6123	渡辺 貴之	37	男	東京都	3:28:58	0:41:35	0:10:16	1:32:31	1:04:36	518		35-39歳男子	54	
603	3126	長 寿美笑	49	女	福岡県	3:29:16	0:34:12	0:06:43	1:35:16	1:13:05		85	45-49歳女子	16	
604	5086	吉川 和博	43	男	富山県	3:29:18	0:31:48	0:07:56	1:42:35	1:06:59	519		40-44歳男子	64	
605	6047	伊之澤 修	73	男	千葉県	3:29:18	0:38:47	0:10:40	1:33:01	1:06:50	520		70-74歳男子	12	
606	4129	山田 文彦	60	男	福島県	3:29:23	0:35:00	0:08:22	1:35:40	1:10:21	521		60-64歳男子	43	
607	6126	楊 建晃	38	男	東京都	3:29:25	0:36:02	0:08:07	1:37:20	1:07:56	522		35-39歳男子	55	
608	3105	白川 もえぎ	46	女	東京都	3:29:30	0:33:27	0:08:02	1:45:53	1:02:08		86	45-49歳女子	17	
609	8091	高橋 修平	26	男	神奈川県	3:29:32	0:37:15	0:11:39	1:36:15	1:04:23	523		25-29歳男子	25	
610	123	池 晋一	45	男	神奈川県	3:29:46	0:34:41	0:07:23	1:42:56	1:04:46	524		45-49歳男子	90	
611	9120	麻生 幸男	54	男	静岡県	3:29:52	0:36:37	0:09:05	1:39:25	1:04:45	525		50-54歳男子	88	
612	9012	松岡 弘	48	男	岐阜県	3:29:57	0:44:42	0:09:27	1:35:25	1:00:23	526		45-49歳男子	91	
613	4063	森田 裕蔵	60	男	東京都	3:30:00	0:31:17	0:11:50	1:46:41	1:00:12	527		60-64歳男子	44	
614	3007	若槻 剛史	49	男	東京都	3:30:05	0:35:28	0:06:07	1:43:19	1:05:11	528		45-49歳男子	92	
615	6009	山本 道伸	55	男	愛知県	3:30:07	0:38:27	0:09:03	1:34:36	1:08:01	529		55-59歳男子	82	
616	7080	深谷 真見	58	男	岐阜県	3:30:07	0:38:57	0:05:31	1:32:19	1:13:20	530		55-59歳男子	83	
617	9069	土肥 大介	46	男	東京都	3:30:14	0:34:35	0:09:21	1:35:30	1:10:48	531		45-49歳男子	93	
618	6062	飯野 塁	36	男	千葉県	3:30:23	0:45:49	0:08:10	1:36:40	0:59:44	532		35-39歳男子	56	
619	4098	野口 萌美	35	女	東京都	3:30:24	0:35:30	0:12:56	1:44:38	0:57:20		87	35-39歳女子	12	
620	8090	吉田 美穂	25	女	京都府	3:30:24	0:42:14	0:06:58	1:38:09	1:03:03		88	25-29歳女子	4	
621	6058	高木 正人	71	男	大阪府	3:30:29	0:40:15	0:05:37	1:37:59	1:06:38	533		70-74歳男子	13	
622	3053	御厨 篤	27	男	佐賀県	3:30:32	0:39:18	0:05:58	1:47:33	0:57:43	534		25-29歳男子	26	
623	5044	清水 晶	55	男	神奈川県	3:30:32	0:42:31	0:08:58	1:32:35	1:06:28	535		55-59歳男子	84	
624	7105	全 平烈	67	男	東京都	3:30:39	0:36:53	0:09:52	1:45:38	0:58:16	536		65-69歳男子	15	
625	2018	小笠原 宏之	60	男	大阪府	3:30:42	0:25:53	0:06:23	1:45:26	1:13:00	537		60-64歳男子	45	
626	9014	宮原 一成	50	男	静岡県	3:30:43	0:34:50	0:14:31	1:33:10	1:08:12	538		50-54歳男子	89	
627	6015	旗生 剛	56	男	東京都	3:30:45	0:32:11	0:08:43	1:40:42	1:09:09	539		55-59歳男子	85	
628	4073	小林 誠一	63	男	東京都	3:30:51	0:33:28	0:07:26	1:37:49	1:12:08	540		60-64歳男子	46	
629	5061	齋藤 凌	32	男	東京都	3:31:07	0:33:20	0:08:11	1:39:08	1:10:28	541		30-34歳男子	45	
630	4020	秋山 裕一	52	男	岡山県	3:31:08	0:39:24	0:08:01	1:39:43	1:04:00	542		50-54歳男子	90	
631	3040	半田 智美	53	女	神奈川県	3:31:12	0:36:30	0:07:36	1:47:25	0:59:41		89	50-54歳女子	12	
632	4071	清水 幸一郎	61	男	東京都	3:31:14	0:31:17	0:12:29	1:36:48	1:10:40	543		60-64歳男子	47	
633	9026	山田 直広	53	男	東京都	3:31:15	0:36:26	0:11:53	1:42:37	1:00:19	544		50-54歳男子	91	
634	9089	水島 太郎	47	男	東京都	3:31:27	0:40:25	0:16:03	1:36:24	0:58:35	545		45-49歳男子	94	
635	4090	南 志麻子	49	女	東京都	3:31:30	0:33:23	0:05:46	1:45:34	1:06:47		90	45-49歳女子	18	
636	5057	金子 広樹	31	男	埼玉県	3:31:32	0:41:07	0:04:48	1:44:04	1:01:33	546		30-34歳男子	46	
637	9024	武井 正美	53	女	神奈川県	3:31:44	0:46:56	0:07:39	1:40:35	0:56:34		91	50-54歳女子	13	
638	8004	林 英誉	31	男	兵庫県	3:31:45	0:39:19	0:07:53	1:39:47	1:04:46	547		30-34歳男子	47	
639	8039	中嶋 雄	51	男	静岡県	3:31:46	0:39:33	0:06:15	1:37:35	1:08:23	548		50-54歳男子	92	
640	4032	磯田 伸二	54	男	東京都	3:31:52	0:32:04	0:09:05	1:36:30	1:14:13	549		50-54歳男子	93	
641	2017	好川 弘一	60	男	東京都	3:31:54	0:27:35	0:05:11	1:31:58	1:27:10	550		60-64歳男子	48	
642	2029	宮本 リエコ	49	女	東京都	3:31:56	0:30:02	0:06:52	1:53:25	1:01:37		92	45-49歳女子	19	
643	8128	羽田野 雄一	42	男	神奈川県	3:32:02	0:35:07	0:07:51	1:44:00	1:05:04	551		40-44歳男子	65	
644	7009	井上 健太郎	43	男	福岡県	3:32:03	0:37:23	0:07:19	1:38:33	1:08:48	552		40-44歳男子	66	
645	5050	入山 和士	22	男	愛知県	3:32:09	0:42:04	0:08:43	1:35:34	1:05:48	553		20-24歳男子	7		
646	9028	桑原 貴洋	54	男	佐賀県	3:32:12	0:50:35	0:09:08	1:31:53	1:00:36	554		50-54歳男子	94	
647	5036	吉川 誠	53	男	愛知県	3:32:19	0:42:15	0:09:19	1:31:29	1:09:16	555		50-54歳男子	95	
648	5113	金澤 憲吾	50	男	東京都	3:32:23	0:36:13	0:10:11	1:45:06	1:00:53	556		50-54歳男子	96	
649	5083	井田 浩一	42	男	大阪府	3:32:35	0:38:30	0:07:51	1:43:20	1:02:54	557		40-44歳男子	67	
650	8100	野村 悠吏	31	男	兵庫県	3:32:35	0:37:24	0:09:46	1:34:26	1:10:59	558		30-34歳男子	48	
651	4120	近藤 芳仁	55	男	愛媛県	3:32:37	0:37:59	0:08:47	1:34:36	1:11:15	559		55-59歳男子	86	
652	7051	笠木 泰範	51	男	東京都	3:32:41	0:39:31	0:10:08	1:41:23	1:01:39	560		50-54歳男子	97	
653	7128	我孫子 太一	28	男	東京都	3:32:48	0:36:26	0:08:26	1:52:07	0:55:49	561		25-29歳男子	27	
654	6085	丸山 哲生	65	男	茨城県	3:32:57	0:40:54	0:08:01	1:33:48	1:10:14	562		65-69歳男子	16	
655	4067	岩渕 明	60	男	福岡県	3:33:03	0:39:55	0:11:32	1:31:30	1:10:06	563		60-64歳男子	49	
656	3049	永松 実久	24	女	沖縄県	3:33:16	0:36:51	0:07:07	1:46:52	1:02:26		93	20-24歳女子	2	
657	8102	金野 敬人	32	男	茨城県	3:33:19	0:44:31	0:09:56	1:37:20	1:01:32	564		30-34歳男子	49	
658	6055	吉橋 久美子	56	女	東京都	3:33:21	0:32:47	0:07:06	1:40:54	1:12:34		94	55-59歳女子	12	
659	9013	底田 辰之	49	男	滋賀県	3:33:22	0:35:20	0:11:26	1:44:17	1:02:19	565		45-49歳男子	95	
660	8089	船水 陽宇	25	男	東京都	3:33:23	0:37:58	0:12:32	1:34:27	1:08:26	566		25-29歳男子	28	
661	7065	柴田 清人	55	男	東京都	3:33:26	0:35:32	0:08:19	1:36:59	1:12:36	567		55-59歳男子	87	
662	7123	赤地 悠清	23	男	京都府	3:33:37	0:49:46	0:07:07	1:35:39	1:01:05	568		20-24歳男子	8	
663	7055	原田 実	52	男	大阪府	3:33:41	0:35:13	0:04:55	1:40:04	1:13:29	569		50-54歳男子	98	
664	7081	山田 佳奈	58	女	福島県	3:33:48	0:36:02	0:06:00	1:39:45	1:12:01		95	55-59歳女子	13	
665	3078	伊藤 祐介	37	男	東京都	3:33:54	0:29:10	0:07:44	1:46:51	1:10:09	570		35-39歳男子	57	
666	8110	柴 圭祐	35	男	長野県	3:34:10	0:40:47	0:19:50	1:32:43	1:00:50	571		35-39歳男子	58	
667	9061	渡辺 彰信	62	男	東京都	3:34:15	0:47:06	0:10:41	1:30:47	1:05:41	572		60-64歳男子	50	
668	8025	道面 弘樹	45	男	広島県	3:34:18	0:33:38	0:11:24	1:38:59	1:10:17	573		45-49歳男子	96	
669	6088	上田 潤之助	70	男	奈良県	3:34:19	0:38:31	0:10:36	1:38:01	1:07:11	574		70-74歳男子	14	
670	6071	乾 康之	57	男	東京都	3:34:24	0:36:51	0:09:09	1:35:03	1:13:21	575		55-59歳男子	88	
671	6076	松本 貴誠	44	男	大阪府	3:34:25	0:40:09	0:10:55	1:34:39	1:08:42	576		40-44歳男子	68	
672	4013	羽鳥 和加子	52	女	東京都	3:34:28	0:39:23	0:09:44	1:34:52	1:10:29		96	50-54歳女子	14	
673	9016	石田 健亮	51	男	神奈川県	3:34:31	0:44:23	0:05:26	1:45:43	0:58:59	577		50-54歳男子	99	
674	5023	古川 昭浩	57	男	愛知県	3:34:33	0:37:52	0:07:30	1:36:43	1:12:28	578		55-59歳男子	89	
675	7070	岡本 浩一郎	56	男	神奈川県	3:34:47	0:38:25	0:14:15	1:37:19	1:04:48	579		55-59歳男子	90	
676	8103	地代所 悟	33	男	埼玉県	3:34:50	0:37:21	0:17:05	1:44:55	0:55:29	580		30-34歳男子	50	
677	4047	山崎 聡美	57	女	宮城県	3:34:51	0:30:40	0:04:46	1:44:59	1:14:26		97	55-59歳女子	14	
678	9049	鍋田 一樹	30	男	東京都	3:34:57	0:39:49	0:11:22	1:43:48	0:59:58	581		30-34歳男子	51	
679	9018	神嵜 佳子	51	女	大阪府	3:35:00	0:36:24	0:10:52	1:45:26	1:02:18		98	50-54歳女子	15	
680	8007	森保 太貴	32	男	東京都	3:35:08	0:37:08	0:08:06	1:51:56	0:57:58	582		30-34歳男子	52	
681	6023	田中 広一	57	男	神奈川県	3:35:09	0:35:47	0:07:57	1:33:52	1:17:33	583		55-59歳男子	91	
682	8057	大塚 友乃	57	女	東京都	3:35:11	0:29:28	0:08:49	1:52:19	1:04:35		99	55-59歳女子	15	
683	2003	籾山 綾子	51	女	沖縄県	3:35:34	0:29:13	0:07:58	1:51:50	1:06:33		100	50-54歳女子	16	
684	4096	奥平 幸司	56	男	沖縄県	3:35:48	0:35:26	0:11:08	1:42:08	1:07:06	584		55-59歳男子	92	
685	8021	辻野 志保	43	女	大阪府	3:35:54	0:36:27	0:07:28	1:40:39	1:11:20		101	40-44歳女子	12	
686	3044	渡邊 誠	63	男	千葉県	3:36:04	0:29:02	0:07:13	1:46:39	1:13:10	585		60-64歳男子	51	
687	6025	木村 聡	58	男	沖縄県	3:36:08	0:39:39	0:09:08	1:33:19	1:14:02	586		55-59歳男子	93	
688	8129	須田 直哉	43	男	東京都	3:36:08	0:34:50	0:07:58	1:45:23	1:07:57	587		40-44歳男子	69	
689	2092	廣田 麻実	47	女	沖縄県	3:36:13	0:30:44	0:06:55	1:52:54	1:05:40		102	45-49歳女子	20	
690	9037	谷口 精一	61	男	大阪府	3:36:19	0:43:06	0:07:42	1:48:54	0:56:37	588		60-64歳男子	52	
691	6044	昌子 一郎	70	男	島根県	3:36:30	0:34:41	0:06:08	1:55:09	1:00:32	589		70-74歳男子	15	
692	8032	浅野 通友	49	男	埼玉県	3:36:33	0:35:39	0:08:28	1:38:30	1:13:56	590		45-49歳男子	97	
693	6005	渡辺 高志	55	男	長野県	3:36:45	0:47:17	0:11:47	1:29:04	1:08:37	591		55-59歳男子	94	
694	3060	四方 実花	30	女	兵庫県	3:36:47	0:35:50	0:07:54	1:41:40	1:11:23		103	30-34歳女子	6	
695	6097	林 清永	47	男	長野県	3:36:49	0:35:49	0:07:41	1:31:11	1:22:08	592		45-49歳男子	98	
696	8041	堀田 政宏	51	男	愛知県	3:37:02	0:41:06	0:06:42	1:45:36	1:03:38	593		50-54歳男子	100	
697	8093	小川 航史	27	男	東京都	3:37:20	0:45:22	0:06:25	1:45:57	0:59:36	594		25-29歳男子	29	
698	4089	遠藤 剛	73	男	新潟県	3:37:29	0:33:35	0:09:14	1:38:39	1:16:01	595		70-74歳男子	16	
699	5028	金城 盛和	65	男	沖縄県	3:37:39	0:46:22	0:09:54	1:37:32	1:03:51	596		65-69歳男子	17	
700	6026	岩崎 基造	58	男	大阪府	3:37:41	0:33:28	0:08:21	1:49:42	1:06:10	597		55-59歳男子	95	
701	8028	新藤 孝暢	45	男	福岡県	3:37:53	0:44:43	0:09:02	1:37:55	1:06:13	598		45-49歳男子	99	
702	5133	本城 和義	54	男	東京都	3:37:55	0:37:04	0:11:18	1:36:51	1:12:42	599		50-54歳男子	101	
703	8015	田島 大資	37	男	埼玉県	3:37:59	0:40:18	0:11:18	1:47:23	0:59:00	600		35-39歳男子	59	
704	7106	林 哲也	68	男	香川県	3:38:13	0:38:30	0:09:06	1:33:55	1:16:42	601		65-69歳男子	18	
705	5091	森田 善仁	44	男	東京都	3:38:20	0:36:21	0:11:04	1:49:01	1:01:54	602		40-44歳男子	70	
706	9056	渋谷 至	41	男	静岡県	3:38:37	0:42:02	0:13:44	1:37:53	1:04:58	603		40-44歳男子	71	
707	4057	杉澤 正也	59	男	東京都	3:38:49	0:28:00	0:10:48	1:44:59	1:15:02	604		55-59歳男子	96	
708	9043	田中 桂太	33	男	東京都	3:39:02	0:50:10	0:06:18	1:40:28	1:02:06	605		30-34歳男子	53	
709	7084	戸田 まゆみ	59	女	奈良県	3:39:03	0:37:36	0:10:40	1:47:56	1:02:51		104	55-59歳女子	16	
710	9002	森川 日出男	45	男	東京都	3:39:06	0:42:54	0:08:54	1:42:08	1:05:10	606		45-49歳男子	100	
711	4069	岩田 英之	61	男	東京都	3:39:13	0:35:21	0:08:33	1:37:23	1:17:56	607		60-64歳男子	53	
712	3058	武内 優和	29	男	東京都	3:39:15	0:38:29	0:06:58	1:43:32	1:10:16	608		25-29歳男子	30	
713	7023	塩谷 雅子	45	女	東京都	3:39:20	0:39:38	0:08:35	1:48:50	1:02:17		105	45-49歳女子	21	
714	4027	田副 史貴	53	男	愛知県	3:39:28	0:34:26	0:07:02	1:44:13	1:13:47	609		50-54歳男子	102	
715	5011	津川 雅樹	30	男	東京都	3:39:28	0:33:27	0:07:37	1:53:29	1:04:55	610		30-34歳男子	54	
716	7056	深見 幸平	53	男	福岡県	3:39:29	0:36:45	0:13:37	1:38:12	1:10:55	611		50-54歳男子	103	
717	7126	須田 遼太郎	28	男	東京都	3:39:30	0:33:33	0:11:28	1:33:08	1:21:21	612		25-29歳男子	31	
718	6103	古屋 慧	26	男	東京都	3:39:42	0:49:57	0:06:54	1:42:11	1:00:40	613		25-29歳男子	32	
719	7102	湯浅 和己	66	男	東京都	3:39:46	0:46:45	0:07:11	1:38:37	1:07:13	614		65-69歳男子	19	
720	8087	四方 寿	31	男	兵庫県	3:40:03	0:47:56	0:05:17	1:43:28	1:03:22	615		30-34歳男子	55	
721	8115	安濃 一史	37	男	東京都	3:40:07	0:45:13	0:07:18	1:41:19	1:06:17	616		35-39歳男子	60	
722	7103	大島 昇	67	男	埼玉県	3:40:09	0:35:14	0:10:15	1:47:05	1:07:35	617		65-69歳男子	20	
723	6115	田中 修人	34	男	神奈川県	3:40:12	0:30:20	0:07:41	1:42:08	1:20:03	618		30-34歳男子	56	
724	5132	池永 薫	54	男	東京都	3:40:13	0:37:34	0:07:32	1:48:07	1:07:00	619		50-54歳男子	104	
725	5097	森田 式子	46	女	愛知県	3:40:28	0:38:35	0:07:25	1:44:17	1:10:11		106	45-49歳女子	22	
726	8050	小泉 美枝子	53	女	埼玉県	3:40:36	0:37:31	0:06:33	1:44:14	1:12:18		107	50-54歳女子	17	
727	3052	大沢 公亮	27	男	東京都	3:40:48	0:35:42	0:07:22	1:40:00	1:17:44	620		25-29歳男子	33	
728	8052	二村 芳光	54	男	愛知県	3:40:53	0:37:50	0:13:55	1:44:24	1:04:44	621		50-54歳男子	105	
729	8044	金沢 紀子	52	女	島根県	3:41:09	0:36:30	0:10:26	1:45:41	1:08:32		108	50-54歳女子	18	
730	4048	宮島 章子	57	女	東京都	3:41:16	0:35:34	0:10:28	1:51:24	1:03:50		109	55-59歳女子	17	
731	9095	市村 裕章	31	男	東京都	3:41:18	0:34:21	0:18:38	1:43:21	1:04:58	622		30-34歳男子	57	
732	6053	森 美樹	57	女	奈良県	3:41:25	0:34:37	0:09:45	1:47:03	1:10:00		110	55-59歳女子	18	
733	4064	福間 純	60	男	東京都	3:41:31	0:28:20	0:09:04	1:42:41	1:21:26	623		60-64歳男子	54	
734	7087	鵜飼 隆司	61	男	岐阜県	3:41:37	0:41:17	0:08:52	1:37:38	1:13:50	624		60-64歳男子	55	
735	6128	ペドゥソー オリヴィエ健マーセル	39	男	東京都	3:41:48	0:37:19	0:11:19	1:52:00	1:01:10	625		35-39歳男子	61	
736	5081	村谷 一成	42	男	東京都	3:41:56	0:41:51	0:11:23	1:39:29	1:09:13	626		40-44歳男子	72	
737	2091	大橋 高絵	45	女	岐阜県	3:41:59	0:30:50	0:06:41	1:42:05	1:22:23		111	45-49歳女子	23	
738	9073	川島 徳高	51	男	東京都	3:42:06	0:46:29	0:12:22	1:35:31	1:07:44	627		50-54歳男子	106	
739	35	下島 聡	54	男	長野県	3:42:07	0:41:20	0:08:52	1:42:57	1:08:58	628		50-54歳男子	107	
740	8051	吉牟田 龍司	54	男	沖縄県	3:42:14	0:37:28	0:08:20	1:44:10	1:12:16	629		50-54歳男子	108	
741	6029	松川 康範	60	男	沖縄県	3:42:32	0:36:47	0:09:11	1:39:35	1:16:59	630		60-64歳男子	56	
742	5042	小浦 修	52	男	和歌山県	3:42:39	0:36:24	0:05:26	1:41:15	1:19:34	631		50-54歳男子	109	
743	6075	佐伯 謙	42	男	東京都	3:42:45	0:40:06	0:08:58	1:46:11	1:07:30	632		40-44歳男子	73	
744	5131	松井 淑子	54	女	大阪府	3:42:46	0:40:44	0:08:11	1:41:16	1:12:35		112	50-54歳女子	19	
745	5027	岩室 哲司	67	男	大阪府	3:43:02	0:40:13	0:11:05	1:34:07	1:17:37	633		65-69歳男子	21	
746	3036	藤原 元	68	男	兵庫県	3:43:08	0:32:25	0:06:21	1:53:42	1:10:40	634		65-69歳男子	22	
747	9033	小林 信也	56	男	神奈川県	3:43:16	0:53:12	0:07:38	1:41:20	1:01:06	635		55-59歳男子	97	
748	2054	川原 陽一郎	55	男	鹿児島県	3:43:22	0:31:38	0:05:43	2:01:55	1:04:06	636		55-59歳男子	98	
749	6036	梶川 彰三	62	男	大阪府	3:43:30	0:34:23	0:09:30	1:35:09	1:24:28	637		60-64歳男子	57	
750	3042	吉岡 辰夫	61	男	愛知県	3:43:46	0:32:05	0:10:58	1:37:29	1:23:14	638		60-64歳男子	58	
751	9030	中村 真実	55	女	大阪府	3:43:55	0:33:38	0:06:29	1:41:58	1:21:50		113	55-59歳女子	19	
752	6039	藤崎 徳弘	65	男	千葉県	3:44:02	0:36:34	0:10:20	1:49:30	1:07:38	639		65-69歳男子	23	
753	6035	長岡 正明	62	男	埼玉県	3:44:03	0:35:10	0:08:44	1:48:36	1:11:33	640		60-64歳男子	59	
754	5106	齋藤 孝司	48	男	愛知県	3:44:04	0:36:58	0:07:07	1:25:04	1:34:55	641		45-49歳男子	101	
755	4112	宮良 陽一	43	男	沖縄県	3:44:08	0:39:41	0:11:32	1:50:16	1:02:39	642		40-44歳男子	74	
756	8074	小島 京子	22	女	兵庫県	3:44:08	0:34:08	0:08:00	1:48:56	1:13:04		114	20-24歳女子	3	
757	8009	野本 幸宏	33	男	東京都	3:44:24	0:32:35	0:11:30	1:47:06	1:13:13	643		30-34歳男子	58	
758	9060	渡部 慎	57	男	兵庫県	3:44:26	0:36:41	0:08:36	1:43:40	1:15:29	644		55-59歳男子	99	
759	6082	鶴丸 倫太郎	56	男	東京都	3:44:27	0:38:00	0:06:20	1:43:42	1:16:25	645		55-59歳男子	100	
760	3097	? 昭統	43	男	Chinese Tipei	3:44:27	0:36:02	0:06:26	1:40:28	1:21:31	646		40-44歳男子	75	
761	6081	小西 和隆	58	男	沖縄県	3:44:45	0:45:11	0:09:31	1:39:49	1:10:14	647		55-59歳男子	101	
762	7076	町田 俊子	57	女	群馬県	3:45:05	0:36:13	0:10:07	1:48:20	1:10:25		115	55-59歳女子	20	
763	5122	谷口 正俊	52	男	東京都	3:45:09	0:29:17	0:08:46	1:48:02	1:19:04	648		50-54歳男子	110	
764	8111	カピス 健人	35	男	東京都	3:45:15	0:46:57	0:08:06	1:36:42	1:13:30	649		35-39歳男子	62	
765	4088	古賀 弘	73	男	福岡県	3:45:25	0:38:19	0:06:39	1:37:36	1:22:51	650		70-74歳男子	17	
766	5066	笠原 拓馬	35	男	愛知県	3:45:40	0:38:00	0:08:02	1:48:06	1:11:32	651		35-39歳男子	63	
767	5125	大山 哲生	53	男	沖縄県	3:45:41	0:38:53	0:08:19	1:44:51	1:13:38	652		50-54歳男子	111	
768	7021	田中 秀典	45	男	沖縄県	3:45:42	0:35:58	0:06:26	1:49:01	1:14:17	653		45-49歳男子	102	
769	126	鈴木 昭宏	47	男	山形県	3:45:53	0:25:46	0:09:30	2:02:20	1:08:17	654		45-49歳男子	103	
770	8097	大南 修一	29	男	大阪府	3:46:02	0:41:41	0:14:53	1:48:44	1:00:44	655		25-29歳男子	34	
771	7093	新倉 猛志	63	男	東京都	3:46:08	0:34:40	0:10:17	1:44:38	1:16:33	656		60-64歳男子	60	
772	6004	平良 静男	55	男	沖縄県	3:46:33	0:35:57	0:06:44	1:38:03	1:25:49	657		55-59歳男子	102	
773	9008	大江 佐和	46	女	和歌山県	3:46:36	0:42:59	0:09:50	1:41:01	1:12:46		116	45-49歳女子	24	
774	8036	小湊 章	50	男	東京都	3:46:41	0:52:16	0:10:36	1:40:14	1:03:35	658		50-54歳男子	112	
775	9044	宮里 裕樹	42	男	東京都	3:46:46	0:40:56	0:15:09	1:43:02	1:07:39	659		40-44歳男子	76	
776	7104	石川 倫章	67	男	埼玉県	3:46:55	0:42:19	0:08:05	1:38:30	1:18:01	660		65-69歳男子	24	
777	5043	富田 愛子	51	女	沖縄県	3:47:02	0:31:50	0:10:19	1:52:44	1:12:09		117	50-54歳女子	20	
778	8019	比嘉 慎一郎	40	男	千葉県	3:47:04	0:56:42	0:10:37	1:42:30	0:57:15	661		40-44歳男子	77	
779	9048	櫻井 志保	27	女	東京都	3:47:18	0:33:19	0:08:44	1:53:39	1:11:36		118	25-29歳女子	5	
780	5124	染谷 尚康	53	男	埼玉県	3:47:27	0:40:32	0:05:26	1:44:55	1:16:34	662		50-54歳男子	113	
781	9076	安藤 弘輝	37	男	東京都	3:47:30	0:43:59	0:11:37	1:55:17	0:56:37	663		35-39歳男子	64	
782	9101	吉川 翔	43	男	岡山県	3:47:34	0:49:24	0:09:56	1:45:50	1:02:24	664		40-44歳男子	78	
783	7064	松本 英理	55	男	大阪府	3:47:34	0:41:15	0:09:33	1:39:46	1:17:00	665		55-59歳男子	103	
784	6031	村松 宏	60	男	東京都	3:47:38	0:34:46	0:14:36	1:44:40	1:13:36	666		60-64歳男子	61	
785	7079	上村 永晃	58	男	沖縄県	3:47:52	0:39:14	0:07:13	1:56:22	1:05:03	667		55-59歳男子	104	
786	9086	久保 勇太	39	男	新潟県	3:47:52	0:43:45	0:16:04	1:47:32	1:00:31	668		35-39歳男子	65	
787	5021	八田 知加	56	女	滋賀県	3:47:58	0:35:01	0:07:22	2:00:37	1:04:58		119	55-59歳女子	21	
788	81	松井 伸一郎	61	男	東京都	3:48:02	0:29:10	0:06:31	1:48:56	1:23:25	669		60-64歳男子	62	
789	9027	松岡 洋良	53	男	岐阜県	3:48:02	0:51:08	0:08:56	1:33:37	1:14:21	670		50-54歳男子	114	
790	7101	大滝 祐吉	66	男	長野県	3:48:16	0:39:31	0:07:58	1:41:53	1:18:54	671		65-69歳男子	25	
791	7061	土屋 俊英	54	男	長野県	3:48:16	0:45:28	0:08:51	1:35:05	1:18:52	672		50-54歳男子	115	
792	8046	児玉 恩	52	女	栃木県	3:48:18	0:46:05	0:11:30	1:44:54	1:05:49		120	50-54歳女子	21	
793	3059	西岡 健斗	29	男	東京都	3:48:39	0:32:03	0:06:48	1:50:14	1:19:34	673		25-29歳男子	35	
794	7032	谷本 俊一	47	男	神奈川県	3:48:47	0:40:40	0:08:18	1:40:50	1:18:59	674		45-49歳男子	104	
795	9084	山口 愛音	30	女	東京都	3:48:50	0:40:56	0:06:10	1:50:53	1:10:51		121	30-34歳女子	7	
796	7038	深牧 久恵	48	女	静岡県	3:49:00	0:37:33	0:08:33	1:55:11	1:07:43		122	45-49歳女子	25	
797	6033	一宮 修	61	男	愛知県	3:49:24	0:43:32	0:06:14	1:46:43	1:12:55	675		60-64歳男子	63	
798	6107	菅沼 彩花	27	女	東京都	3:49:30	0:33:09	0:08:43	1:50:01	1:17:37		123	25-29歳女子	6	
799	7003	井藤 萌	41	女	東京都	3:49:33	0:41:01	0:12:16	1:50:28	1:05:48		124	40-44歳女子	13	
800	7120	寺脇 佳秀	66	男	静岡県	3:49:43	0:43:52	0:09:40	1:38:34	1:17:37	676		65-69歳男子	26	
801	4023	山本 篤廣	53	男	東京都	3:49:57	0:41:59	0:07:44	1:48:32	1:11:42	677		50-54歳男子	116	
802	8117	内本 純司	38	男	大阪府	3:50:06	0:47:00	0:08:20	1:44:53	1:09:53	678		35-39歳男子	66	
803	3100	生盛 隼	45	男	沖縄県	3:50:11	0:33:06	0:09:34	1:44:48	1:22:43	679		45-49歳男子	105	
804	3094	生盛 かおり	42	女	沖縄県	3:50:11	0:31:55	0:07:08	1:54:38	1:16:30		125	40-44歳女子	14	
805	6119	沈 家春	36	男	東京都	3:50:21	0:40:37	0:06:28	1:49:43	1:13:33	680		35-39歳男子	67	
806	6090	梶田 智裕	48	男	愛知県	3:50:22	0:40:21	0:09:39	1:42:29	1:17:53	681		45-49歳男子	106	
807	8079	和田 典子	58	女	東京都	3:50:27	0:39:09	0:08:42	1:51:38	1:10:58		126	55-59歳女子	22	
808	9074	川平 敦	51	男	沖縄県	3:51:00	0:56:01	0:07:28	1:37:57	1:09:34	682		50-54歳男子	117	
809	5090	古川 徳厚	44	男	東京都	3:51:08	0:50:11	0:07:13	1:39:43	1:14:01	683		40-44歳男子	79	
810	9047	高橋 和宏	40	男	山梨県	3:51:14	0:42:38	0:07:40	1:41:30	1:19:26	684		40-44歳男子	80	
811	7091	狩俣 武市	63	男	沖縄県	3:51:21	0:43:47	0:09:54	1:40:47	1:16:53	685		60-64歳男子	64	
812	8043	園田 進	52	男	沖縄県	3:51:21	0:34:43	0:09:40	1:33:48	1:33:10	686		50-54歳男子	118	
813	9046	藤林 保信	62	男	神奈川県	3:51:25	0:52:25	0:12:17	1:37:35	1:09:08	687		60-64歳男子	65	
814	9067	首藤 優希	33	男	東京都	3:51:34	0:47:54	0:06:42	1:43:21	1:13:37	688		30-34歳男子	59	
815	2111	Aitchison Iain	73	男	沖縄県	3:51:34	0:33:25	0:10:22	1:24:31	1:43:16	689		70-74歳男子	18	
816	4122	堀口 紫	60	女	東京都	3:51:41	0:32:52	0:09:29	1:51:07	1:18:13		127	60-64歳女子	9	
817	9075	小柳 健二郎	50	男	東京都	3:52:30	0:38:01	0:20:37	1:31:07	1:22:45	690		50-54歳男子	119	
818	6111	國廣 裕貴	31	男	東京都	3:52:35	0:47:49	0:10:58	1:47:34	1:06:14	691		30-34歳男子	60	
819	7077	安和 秀剛	57	男	沖縄県	3:52:36	0:57:54	0:08:28	1:47:54	0:58:20	692		55-59歳男子	105	
820	4062	落合 広志	61	男	千葉県	3:52:38	0:47:42	0:07:58	1:39:30	1:17:28	693		60-64歳男子	66	
821	8053	河口 智博	55	男	兵庫県	3:52:39	0:31:23	0:08:47	1:46:41	1:25:48	694		55-59歳男子	106	
822	6057	山田 修	67	男	長野県	3:52:59	0:41:53	0:04:59	1:53:17	1:12:50	695		65-69歳男子	27	
823	7094	中塚 賢	63	男	大阪府	3:53:05	0:52:51	0:09:42	1:39:09	1:11:23	696		60-64歳男子	67	
824	9040	中野 義太郎	69	男	静岡県	3:53:06	0:42:14	0:08:20	1:44:06	1:18:26	697		65-69歳男子	28	
825	6087	中條 雅史	65	男	北海道	3:53:18	0:43:43	0:10:36	1:49:04	1:09:55	698		65-69歳男子	29	
826	6052	謝敷 さやか	47	女	沖縄県	3:53:24	0:36:54	0:09:33	1:54:49	1:12:08		128	45-49歳女子	26	
827	8054	関根 江里子	55	女	埼玉県	3:53:24	0:52:51	0:09:09	1:44:14	1:07:10		129	55-59歳女子	23	
828	6121	野原 由里子	37	女	沖縄県	3:53:29	0:42:35	0:10:54	1:47:06	1:12:54		130	35-39歳女子	13	
829	8125	浦野 晋宏	41	男	東京都	3:53:45	0:46:30	0:12:27	1:45:29	1:09:19	699		40-44歳男子	81	
830	7095	石田 浩一	63	男	東京都	3:54:19	0:36:18	0:07:07	2:00:35	1:10:19	700		60-64歳男子	68	
831	9081	谷口 燿子	31	女	山梨県	3:54:27	0:42:18	0:10:43	1:50:29	1:10:57		131	30-34歳女子	8	
832	9094	中西 藍	34	女	東京都	3:54:36	0:39:23	0:10:31	1:54:13	1:10:29		132	30-34歳女子	9	
833	2110	角田 隆志	74	男	大阪府	3:54:36	0:35:11	0:09:07	1:37:50	1:32:28	701		70-74歳男子	19	
834	9115	宮城 康幸	44	男	鹿児島県	3:54:55	0:55:25	0:08:38	1:40:11	1:10:41	702		40-44歳男子	82	
835	5069	小西 洋惠	37	女	埼玉県	3:55:05	0:40:32	0:11:55	1:53:54	1:08:44		133	35-39歳女子	14	
836	8094	杉浦 圭吾	27	男	愛知県	3:55:07	0:39:16	0:14:18	1:53:24	1:08:09	703		25-29歳男子	36	
837	9050	長野 将吾	34	男	東京都	3:55:28	0:48:27	0:08:31	1:51:36	1:06:54	704		30-34歳男子	61	
838	8121	奥島 香菜子	39	女	東京都	3:55:49	0:40:35	0:12:01	1:58:25	1:04:48		134	35-39歳女子	15	
839	9011	加藤 孝之	46	男	東京都	3:55:55	0:58:08	0:06:41	1:45:25	1:05:41	705		45-49歳男子	107	
840	5018	宮尾 由起	51	女	和歌山県	3:55:57	0:38:45	0:09:06	1:53:49	1:14:17		135	50-54歳女子	22	
841	9116	瀧 隆太	52	男	兵庫県	3:55:59	0:45:58	0:09:31	1:44:49	1:15:41	706		50-54歳男子	120	
842	9017	尾上 友紀	51	女	東京都	3:56:14	0:51:23	0:05:11	1:55:37	1:04:03		136	50-54歳女子	23	
843	4086	中軽米 憲哉	72	男	東京都	3:56:23	0:34:05	0:06:02	1:55:39	1:20:37	707		70-74歳男子	20	
844	9025	鈴木 聡	53	男	東京都	3:56:38	0:42:30	0:08:36	1:52:07	1:13:25	708		50-54歳男子	121	
845	8018	阪口 直也	40	男	China	3:57:30	0:39:05	0:07:42	2:05:32	1:05:11	709		40-44歳男子	83	
846	6054	木村 憲司	56	男	愛知県	3:57:48	0:38:33	0:08:36	1:51:11	1:19:28	710		55-59歳男子	107	
847	8068	菅原 圭一	64	男	岩手県	3:57:55	0:37:00	0:10:15	1:40:37	1:30:03	711		60-64歳男子	69	
848	7114	久保田 剛二	58	男	兵庫県	3:58:09	0:49:30	0:07:31	1:43:36	1:17:32	712		55-59歳男子	108	
849	7119	伊賀 正	55	男	兵庫県	3:58:09	0:35:35	0:09:39	1:49:41	1:23:14	713		55-59歳男子	109	
850	7090	亀田 清重	62	男	神奈川県	3:58:24	0:40:15	0:13:48	1:51:13	1:13:08	714		60-64歳男子	70	
851	8066	寺田 孝雄	63	男	東京都	3:59:01	0:38:16	0:13:15	2:02:39	1:04:51	715		60-64歳男子	71	
852	3008	棚網 恵理	52	女	東京都	3:59:13	0:28:56	0:11:09	1:47:29	1:31:39		137	50-54歳女子	24	
853	8016	矢部 陽子	38	女	千葉県	3:59:14	0:48:08	0:06:07	1:52:38	1:12:21		138	35-39歳女子	16	
854	9102	徳田 佳央理	41	女	静岡県	3:59:23	0:43:37	0:11:22	1:53:09	1:11:15		139	40-44歳女子	15	
855	8011	赤﨑 絵美	35	女	東京都	3:59:28	0:42:26	0:10:32	1:59:37	1:06:53		140	35-39歳女子	17	
856	6079	KUSUMI ATSUMI	53	女	東京都	3:59:31	0:50:47	0:08:40	1:52:05	1:07:59		141	50-54歳女子	25	
857	8072	小杉 博	76	男	東京都	3:59:37	0:42:41	0:11:27	1:44:27	1:21:02	716		75-79歳男子	1	
858	5076	グエンズオン デュックロベルト一	40	男	東京都	3:59:40	0:45:42	0:08:28	1:55:11	1:10:19	717		40-44歳男子	84	
859	8077	岩永 祐介	38	男	東京都	3:59:42	0:39:54	0:12:45	1:53:38	1:13:25	718		35-39歳男子	68	
860	4049	村山 義人	57	男	神奈川県	3:59:43	0:34:55	0:08:25	1:58:01	1:18:22	719		55-59歳男子	110	
861	9019	笠原 大地	51	男	愛知県	3:59:45	0:37:27	0:09:34	1:55:49	1:16:55	720		50-54歳男子	122	
862	9006	笠原 元樹	45	男	愛知県	3:59:45	0:43:19	0:09:38	1:47:10	1:19:38	721		45-49歳男子	108	
863	9045	坂 佳三	55	男	埼玉県	3:59:54	0:47:56	0:10:10	1:45:14	1:16:34	722		55-59歳男子	111	
864	7089	松島 億	62	男	東京都	3:59:59	0:43:08	0:09:33	1:42:34	1:24:44	723		60-64歳男子	72	
865	8107	木村 栞里	34	女	兵庫県	4:01:09	0:44:09	0:13:46	1:46:52	1:16:22		142	30-34歳女子	10	
866	8037	池田 修三	51	男	長崎県	4:01:33	0:39:18	0:08:50	1:43:32	1:29:53	724		50-54歳男子	123	
867	9007	吉橋 農	46	男	東京都	4:01:36	0:45:45	0:11:02	1:46:49	1:18:00	725		45-49歳男子	109	
868	8083	田中 宏樹	60	男	沖縄県	4:02:02	0:48:56	0:13:18	1:41:34	1:18:14	726		60-64歳男子	73	
869	6070	坂本 和美	53	女	福岡県	4:02:10	0:37:30	0:13:28	1:56:49	1:14:23		143	50-54歳女子	26	
870	8045	大野 淳史	52	男	千葉県	4:02:12	0:43:41	0:07:12	1:50:51	1:20:28	727		50-54歳男子	124	
871	7044	白倉 尚子	49	女	東京都	4:02:14	0:54:12	0:10:50	1:55:00	1:02:12		144	45-49歳女子	27	
872	8031	星野 真介	49	男	滋賀県	4:02:19	0:45:35	0:09:48	1:48:09	1:18:47	728		45-49歳男子	110	
873	9068	山本 正仁	48	男	京都府	4:02:35	0:56:41	0:07:46	1:49:57	1:08:11	729		45-49歳男子	111	
874	6125	中嶋 一博	38	男	大阪府	4:02:39	0:38:33	0:18:27	1:49:56	1:15:43	730		35-39歳男子	69	
875	7062	原 英治	54	男	大阪府	4:02:40	0:44:04	0:12:22	1:44:09	1:22:05	731		50-54歳男子	125	
876	9083	副島 綾乃	34	女	大阪府	4:02:40	0:37:49	0:12:04	2:02:35	1:10:12		145	30-34歳女子	11	
877	9107	藤井 久美子	57	女	東京都	4:03:01	0:51:23	0:16:07	1:45:50	1:09:41		146	55-59歳女子	24	
878	8118	板垣 良太	38	男	東京都	4:03:21	0:41:17	0:09:05	1:53:14	1:19:45	732		35-39歳男子	70	
879	8122	有吉 将光	39	男	福岡県	4:03:40	0:37:10	0:12:31	1:46:52	1:27:07	733		35-39歳男子	71	
880	5112	金増 宏輝	50	男	大阪府	4:03:53	0:38:47	0:09:45	1:50:41	1:24:40	734		50-54歳男子	126	
881	6132	具志堅 興之	39	男	沖縄県	4:03:58	0:47:06	0:08:39	1:48:40	1:19:33	735		35-39歳男子	72	
882	6066	旭 奈穂子	69	女	愛知県	4:04:06	0:48:16	0:07:50	1:59:34	1:08:26		147	65-69歳女子	5	
883	6084	飯川 賢	66	男	神奈川県	4:04:26	0:37:12	0:09:52	1:54:58	1:22:24	736		65-69歳男子	30	
884	4107	平井 秀明	57	男	東京都	4:05:32	0:34:54	0:11:34	2:01:43	1:17:21	737		55-59歳男子	112	
885	8123	鈴木 隆志	40	男	千葉県	4:05:59	0:34:25	0:11:55	2:03:19	1:16:20	738		40-44歳男子	85	
886	8042	幸村 潮菜	51	女	東京都	4:06:09	0:44:19	0:12:06	1:50:17	1:19:27		148	50-54歳女子	27	
887	8029	花香 奈津美	46	女	千葉県	4:06:25	0:44:56	0:07:01	1:57:50	1:16:38		149	45-49歳女子	28	
888	8070	篠永 真弓	65	女	茨城県	4:07:21	0:39:11	0:09:20	1:52:16	1:26:34		150	65-69歳女子	6	
889	6034	畑 文隆	61	男	兵庫県	4:07:22	0:40:05	0:09:08	1:44:17	1:33:52	739		60-64歳男子	74	
890	8069	中塚 輝夫	64	男	大阪府	4:07:24	0:43:53	0:07:15	1:46:21	1:29:55	740		60-64歳男子	75	
891	6134	? 峻	39	男	Chinese Tipei	4:07:25	0:39:38	0:11:08	1:43:00	1:33:39	741		35-39歳男子	73	
892	7041	蔵田 哲也	48	男	東京都	4:07:39	0:38:49	0:12:15	1:46:59	1:29:36	742		45-49歳男子	112	
893	9066	布施 雄三	62	男	埼玉県	4:07:45	0:53:06	0:09:37	1:43:24	1:21:38	743		60-64歳男子	76	
894	6040	荒井 茂子	66	女	千葉県	4:07:52	0:44:03	0:10:40	2:03:28	1:09:41		151	65-69歳女子	7	
895	8060	清家 志津子	57	女	愛媛県	4:07:52	0:45:39	0:11:51	1:54:16	1:16:06		152	55-59歳女子	25	
896	5002	林 優子	69	女	香川県	4:07:57	0:40:25	0:10:45	1:56:52	1:19:55		153	65-69歳女子	8	
897	6095	武井 絵美	63	女	東京都	4:08:16	0:34:43	0:12:34	2:04:13	1:16:46		154	60-64歳女子	10	
898	2075	山口 尚洋	32	男	埼玉県	4:09:31	0:39:26	0:07:27	2:10:05	1:12:33	744		30-34歳男子	62	
899	5025	前田 恭嗣	62	男	熊本県	4:09:37	0:41:35	0:05:49	1:49:00	1:33:13	745		60-64歳男子	77	
900	7108	高野 道夫	76	男	茨城県	4:10:24	0:38:49	0:17:26	1:53:13	1:20:56	746		75-79歳男子	2	
901	6093	山中 和彦	61	男	京都府	4:10:59	0:37:42	0:18:23	1:49:36	1:25:18	747		60-64歳男子	78	
902	5045	椿 隆幸	62	男	沖縄県	4:12:06	0:44:13	0:09:26	1:53:01	1:25:26	748		60-64歳男子	79	
903	9021	斎藤 彰浩	52	男	徳島県	4:12:16	0:43:49	0:13:25	1:48:26	1:26:36	749		50-54歳男子	127	
904	7116	中村 逸男	75	男	香川県	4:12:21	0:40:44	0:05:50	1:50:49	1:34:58	750		75-79歳男子	3	
905	7034	金村 泰將	48	男	兵庫県	4:12:26	0:44:56	0:15:27	1:48:34	1:23:29	751		45-49歳男子	113	
906	6067	小島 洋子	71	女	京都府	4:12:32	0:43:36	0:08:55	1:50:23	1:29:38		155	70-74歳女子	2	
907	4087	滝沢 見世子	73	女	千葉県	4:12:57	0:31:40	0:06:03	2:11:57	1:23:17		156	70-74歳女子	3	
908	6086	外間 義博	67	男	沖縄県	4:13:11	0:41:19	0:07:14	1:48:03	1:36:35	752		65-69歳男子	31	
909	7053	伊藤 智子	52	女	千葉県	4:13:18	0:45:39	0:11:09	1:58:27	1:18:03		157	50-54歳女子	28	
910	7028	小林 恵理子	47	女	千葉県	4:14:23	0:36:20	0:08:13	1:48:43	1:41:07		158	45-49歳女子	29	
911	7036	西本 雅彦	48	男	大阪府	4:16:28	0:35:01	0:17:00	1:53:06	1:31:21	753		45-49歳男子	114	
912	9004	高橋 知子	45	女	大阪府	4:16:29	0:41:14	0:09:56	2:01:43	1:23:36		159	45-49歳女子	30	
913	6129	柳舘 燈	39	女	千葉県	4:16:42	0:55:02	0:07:55	2:04:19	1:09:26		160	35-39歳女子	18	
914	8067	佐矢野 俊	64	男	福岡県	4:17:01	0:44:20	0:17:35	1:50:31	1:24:35	754		60-64歳男子	80	
915	8061	上里 恒浩	58	男	沖縄県	4:17:07	0:43:33	0:11:48	1:51:17	1:30:29	755		55-59歳男子	113	
916	4009	大野 南奈子	51	女	神奈川県	4:17:25	0:28:28	0:06:51	2:02:46	1:39:20		161	50-54歳女子	29	
917	5103	谷崎 慎太郎	47	男	東京都	4:17:49	0:38:19	0:10:59	2:08:18	1:20:13	756		45-49歳男子	115	
918	9098	新盛 勝士	39	男	沖縄県	4:18:21	0:44:50	0:07:14	1:53:07	1:33:10	757		35-39歳男子	74	
919	6083	前田 茂	55	男	大阪府	4:18:22	0:41:04	0:11:56	2:05:44	1:19:38	758		55-59歳男子	114	
920	9112	綱島 莉理	31	女	東京都	4:18:46	0:45:40	0:15:46	2:07:14	1:10:06		162	30-34歳女子	12	
921	7020	木村 和孝	44	男	埼玉県	4:18:57	0:51:06	0:09:19	1:51:40	1:26:52	759		40-44歳男子	86	
922	5001	石崎 節代	69	女	東京都	4:19:11	0:38:26	0:08:49	1:59:08	1:32:48		163	65-69歳女子	9	
923	5111	木下 龍太郎	49	男	岡山県	4:20:30	0:37:21	0:15:13	1:55:21	1:32:35	760		45-49歳男子	116	
924	9032	亀田 卓彦	56	男	神奈川県	4:20:45	0:52:05	0:11:00	1:54:20	1:23:20	761		55-59歳男子	115	
925	9090	町田 麻里	55	女	東京都	4:21:26	0:50:26	0:09:47	1:56:41	1:24:32		164	55-59歳女子	26	
926	8056	大貫 武	56	男	東京都	4:21:59	0:48:43	0:10:12	1:56:48	1:26:16	762		55-59歳男子	116	
927	9064	石塚 健朗	34	男	東京都	4:23:01	0:36:55	0:07:15	2:07:55	1:30:56	763		30-34歳男子	63	
928	9058	塩津 達郎	45	男	東京都	4:23:07	0:35:15	0:26:35	2:01:17	1:20:00	764		45-49歳男子	117	
929	7083	朝香 岳文	59	男	神奈川県	4:23:17	0:45:32	0:07:53	1:49:12	1:40:40	765		55-59歳男子	117	
930	9072	一川 幸恵	30	女	東京都	4:23:52	0:52:46	0:11:58	2:09:04	1:10:04		165	30-34歳女子	13	
931	4123	小林 良身	61	男	東京都	4:24:01	0:38:52	0:10:38	1:48:18	1:46:13	766		60-64歳男子	81	
932	9079	田中 聡	51	男	栃木県	4:25:01	0:53:56	0:06:09	1:39:32	1:45:24	767		50-54歳男子	128	
933	6098	石田 ひろゆき	53	男	千葉県	4:26:48	0:39:49	0:09:27	2:09:26	1:28:06	768		50-54歳男子	129	
934	4030	佐藤 秀信	53	男	群馬県	4:27:37	0:37:21	0:09:52	2:02:53	1:37:31	769		50-54歳男子	130	
935	5095	石垣 聡	46	男	沖縄県	4:28:07	0:38:43	0:12:44	1:55:35	1:41:05	770		45-49歳男子	118	
936	9034	三好 友成	56	男	東京都	4:28:15	0:52:41	0:08:43	1:57:35	1:29:16	771		55-59歳男子	118	
937	8035	明石 まほし	50	女	東京都	4:28:59	0:37:18	0:11:58	2:06:11	1:33:32		166	50-54歳女子	30	
938	6089	渡辺 順子	76	女	神奈川県	4:29:11	0:44:23	0:12:38	2:06:48	1:25:22		167	75-79歳女子	1	
939	6046	松本 昌樹	73	男	北海道	4:32:45	0:37:55	0:07:59	1:55:37	1:51:14	772		70-74歳男子	21	
940	9041	平田 清巳	72	男	福岡県	4:33:17	0:52:28	0:11:37	2:00:37	1:28:35	773		70-74歳男子	22	
941	4116	伊藤 純子	59	女	東京都	4:33:43	0:34:15	0:13:05	2:11:56	1:34:27		168	55-59歳女子	27	
942	9053	森田 大樹	35	男	東京都	4:35:33	0:55:08	0:15:48	2:14:24	1:10:13	774		35-39歳男子	75	
943	8073	鎌田 秀明	76	男	東京都	4:37:10	0:36:26	0:15:19	2:03:54	1:41:31	775		75-79歳男子	4	
944	8075	松田 彩	38	女	大阪府	4:37:30	0:49:40	0:17:37	2:11:37	1:18:36		169	35-39歳女子	19	
945	9082	長島 喜美	49	女	岐阜県	4:39:34	0:51:03	0:08:44	2:13:58	1:25:49		170	45-49歳女子	31	
946	8078	小野 喜徳	62	男	長野県	4:40:24	0:43:57	0:12:27	2:06:34	1:37:26	776		60-64歳男子	82	
947	8080	松野 亜紀子	50	女	東京都	4:40:34	0:42:06	0:11:03	2:09:58	1:37:27		171	50-54歳女子	31	
948	7085	寺田 啓美	60	女	東京都	4:40:52	0:46:32	0:14:30	2:12:55	1:26:55		172	60-64歳女子	11	
949	3073	中野 新	34	男	大阪府	4:42:04	0:47:14	0:17:31	2:11:22	1:25:57	777		30-34歳男子	64	
950	5077	鮫島 拓	41	男	沖縄県	4:50:23	0:31:28	0:46:23	2:17:05	1:15:27	778		40-44歳男子	87	
951	92	稲田 弘	93	男	千葉県	4:51:36	0:51:38	0:13:10	1:59:28	1:47:20	779		90-94歳男子	1	
DNF	45	相馬 大高	52	男	神奈川県		0:21:30	0:03:19	1:33:00				50-54歳男子		
DNF	2062	加茂 基香	39	女	東京都		0:31:04	0:05:54	1:25:55				35-39歳女子		
DNF	3124	大野 信久	49	男	神奈川県		0:39:38	0:16:36	2:54:10				45-49歳男子		
DNF	4124	田口 義隆	64	男	岐阜県		0:33:08	0:06:28	1:37:09				60-64歳男子		
DNF	6048	小杉 和子	75	女	東京都		0:47:18	0:14:28	2:13:45				75-79歳女子		
DNF	124	薄 陽一	46	男	愛知県		0:25:08	1:20:33					45-49歳男子		
DNF	2099	戸田 久美子	54	女	東京都		0:31:12	0:08:17					50-54歳女子		
DNF	3023	比留間 進	63	男	東京都		0:36:49	0:09:14					60-64歳男子		
DNF	3066	西村 匡司	32	男	沖縄県		0:28:40	0:03:20					30-34歳男子		
DNF	3076	島 貴彬	36	男	東京都		0:32:09	0:05:43					35-39歳男子		
DNF	5102	森田 崇之	47	男	沖縄県		0:31:57	0:08:33					45-49歳男子		
DNF	5108	宮原 亮	49	男	大阪府		0:31:19						45-49歳男子		
DNF	6027	渡邊 美由紀	59	女	東京都		0:34:52						55-59歳女子		
DNF	7099	前田 隆司	65	男	東京都		0:33:40	0:06:33					65-69歳男子		
DNF	7109	川崎 綾子	79	女	千葉県		0:39:05						75-79歳女子		
DNF	7127	茂木 優弥	28	男	福岡県		0:38:19						25-29歳男子		
DNF	8002	中尾 冬二	31	男	東京都		0:52:10						30-34歳男子		
DNF	8081	森 一馬	37	男	東京都		0:42:59						35-39歳男子		
DNF	8130	野島 祐史	52	男	東京都		1:04:16						50-54歳男子		
OPEN	555	庭田 清美	55	女	東京都	2:45:20	0:23:27	0:03:39	1:30:15	0:47:59			55-59歳女子		
SKIP	30	米村 隼太	32	男	神奈川県				1:29:43	0:52:49			30-34歳男子		
SKIP	101	金城 輝	28	男	埼玉県				1:35:20	1:19:04			25-29歳男子		
SKIP	2044	佐藤 優	42	男	福岡県				1:12:30	0:48:38			40-44歳男子		
SKIP	2065	木村 浩美	57	女	東京都				1:46:48	0:52:04			55-59歳女子		
SKIP	3014	鈴木 さおり	55	女	東京都				1:43:35	0:58:34			55-59歳女子		
SKIP	3025	佐藤 真一	43	男	東京都								40-44歳男子		
SKIP	3039	﨑山 友揮	45	男	和歌山県				1:18:52	0:51:20			45-49歳男子		
SKIP	3107	中井 勝也	46	男	大阪府				1:43:58	1:02:21			45-49歳男子		
SKIP	5030	木下 雅晴	64	男	北海道				1:38:55	1:06:27			60-64歳男子		
SKIP	5100	上原 裕一	47	男	沖縄県				1:40:29	1:10:47			45-49歳男子		
SKIP	5128	加藤 晋一郎	53	男	東京都				1:35:48	1:09:36			50-54歳男子		
SKIP	6008	北村 昌博	55	男	東京都				1:49:23	1:07:49			55-59歳男子		
SKIP	6038	門田 法彦	65	男	愛知県				1:34:58	1:00:51			65-69歳男子		
SKIP	6043	大橋 宗純	68	男	福岡県		0:39:10			1:31:55			65-69歳男子		
SKIP	6049	後藤 眞	76	男	北海道				2:00:31	1:22:45			75-79歳男子		
SKIP	6068	宮崎 早紀	33	女	福岡県				1:51:20	1:10:57			30-34歳女子		
SKIP	6112	南 彰彦	33	男	大阪府				1:33:39	1:10:01			30-34歳男子		
SKIP	7047	浅見 美香	50	女	東京都				1:48:17	1:06:21			50-54歳女子		
SKIP	7050	小山 豊	51	男	沖縄県		0:46:09			1:47:25			50-54歳男子		
SKIP	7069	古井 雅博	56	男	大阪府				2:32:26				55-59歳男子		
SKIP	7072	浅井 拓	56	男	京都府				1:52:22	1:18:30			55-59歳男子		
SKIP	7117	伏見 英	37	女	東京都				1:47:09	1:07:47			35-39歳女子		
SKIP	8001	牛島 悠貴	30	男	千葉県				1:54:23	1:29:00			30-34歳男子		
SKIP	8005	社 海渡	31	男	岡山県				1:25:10	1:00:29			30-34歳男子		
SKIP	8020	戸嶋 久	41	男	兵庫県				1:44:30	1:13:14			40-44歳男子		
SKIP	8022	土岐 武	44	男	岐阜県				1:51:10	1:14:58			40-44歳男子		
SKIP	8033	比嘉 友和	49	男	千葉県				2:41:01				45-49歳男子		
SKIP	8040	新井 正樹	51	男	東京都				1:47:01	0:58:38			50-54歳男子		
SKIP	8049	森 貴紀	53	男	愛知県								50-54歳男子		
SKIP	8058	藤野 行雄	57	男	福岡県				1:44:33	1:18:51			55-59歳男子		
SKIP	8059	髙見澤 哲矢	57	男	宮城県				1:35:46	1:13:12			55-59歳男子		
SKIP	8062	植田 恵子	61	女	兵庫県				1:56:16	1:28:56			60-64歳女子		
SKIP	8065	植松 弘至	63	男	奈良県				1:52:03	1:13:53			60-64歳男子		
SKIP	8071	渥美 直哉	71	男	東京都				2:15:49				70-74歳男子		
SKIP	8076	田原 寛文	32	男	東京都				2:31:40				30-34歳男子		
SKIP	8084	皆川 昭久	71	男	東京都				2:33:36				70-74歳男子		
SKIP	8106	帆足 直人	33	男	東京都				1:48:08	0:59:12			30-34歳男子		
SKIP	9001	田下 倫明	63	男	兵庫県				1:45:56	1:00:56			60-64歳男子		
SKIP	9035	鈴木 憲治	57	男	神奈川県				2:03:15	1:17:44			55-59歳男子		
SKIP	9042	泉 庸介	56	男	愛知県				1:51:15	1:06:53			55-59歳男子		
SKIP	9062	西田 賢司	64	男	東京都				1:40:02	1:24:02			60-64歳男子		
SKIP	9065	西村 俊輔	41	男	岐阜県				1:46:29	1:14:06			40-44歳男子		
SKIP	9071	鈴木 ゆかり	50	女	東京都				1:51:44	1:05:16			50-54歳女子		
SKIP	9077	手嶋 翔	37	男	東京都				1:45:34	1:37:59			35-39歳男子		
SKIP	9078	澤山 涼太	36	男	東京都				1:48:58	0:53:41			35-39歳男子		
SKIP	9085	山際 賢人	30	男	東京都				1:48:59	1:01:45			30-34歳男子		
SKIP	9088	中島 弘陽	40	男	東京都				2:01:11	1:19:55			40-44歳男子		
SKIP	9093	漆谷 直樹	32	男	神奈川県				1:46:19	1:02:21			30-34歳男子		
SKIP	9103	佐藤 絢	46	女	静岡県				1:53:17	1:17:27			45-49歳女子		
SKIP	9104	江口 勝彦	52	男	福岡県				2:05:54	1:28:55			50-54歳男子		
SKIP	9105	佐藤 綾子	50	女	沖縄県				1:59:00	0:59:46			50-54歳女子		
SKIP	9108	ハマオカ キョウコ	61	女	沖縄県				2:13:08	1:23:30			60-64歳女子		
SKIP	9110	山口 豊	67	男	兵庫県				2:33:11				65-69歳男子		
SKIP	9114	田村 惟人	41	男	福岡県				1:53:28	1:23:57			40-44歳男子		
SKIP	9117	築根 吉秀	51	男	東京都				1:27:44	1:15:32			50-54歳男子		
DSQ	9039	高藤 秀司	63	男	奈良県				1:48:03	1:12:04			60-64歳男子		
