総合順位	No.	氏名	性別	都道府県	総合記録	スイムラップ	S順	バイクラップ	B順	スプリット	通過	ランラップ	R順	男子順位	女子順位	区分	区分順位
OPEN	1008	玉﨑 稜也	男	東京都	1:59:45	0:20:12		1:05:18		1:25:30		0:34:15				男子20-29歳	
1	1003	山本 淳一	男	千葉県	2:06:30	0:21:23	2	1:04:10	1	1:25:33	1	0:40:57	13	1		男子50-59歳	
2	1002	大井 智仁	男	東京都	2:08:39	0:23:46	13	1:07:14	2	1:31:00	2	0:37:39	1	2		男子20-29歳	
3	1001	桶谷 祐輝	男	愛知県	2:09:06	0:20:58	1	1:10:25	9	1:31:23	4	0:37:43	2	3		男子30-39歳	
4	2082	東都 源也	男	大阪府	2:10:37	0:21:34	4	1:09:57	7	1:31:31	5	0:39:06	8	4		男子30-39歳	1
5	1183	若菜 和彦	男	神奈川県	2:10:38	0:21:25	3	1:09:47	6	1:31:12	3	0:39:26	11	5		男子30-39歳	2
6	2008	市川 裕貴	男	山梨県	2:12:11	0:25:37	28	1:07:30	3	1:33:07	6	0:39:04	7	6		男子30-39歳	3
7	1004	市ノ川 隆久	男	神奈川県	2:13:03	0:23:56	14	1:09:14	4	1:33:10	7	0:39:53	12	7		男子40-49歳	1
8	1098	山本 凌我	男	静岡県	2:15:54	0:24:01	15	1:13:28	16	1:37:29	13	0:38:25	6	8		男子20-29歳	1
9	1006	佐藤 崇史	男	東京都	2:16:41	0:24:51	22	1:10:03	8	1:34:54	8	0:41:47	17	9		男子30-39歳	4
10	1005	仲宗根 航大	男	神奈川県	2:18:14	0:26:13	33	1:13:59	21	1:40:12	21	0:38:02	5	10		男子20-29歳	2
11	1007	清水 賢	男	東京都	2:18:31	0:23:31	9	1:13:20	15	1:36:51	9	0:41:40	16	11		男子20-29歳	3
12	1097	御子柴 恭介	男	長野県	2:18:48	0:26:24	37	1:13:16	14	1:39:40	19	0:39:08	9	12		男子20-29歳	4
13	2110	山上 真司	男	東京都	2:19:33	0:23:24	7	1:13:46	19	1:37:10	11	0:42:23	21	13		男子40-49歳	2
14	3018	西崎 昌宏	男	東京都	2:21:28	0:23:38	12	1:15:45	32	1:39:23	18	0:42:05	20	14		男子40-49歳	3
15	3073	根本 亮治	男	神奈川県	2:21:53	0:28:01	56	1:09:35	5	1:37:36	15	0:44:17	37	15		男子40-49歳	4
16	1197	大森 淳平	男	山梨県	2:22:27	0:24:28	20	1:12:57	12	1:37:25	12	0:45:02	44	16		男子30-39歳	5
17	1163	小田切 ケンタロウ	男	愛知県	2:22:30	0:26:18	34	1:12:52	11	1:39:10	17	0:43:20	25	17		男子30-39歳	6
18	2023	渡邊 翔太	男	静岡県	2:22:53	0:29:49	91	1:13:44	18	1:43:33	31	0:39:20	10	18		男子30-39歳	7
19	3180	若穂囲 貴之	男	東京都	2:25:14	0:24:08	18	1:14:54	26	1:39:02	16	0:46:12	62	19		男子50-59歳	1
20	1117	山下 優太郎	男	東京都	2:25:16	0:25:07	23	1:14:59	27	1:40:06	20	0:45:10	48	20		男子20-29歳	5
21	2016	福永 晃樹裕	男	埼玉県	2:25:27	0:28:36	69	1:14:08	22	1:42:44	26	0:42:43	22	21		男子30-39歳	8
22	1069	舩橋 侑也	男	東京都	2:25:34	0:25:12	24	1:12:17	10	1:37:29	14	0:48:05	91	22		男子20-29歳	6
23	7002	加来 奈津子	女	東京都	2:26:34	0:24:16	19	1:20:23	64	1:44:39	38	0:41:55	18		1	女子40-49歳	
24	2100	山田 直輝	男	東京都	2:26:54	0:31:47	150	1:13:10	13	1:44:57	39	0:41:57	19	23		男子30-39歳	9
25	1012	藤本 龍星	男	山梨県	2:26:55	0:23:05	5	1:20:49	73	1:43:54	35	0:43:01	23	24		男子20-29歳	7
26	1192	松谷 啓司	男	東京都	2:27:07	0:28:32	65	1:14:47	24	1:43:19	29	0:43:48	31	25		男子30-39歳	10
27	1199	江畑 俊行	男	千葉県	2:27:16	0:27:24	48	1:16:15	34	1:43:39	34	0:43:37	28	26		男子30-39歳	11
28	7003	山本 侑果	女	茨城県	2:27:18	0:27:19	47	1:13:51	20	1:41:10	23	0:46:08	59		2	女子20-29歳	
29	1134	塩田 匠	男	埼玉県	2:27:22	0:28:42	71	1:20:43	70	1:49:25	58	0:37:57	4	27		男子30-39歳	12
30	3001	豊岡 大輔	男	愛知県	2:27:49	0:27:52	55	1:15:44	30	1:43:36	33	0:44:13	36	28		男子40-49歳	5
31	2140	榎田 大舗	男	東京都	2:28:26	0:25:32	27	1:17:44	47	1:43:16	28	0:45:10	49	29		男子40-49歳	6
32	4175	金井 一生	男	愛知県	2:28:38	0:27:32	49	1:15:43	29	1:43:15	27	0:45:23	52	30		男子50-59歳	2
33	2202	金原 匡利	男	静岡県	2:29:45	0:28:34	66	1:15:21	28	1:43:55	36	0:45:50	56	31		男子40-49歳	7
34	2025	増田 拓也	男	東京都	2:30:09	0:27:09	40	1:16:25	36	1:43:34	32	0:46:35	69	32		男子30-39歳	13
35	4078	野中 剛志	男	栃木県	2:30:19	0:27:13	41	1:14:20	23	1:41:33	24	0:48:46	105	33		男子50-59歳	3
36	1079	牛嶋 勇貴	男	東京都	2:30:26	0:27:44	51	1:15:45	31	1:43:29	30	0:46:57	75	34		男子20-29歳	8
37	2046	関根 孝司	男	東京都	2:30:56	0:34:51	254	1:18:08	49	1:52:59	79	0:37:57	3	35		男子30-39歳	14
38	2178	竹脇 大地	男	東京都	2:31:20	0:23:35	11	1:13:34	17	1:37:09	10	0:54:11	247	36		男子40-49歳	8
39	4099	中野 徹	男	大阪府	2:31:26	0:29:09	75	1:16:29	38	1:45:38	41	0:45:48	54	37		男子50-59歳	4
40	1180	オルロフ バシリー	男	東京都	2:31:56	0:29:18	82	1:21:10	76	1:50:28	66	0:41:28	15	38		男子30-39歳	15
41	5008	新井 孝史	男	大阪府	2:32:14	0:28:04	58	1:19:53	57	1:47:57	48	0:44:17	38	39		男子50-59歳	5
42	4035	山下 良平	男	大阪府	2:32:46	0:27:13	42	1:16:53	40	1:44:06	37	0:48:40	102	40		男子50-59歳	6
43	2153	大竹 隆司	男	愛知県	2:33:38	0:30:07	98	1:16:21	35	1:46:28	44	0:47:10	77	41		男子40-49歳	9
44	2068	岩瀬 拓也	男	愛知県	2:33:41	0:26:32	38	1:23:28	113	1:50:00	63	0:43:41	29	42		男子30-39歳	16
45	4088	日高 洋一	男	宮崎県	2:33:59	0:27:51	54	1:20:08	59	1:47:59	49	0:46:00	57	43		男子50-59歳	7
46	1172	川上 太平	男	東京都	2:34:07	0:28:30	63	1:20:49	72	1:49:19	57	0:44:48	42	44		男子30-39歳	17
47	5049	足立 健児	男	神奈川県	2:34:22	0:28:30	64	1:16:39	39	1:45:09	40	0:49:13	115	45		男子50-59歳	8
48	1095	宮野 雄弘	男	東京都	2:34:24	0:31:27	138	1:17:07	42	1:48:34	52	0:45:50	55	46		男子20-29歳	9
49	3012	片山 賢	男	東京都	2:34:56	0:28:12	60	1:21:40	81	1:49:52	62	0:45:04	45	47		男子40-49歳	10
50	3175	井手 伸一	男	大阪府	2:35:24	0:30:05	96	1:19:01	53	1:49:06	56	0:46:18	65	48		男子50-59歳	9
51	1188	渡邊 一輝	男	東京都	2:35:38	0:23:34	10	1:17:27	46	1:41:01	22	0:54:37	262	49		男子30-39歳	18
52	2191	中村 正明	男	東京都	2:35:45	0:23:26	8	1:23:27	112	1:46:53	45	0:48:52	109	50		男子40-49歳	11
53	2144	佃 基和	男	東京都	2:35:59	0:31:15	132	1:21:42	82	1:52:57	78	0:43:02	24	51		男子40-49歳	12
54	1109	甲田 裕輔	男	長野県	2:36:14	0:30:47	119	1:22:06	86	1:52:53	77	0:43:21	26	52		男子20-29歳	10
55	2139	松尾 純次	男	神奈川県	2:36:18	0:23:07	6	1:22:38	93	1:45:45	43	0:50:33	135	53		男子40-49歳	13
56	2120	榎原 龍一	男	神奈川県	2:37:42	0:29:15	80	1:16:28	37	1:45:43	42	0:51:59	165	54		男子40-49歳	14
57	1009	深澤 飛翔	男	山梨県	2:38:03	0:30:13	101	1:24:26	133	1:54:39	94	0:43:24	27	55		男子20-29歳	11
58	5071	奥山 奥士	男	東京都	2:38:08	0:25:30	26	1:24:20	129	1:49:50	61	0:48:18	95	56		男子50-59歳	10
59	5064	亀山 智之	男	広島県	2:38:40	0:32:24	164	1:21:14	78	1:53:38	89	0:45:02	43	57		男子50-59歳	11
60	3028	田邊 誠	男	愛知県	2:38:44	0:34:20	237	1:19:17	55	1:53:37	88	0:45:07	46	58		男子40-49歳	15
61	1064	村田 篤郎	男	東京都	2:39:00	0:32:05	157	1:20:44	71	1:52:49	76	0:46:11	61	59		男子20-29歳	12
62	2063	山崎 康平	男	愛知県	2:39:17	0:32:00	153	1:18:57	52	1:50:57	68	0:48:20	96	60		男子30-39歳	19
63	4001	天野 智由	男	静岡県	2:39:19	0:29:49	92	1:22:14	90	1:52:03	74	0:47:16	80	61		男子50-59歳	12
64	4003	中山 普義	男	東京都	2:39:21	0:30:43	117	1:20:12	60	1:50:55	67	0:48:26	98	62		男子50-59歳	13
65	3055	吉田 直樹	男	東京都	2:39:23	0:28:36	68	1:24:39	140	1:53:15	85	0:46:08	60	63		男子40-49歳	16
66	3082	保坂 裕二	男	東京都	2:39:23	0:34:09	230	1:19:13	54	1:53:22	87	0:46:01	58	64		男子40-49歳	17
67	2133	大坪 恭佑	男	東京都	2:40:16	0:36:55	362	1:22:03	85	1:58:58	141	0:41:18	14	65		男子40-49歳	18
68	3002	山村 周平	男	東京都	2:40:19	0:33:24	200	1:21:26	80	1:54:50	97	0:45:29	53	66		男子40-49歳	19
69	1077	永沢 楽	男	東京都	2:40:36	0:30:58	124	1:25:01	149	1:55:59	105	0:44:37	41	67		男子20-29歳	13
70	4101	中村 拓稔	男	愛知県	2:40:50	0:30:05	97	1:21:55	83	1:52:00	73	0:48:50	108	68		男子50-59歳	14
71	4091	内藤 公彦	男	神奈川県	2:40:54	0:31:39	145	1:18:44	51	1:50:23	65	0:50:31	134	69		男子50-59歳	15
72	1087	吉田 直生	男	静岡県	2:40:54	0:27:47	52	1:20:55	74	1:48:42	53	0:52:12	169	70		男子20-29歳	14
73	3157	布尾 啓明	男	東京都	2:40:54	0:32:45	174	1:20:26	66	1:53:11	81	0:47:43	85	71		男子40-49歳	20
74	4019	冬野 智之	男	愛知県	2:41:28	0:27:33	50	1:24:17	126	1:51:50	71	0:49:38	121	72		男子50-59歳	16
75	3151	横井 一朗	男	静岡県	2:41:58	0:25:53	31	1:22:10	88	1:48:03	51	0:53:55	239	73		男子40-49歳	21
76	2101	中村 貞和	男	東京都	2:42:17	0:29:57	95	1:27:12	190	1:57:09	123	0:45:08	47	74		男子30-39歳	20
77	6025	高橋 克昭	男	埼玉県	2:42:18	0:30:35	109	1:17:26	45	1:48:01	50	0:54:17	249	75		男子60-69歳	1
78	3077	関野 隆浩	男	神奈川県	2:42:20	0:26:11	32	1:30:47	297	1:56:58	119	0:45:22	51	76		男子40-49歳	22
79	1091	大橋 尚悟	男	東京都	2:42:25	0:32:53	178	1:23:14	105	1:56:07	108	0:46:18	64	77		男子20-29歳	15
80	1027	三宅 慧	男	愛知県	2:42:28	0:26:21	36	1:23:09	103	1:49:30	59	0:52:58	201	78		男子20-29歳	16
81	5023	平野 博明	男	三重県	2:42:31	0:33:12	194	1:22:20	91	1:55:32	102	0:46:59	76	79		男子50-59歳	17
82	1083	野口 将輝	男	東京都	2:42:32	0:30:10	100	1:24:15	124	1:54:25	92	0:48:07	92	80		男子20-29歳	17
83	2114	貝塚 穣	男	愛知県	2:42:38	0:32:32	167	1:17:14	43	1:49:46	60	0:52:52	197	81		男子40-49歳	23
84	1211	南原 一樹	男	東京都	2:43:10	0:24:05	16	1:29:01	231	1:53:06	80	0:50:04	128	82		男子30-39歳	21
85	5143	伊藤 正幸	男	東京都	2:43:13	0:30:35	110	1:17:19	44	1:47:54	47	0:55:19	279	83		男子60-69歳	2
86	1202	森 大幸	男	千葉県	2:43:14	0:34:39	247	1:24:30	134	1:59:09	148	0:44:05	34	84		男子30-39歳	22
87	4164	牛田 隆史	男	愛知県	2:43:32	0:29:42	89	1:20:24	65	1:50:06	64	0:53:26	220	85		男子50-59歳	18
88	2188	岸 智則	男	神奈川県	2:43:35	0:33:39	207	1:23:24	111	1:57:03	122	0:46:32	67	86		男子40-49歳	24
89	6029	市川 和彦	男	東京都	2:43:52	0:30:36	112	1:20:23	63	1:50:59	69	0:52:53	199	87		男子60-69歳	3
90	4093	大倉 聡	男	愛知県	2:44:00	0:29:32	84	1:19:29	56	1:49:01	54	0:54:59	272	88		男子50-59歳	19
91	3022	中澤 孝介	男	東京都	2:44:07	0:33:10	190	1:15:55	33	1:49:05	55	0:55:02	277	89		男子40-49歳	25
92	3167	柴田 裕二	男	静岡県	2:44:37	0:36:21	331	1:20:29	68	1:56:50	116	0:47:47	86	90		男子50-59歳	20
93	1096	佐々木 諒太朗	男	神奈川県	2:44:39	0:28:05	59	1:23:16	106	1:51:21	70	0:53:18	217	91		男子20-29歳	18
94	3090	村上 一哉	男	埼玉県	2:44:51	0:29:56	94	1:27:16	193	1:57:12	124	0:47:39	84	92		男子40-49歳	26
95	7019	茗荷 理沙	女	静岡県	2:44:55	0:29:17	81	1:28:12	210	1:57:29	126	0:47:26	81		3	女子30-39歳	
96	1182	石田 誠	男	東京都	2:44:57	0:34:17	234	1:23:44	115	1:58:01	128	0:46:56	74	93		男子30-39歳	23
97	4063	青木 幸市	男	長野県	2:45:26	0:32:57	181	1:23:19	107	1:56:16	110	0:49:10	114	94		男子50-59歳	21
98	3041	大西 勇輝	男	東京都	2:45:33	0:32:21	162	1:24:30	135	1:56:51	117	0:48:42	103	95		男子40-49歳	27
99	3083	森 芳雄	男	東京都	2:45:48	0:30:33	108	1:22:40	95	1:53:13	82	0:52:35	180	96		男子40-49歳	28
100	4100	多度津 芳夫	男	埼玉県	2:45:49	0:29:39	88	1:23:03	101	1:52:42	75	0:53:07	208	97		男子50-59歳	22
101	4042	原田 剛	男	神奈川県	2:45:52	0:34:08	228	1:20:13	61	1:54:21	91	0:51:31	154	98		男子50-59歳	23
102	1055	北澤 鼓童	男	東京都	2:46:11	0:36:40	349	1:22:39	94	1:59:19	151	0:46:52	72	99		男子20-29歳	19
103	4048	椎葉 満	男	愛知県	2:46:13	0:32:49	175	1:23:51	118	1:56:40	113	0:49:33	120	100		男子50-59歳	24
104	2197	福本 哲平	男	神奈川県	2:46:14	0:36:06	316	1:22:55	98	1:59:01	142	0:47:13	78	101		男子40-49歳	29
105	3168	大堀 由人	男	埼玉県	2:46:23	0:34:24	239	1:20:21	62	1:54:45	96	0:51:38	156	102		男子50-59歳	25
106	1041	高田 雄平	男	大阪府	2:46:28	0:33:58	222	1:25:37	157	1:59:35	156	0:46:53	73	103		男子20-29歳	20
107	7004	加藤 知子	女	東京都	2:46:29	0:26:19	35	1:30:38	291	1:56:57	118	0:49:32	119		4	女子50-59歳	1
108	1104	村井 浩人	男	東京都	2:46:41	0:37:16	391	1:21:10	77	1:58:26	135	0:48:15	93	104		男子20-29歳	21
109	5019	中森 一喜	男	神奈川県	2:46:41	0:25:49	30	1:28:56	228	1:54:45	95	0:51:56	163	105		男子50-59歳	26
110	1170	松尾 圭悟	男	東京都	2:47:09	0:29:15	79	1:26:13	170	1:55:28	101	0:51:41	157	106		男子30-39歳	24
111	7025	福永 慶	女	埼玉県	2:47:17	0:27:15	44	1:26:00	166	1:53:15	83	0:54:02	245		5	女子30-39歳	1
112	1141	DEBUT Lysandre	男	山形県	2:47:17	0:37:14	389	1:22:10	89	1:59:24	153	0:47:53	87	107		男子30-39歳	25
113	3178	小林 智彦	男	茨城県	2:47:19	0:34:52	256	1:23:24	110	1:58:16	131	0:49:03	111	108		男子50-59歳	27
114	4033	馬場 勉	男	埼玉県	2:47:26	0:36:28	338	1:26:48	179	2:03:16	207	0:44:10	35	109		男子50-59歳	28
115	3064	鈴江 英夫	男	東京都	2:47:53	0:35:42	292	1:23:22	109	1:59:04	144	0:48:49	107	110		男子40-49歳	30
116	4002	佐々木 薫	男	茨城県	2:47:59	0:31:41	148	1:23:12	104	1:54:53	98	0:53:06	207	111		男子50-59歳	29
117	7032	本間 未来	女	静岡県	2:48:07	0:30:24	105	1:29:40	261	2:00:04	161	0:48:03	90		6	女子30-39歳	2
118	3008	小野 佑規	男	大阪府	2:48:10	0:32:37	170	1:22:00	84	1:54:37	93	0:53:33	224	112		男子40-49歳	31
119	4171	秋山 充二郎	男	東京都	2:48:17	0:40:05	523	1:23:00	99	2:03:05	202	0:45:12	50	113		男子50-59歳	30
120	2002	中野 斉	男	大阪府	2:48:21	0:35:38	289	1:25:06	150	2:00:44	175	0:47:37	82	114		男子30-39歳	26
121	7057	中村 宏美	女	愛知県	2:48:24	0:31:33	141	1:25:10	153	1:56:43	114	0:51:41	158		7	女子40-49歳	1
122	2070	菅沼 義	男	東京都	2:48:29	0:36:59	374	1:24:51	144	2:01:50	187	0:46:39	70	115		男子30-39歳	27
123	1016	松崎 泰心フランシス	男	東京都	2:48:33	0:27:49	53	1:28:12	209	1:56:01	106	0:52:32	178	116		男子20-29歳	22
124	4108	相原 良太郎	男	千葉県	2:48:38	0:32:36	168	1:24:56	145	1:57:32	127	0:51:06	144	117		男子50-59歳	31
125	2127	岡田 知拓	男	神奈川県	2:48:39	0:36:07	320	1:24:10	123	2:00:17	168	0:48:22	97	118		男子40-49歳	32
126	3136	ライト マシュー	男	埼玉県	2:48:43	0:32:39	171	1:28:27	217	2:01:06	179	0:47:37	83	119		男子40-49歳	33
127	2098	根津 陽	男	千葉県	2:49:09	0:32:49	176	1:26:59	183	1:59:48	159	0:49:21	117	120		男子30-39歳	28
128	1168	大橋 謙太	男	東京都	2:49:11	0:30:56	123	1:24:39	138	1:55:35	104	0:53:36	228	121		男子30-39歳	29
129	4047	南 章行	男	東京都	2:49:15	0:30:46	118	1:25:23	155	1:56:09	109	0:53:06	206	122		男子50-59歳	32
130	3137	須藤 隆行	男	東京都	2:49:20	0:30:21	104	1:28:19	212	1:58:40	140	0:50:40	137	123		男子40-49歳	34
131	3096	金澤 英明	男	群馬県	2:49:27	0:29:37	86	1:17:47	48	1:47:24	46	1:02:03	458	124		男子40-49歳	35
132	3032	森本 昌宏	男	千葉県	2:49:34	0:34:29	242	1:26:26	174	2:00:55	178	0:48:39	100	125		男子40-49歳	36
133	3033	武居 功二	男	千葉県	2:49:37	0:35:07	270	1:25:44	158	2:00:51	177	0:48:46	106	126		男子40-49歳	37
134	2186	渥美 雄三	男	東京都	2:49:42	0:34:00	223	1:27:49	204	2:01:49	186	0:47:53	88	127		男子40-49歳	38
135	5020	野田 将太郎	男	千葉県	2:49:45	0:31:41	147	1:24:24	130	1:56:05	107	0:53:40	231	128		男子50-59歳	33
136	4039	西川 仁	男	神奈川県	2:50:05	0:28:17	62	1:25:01	147	1:53:18	86	0:56:47	323	129		男子50-59歳	34
137	2166	堀田 和則	男	東京都	2:50:05	0:34:14	233	1:29:16	243	2:03:30	212	0:46:35	68	130		男子40-49歳	39
138	1156	照井 大貴	男	宮城県	2:50:14	0:30:59	125	1:27:39	201	1:58:38	139	0:51:36	155	131		男子30-39歳	30
139	2146	田内 潤	男	愛知県	2:50:17	0:33:23	199	1:25:57	165	1:59:20	152	0:50:57	140	132		男子40-49歳	40
140	3039	榊原 優希	男	愛知県	2:50:22	0:39:12	482	1:27:09	189	2:06:21	267	0:44:01	33	133		男子40-49歳	41
141	2085	戸谷 信博	男	東京都	2:50:23	0:36:58	369	1:22:07	87	1:59:05	145	0:51:18	149	134		男子30-39歳	31
142	1044	橘 昌希	男	熊本県	2:50:24	0:41:36	588	1:24:20	127	2:05:56	256	0:44:28	39	135		男子20-29歳	23
143	3158	山口 賢	男	京都府	2:50:31	0:29:39	87	1:32:56	354	2:02:35	195	0:47:56	89	136		男子40-49歳	42
144	2032	浅尾 洋伸	男	東京都	2:50:46	0:33:35	205	1:23:52	119	1:57:27	125	0:53:19	218	137		男子30-39歳	32
145	1129	陶山 知明	男	滋賀県	2:50:46	0:31:13	131	1:28:58	230	2:00:11	165	0:50:35	136	138		男子30-39歳	33
146	3087	澤田 典明	男	大阪府	2:50:46	0:35:06	269	1:16:53	41	1:51:59	72	0:58:47	381	139		男子40-49歳	43
147	3031	丸岡 浩人	男	福岡県	2:51:04	0:36:49	357	1:27:30	198	2:04:19	226	0:46:45	71	140		男子40-49歳	44
148	7097	森 悦子	女	東京都	2:51:22	0:33:01	183	1:27:14	192	2:00:15	167	0:51:07	145		8	女子60-69歳	1
149	2055	角谷 将司	男	東京都	2:51:43	0:34:13	232	1:27:30	199	2:01:43	184	0:50:00	126	141		男子30-39歳	34
150	4161	三浦 輝	男	山梨県	2:51:46	0:31:09	130	1:25:51	163	1:57:00	120	0:54:46	266	142		男子50-59歳	35
151	1010	高瀬 歩武	男	東京都	2:51:51	0:35:15	277	1:23:57	120	1:59:12	150	0:52:39	187	143		男子20-29歳	24
152	1011	川村 俊介	男	神奈川県	2:51:51	0:29:31	83	1:29:39	260	1:59:10	149	0:52:41	191	144		男子20-29歳	25
153	1023	川崎 隼人	男	東京都	2:51:53	0:34:53	257	1:23:44	114	1:58:37	138	0:53:16	214	145		男子20-29歳	26
154	4079	松木 大輔	男	東京都	2:51:58	0:34:17	235	1:26:22	173	2:00:39	174	0:51:19	152	146		男子50-59歳	36
155	5096	山本 弘樹	男	神奈川県	2:52:12	0:29:14	78	1:25:49	161	1:55:03	99	0:57:09	336	147		男子50-59歳	37
156	3026	中島 敏彦	男	埼玉県	2:52:22	0:34:08	229	1:27:55	205	2:02:03	189	0:50:19	132	148		男子40-49歳	45
157	7013	プラシェジンキ ルイザ	女	山形県	2:52:32	0:32:57	180	1:29:24	248	2:02:21	191	0:50:11	130		9	女子20-29歳	1
158	3097	大橋 泰浩	男	山梨県	2:52:58	0:30:36	111	1:29:46	265	2:00:22	172	0:52:36	182	149		男子40-49歳	46
159	3068	市川 富啓	男	東京都	2:53:11	0:39:05	476	1:21:09	75	2:00:14	166	0:52:57	200	150		男子40-49歳	47
160	2165	福山 豊	男	神奈川県	2:53:31	0:25:42	29	1:34:04	384	1:59:46	158	0:53:45	236	151		男子40-49歳	48
161	3056	武田 裕規	男	愛知県	2:53:32	0:36:06	318	1:26:21	172	2:02:27	193	0:51:05	142	152		男子40-49歳	49
162	3025	三谷 翔一	男	山梨県	2:53:36	0:29:35	85	1:30:44	295	2:00:19	171	0:53:17	215	153		男子40-49歳	50
163	2132	中本 亮	男	兵庫県	2:53:38	0:28:36	67	1:35:09	413	2:03:45	217	0:49:53	123	154		男子40-49歳	51
164	3193	澤井 健司	男	東京都	2:53:48	0:35:13	273	1:32:08	328	2:07:21	280	0:46:27	66	155		男子50-59歳	38
165	2193	野 達郎	男	東京都	2:53:51	0:35:57	307	1:26:49	180	2:02:46	198	0:51:05	143	156		男子40-49歳	52
166	3163	佐々 竜太郎	男	東京都	2:53:55	0:33:47	212	1:26:08	168	1:59:55	160	0:54:00	244	157		男子50-59歳	39
167	4044	吉村 剛	男	静岡県	2:53:57	0:31:40	146	1:27:59	208	1:59:39	157	0:54:18	250	158		男子50-59歳	40
168	2142	桑名 洋	男	神奈川県	2:53:58	0:39:08	479	1:22:26	92	2:01:34	181	0:52:24	174	159		男子40-49歳	53
169	1063	藤田 研太	男	東京都	2:54:01	0:38:53	466							160		男子20-29歳	27
170	1210	岩崎 亘	男	静岡県	2:54:03	0:33:54	218	1:24:24	132	1:58:18	133	0:55:45	294	161		男子30-39歳	35
171	3029	渡辺 泰成	男	栃木県	2:54:06	0:42:31	620	1:23:20	108	2:05:51	253	0:48:15	94	162		男子40-49歳	54
172	5151	鈴木 謙太	男	東京都	2:54:20	0:32:31	166	1:23:02	100	1:55:33	103	0:58:47	380	163		男子60-69歳	4
173	3037	小林 之維	男	東京都	2:54:25	0:32:14	160	1:27:19	194	1:59:33	155	0:54:52	269	164		男子40-49歳	55
174	5033	丸山 勲	男	山梨県	2:54:30	0:38:30	448	1:24:37	137	2:03:07	203	0:51:23	153	165		男子50-59歳	41
175	4184	本多 和則	男	山梨県	2:54:32	0:32:01	154	1:27:02	185	1:59:03	143	0:55:29	286	166		男子50-59歳	42
176	1048	川合 光	男	神奈川県	2:54:34	0:35:52	302	1:24:46	142	2:00:38	173	0:53:56	241	167		男子20-29歳	28
177	3067	小田嶋 裕之	男	神奈川県	2:54:38	0:30:53	122	1:27:20	195	1:58:13	129	0:56:25	308	168		男子40-49歳	56
178	7064	辻江 智子	女	大阪府	2:54:51	0:30:30	107	1:29:49	268	2:00:19	170	0:54:32	259		10	女子50-59歳	2
179	4017	今井 基次	男	東京都	2:55:00	0:31:45	149	1:31:10	308	2:02:55	200	0:52:05	167	169		男子50-59歳	43
180	2111	沖津 浩也	男	岡山県	2:55:21	0:36:54	360	1:28:29	220	2:05:23	244	0:49:58	125	170		男子40-49歳	57
181	4051	西側 直樹	男	静岡県	2:55:29	0:36:36	348	1:29:11	239	2:05:47	251	0:49:42	122	171		男子50-59歳	44
182	7008	矢内 萌木	女	千葉県	2:55:29	0:35:15	279	1:27:09	188	2:02:24	192	0:53:05	205		11	女子20-29歳	2
183	1113	梅田 誠弘	男	千葉県	2:55:33	0:41:32	583	1:22:43	96	2:04:15	224	0:51:18	150	172		男子20-29歳	29
184	2172	横田 真宏	男	東京都	2:55:39	0:39:27	491	1:25:32	156	2:04:59	238	0:50:40	138	173		男子40-49歳	58
185	2083	彌永 大作	男	愛知県	2:55:39	0:28:15	61	1:26:58	182	1:55:13	100	1:00:26	421	174		男子30-39歳	36
186	2052	檜垣 瞭	男	群馬県	2:55:45	0:32:20	161	1:24:24	131	1:56:44	115	0:59:01	387	175		男子30-39歳	37
187	4057	大和田 英明	男	神奈川県	2:55:45	0:28:37	70	1:28:24	214	1:57:01	121	0:58:44	377	176		男子50-59歳	45
188	5104	田中 貴之	男	神奈川県	2:55:55	0:37:21	394	1:25:54	164	2:03:15	206	0:52:40	190	177		男子50-59歳	46
189	1206	大山 和也	男	東京都	2:55:56	0:24:49	21	1:38:15	493	2:03:04	201	0:52:52	195	178		男子30-39歳	38
190	5007	小笠原 治	男	東京都	2:56:00	0:39:08	480	1:24:20	128	2:03:28	210	0:52:32	177	179		男子50-59歳	47
191	3030	染谷 一人	男	神奈川県	2:56:00	0:41:05	560	1:25:50	162	2:06:55	276	0:49:05	113	180		男子40-49歳	59
192	2164	坂本 知丸	男	神奈川県	2:56:06	0:37:54	417	1:25:47	160	2:03:41	216	0:52:25	175	181		男子40-49歳	60
193	3086	野口 研二	男	神奈川県	2:56:06	0:38:27	444	1:33:09	361	2:11:36	368	0:44:30	40	182		男子40-49歳	61
194	3165	福田 修平	男	東京都	2:56:09	0:37:51	416	1:26:21	171	2:04:12	221	0:51:57	164	183		男子50-59歳	48
195	2190	竹中 剛	男	静岡県	2:56:13	0:44:02	665	1:28:28	218	2:12:30	391	0:43:43	30	184		男子40-49歳	62
196	2076	南 晃平	男	東京都	2:56:17	0:36:17	326	1:25:09	152	2:01:26	180	0:54:51	268	185		男子30-39歳	39
197	7065	俵 るみ子	女	東京都	2:56:17	0:34:00	224	1:30:04	273	2:04:04	220	0:52:13	171		12	女子50-59歳	3
198	2034	松本 悠	男	東京都	2:56:20	0:36:05	314	1:26:40	178	2:02:45	197	0:53:35	225	186		男子30-39歳	40
199	2072	松原 恵	男	滋賀県	2:56:27	0:43:50	659	1:18:40	50	2:02:30	194	0:53:57	243	187		男子30-39歳	41
200	5057	山田 昌孝	男	岐阜県	2:56:32	0:34:27	240	1:24:02	122	1:58:29	136	0:58:03	359	188		男子50-59歳	49
201	1024	横山 寿紀	男	神奈川県	2:56:38	0:26:41	39	1:27:28	197	1:54:09	90	1:02:29	469	189		男子20-29歳	30
202	3127	ダーニング トーマス	男	神奈川県	2:56:50	0:33:16	196	1:27:01	184	2:00:17	169	0:56:33	317	190		男子40-49歳	63
203	1173	山口 大貴	男	神奈川県	2:56:54	0:33:53	217	1:31:42	320	2:05:35	246	0:51:19	151	191		男子30-39歳	42
204	4021	山河 俊貴	男	神奈川県	2:56:56	0:31:31	140	1:31:44	322	2:03:15	204	0:53:41	232	192		男子50-59歳	50
205	4032	高田 潤	男	大阪府	2:56:57	0:27:15	43	1:31:07	305	1:58:22	134	0:58:35	371	193		男子50-59歳	51
206	1111	二反田 颯	男	東京都	2:57:01	0:36:58	370	1:30:06	274	2:07:04	278	0:49:57	124	194		男子20-29歳	31
207	4172	丹柿 善光	男	静岡県	2:57:08	0:33:08	187	1:30:32	287	2:03:40	214	0:53:28	221	195		男子50-59歳	52
208	2042	秋月 貴尋	男	埼玉県	2:57:19	0:37:36	409	1:20:40	69	1:58:16	130	0:59:03	389	196		男子30-39歳	43
209	4116	森本 真	男	東京都	2:57:20	0:32:45	173	1:28:52	227	2:01:37	182	0:55:43	292	197		男子50-59歳	53
210	1143	森 拓也	男	神奈川県	2:57:24	0:34:57	262	1:35:11	415	2:10:08	336	0:47:16	79	198		男子30-39歳	44
211	4119	蓮見 広樹	男	東京都	2:57:51	0:37:01	379	1:27:13	191	2:04:14	223	0:53:37	229	199		男子50-59歳	54
212	3138	吉野 公貴	男	東京都	2:57:52	0:35:08	271	1:32:40	346	2:07:48	289	0:50:04	127	200		男子40-49歳	64
213	5160	部谷 直樹	男	京都府	2:58:05	0:35:06	268	1:29:24	247	2:04:30	231	0:53:35	227	201		男子60-69歳	5
214	7054	国森 ひとみ	女	東京都	2:58:15	0:31:55	151	1:33:59	383	2:05:54	255	0:52:21	173		13	女子40-49歳	2
215	2198	水中 一成	男	大阪府	2:58:18	0:34:11	231	1:24:56	146	1:59:07	147	0:59:11	395	202		男子40-49歳	65
216	2185	大野 国武	男	静岡県	2:58:21	0:38:27	443	1:26:39	177	2:05:06	239	0:53:15	213	203		男子40-49歳	66
217	6001	北市 隆	男	徳島県	2:58:21	0:33:48	213	1:30:12	277	2:04:00	219	0:54:21	252	204		男子60-69歳	6
218	2104	粟田 裕太朗	男	兵庫県	2:58:27	0:36:27	335	1:32:46	347	2:09:13	318	0:49:14	116	205		男子30-39歳	45
219	7062	吉岡 希巳江	女	静岡県	2:58:33	0:30:26	106	1:35:19	422	2:05:45	249	0:52:48	193		14	女子40-49歳	3
220	5103	浜田 紀由	男	滋賀県	2:58:33	0:35:55	306	1:29:03	232	2:04:58	237	0:53:35	226	206		男子50-59歳	55
221	5129	中谷 正弥	男	大阪府	2:58:40	0:33:27	201	1:27:23	196	2:00:50	176	0:57:50	356	207		男子60-69歳	7
222	3107	高藤 佑也	男	愛知県	2:58:41	0:30:41	114	1:28:25	216	1:59:06	146	0:59:35	402	208		男子40-49歳	67
223	4107	佐藤 圭峰	男	神奈川県	2:58:42	0:32:24	163	1:37:34	479	2:09:58	332	0:48:44	104	209		男子50-59歳	56
224	2015	小西 健悟	男	神奈川県	2:58:46	0:34:54	260	1:30:48	299	2:05:42	248	0:53:04	204	210		男子30-39歳	46
225	4149	吉澤 延彦	男	東京都	2:58:47	0:37:29	402	1:29:06	235	2:06:35	271	0:52:12	170	211		男子50-59歳	57
226	1136	薮塚 亮太朗	男	東京都	2:58:47	0:30:17	102	1:33:59	382	2:04:16	225	0:54:31	258	212		男子30-39歳	47
227	3145	山本 恒夫	男	神奈川県	2:58:49	0:38:09	436	1:31:41	318	2:09:50	328	0:48:59	110	213		男子40-49歳	68
228	5172	石井 克彦	男	埼玉県	2:58:54	0:36:48	356	1:33:30	370	2:10:18	342	0:48:36	99	214		男子60-69歳	8
229	1072	藤井 勇人	男	東京都	2:58:55	0:36:27	334	1:30:01	270	2:06:28	269	0:52:27	176	215		男子20-29歳	32
230	3125	坂田 雅雄	男	東京都	2:59:03	0:31:17	135	1:34:54	408	2:06:11	263	0:52:52	196	216		男子40-49歳	69
231	2022	佐藤 直道	男	大阪府	2:59:04	0:35:33	286	1:29:47	266	2:05:20	243	0:53:44	235	217		男子30-39歳	48
232	4105	内山 和夫	男	東京都	2:59:06	0:33:06	185	1:28:35	222	2:01:41	183	0:57:25	347	218		男子50-59歳	58
233	4113	工藤 諭志	男	神奈川県	2:59:10	0:49:37	780	1:20:29	67	2:10:06	334	0:49:04	112	219		男子50-59歳	59
234	4166	戸塚 英邦	男	東京都	2:59:16	0:35:22	281	1:29:23	246	2:04:45	234	0:54:31	257	220		男子50-59歳	60
235	3084	小西 正喜	男	東京都	2:59:36	0:37:49	414	1:29:48	267	2:07:37	284	0:51:59	166	221		男子40-49歳	70
236	3173	朝岡 保宏	男	愛知県	2:59:36	0:37:39	411	1:26:34	175	2:04:13	222	0:55:23	281	222		男子50-59歳	61
237	2195	福地 康正	男	栃木県	2:59:53	0:31:38	144	1:24:39	139	1:56:17	111	1:03:36	502	223		男子40-49歳	71
238	1053	上釜 颯太	男	東京都	3:00:01	0:40:26	541	1:28:28	219	2:08:54	308	0:51:07	146	224		男子20-29歳	33
239	4115	中村 吉信	男	兵庫県	3:00:12	0:36:19	328	1:30:12	278	2:06:31	270	0:53:41	233	225		男子50-59歳	62
240	3065	神之浦 久志	男	栃木県	3:00:16	0:36:19	329	1:23:48	117	2:00:07	162	1:00:09	413	226		男子40-49歳	72
241	3116	白木 昭光	男	神奈川県	3:00:34	0:31:55	152	1:32:25	339	2:04:20	229	0:56:14	306	227		男子40-49歳	73
242	1021	村木 純	男	東京都	3:00:43	0:33:55	219	1:30:57	301	2:04:52	235	0:55:51	297	228		男子20-29歳	34
243	5083	永山 治孝	男	京都府	3:00:53	0:33:11	193	1:32:18	336	2:05:29	245	0:55:24	282	229		男子50-59歳	63
244	4083	安藤 哲雄	男	埼玉県	3:00:58	0:41:38	591	1:24:35	136	2:06:13	265	0:54:45	265	230		男子50-59歳	64
245	4036	大路 潔	男	神奈川県	3:01:10	0:31:38	142	1:33:05	356	2:04:43	233	0:56:27	310	231		男子50-59歳	65
246	1144	國廣 智志	男	東京都	3:01:12	0:31:17	136	1:36:37	451	2:07:54	291	0:53:18	216	232		男子30-39歳	49
247	1208	三谷 幸輝	男	京都府	3:01:16	0:36:17	327	1:28:57	229	2:05:14	241	0:56:02	302	233		男子30-39歳	50
248	4049	樋本 直	男	大阪府	3:01:17	0:34:53	259	1:28:37	225	2:03:30	211	0:57:47	355	234		男子50-59歳	66
249	4023	宿利 保章	男	東京都	3:01:21	0:34:58	263	1:35:08	412	2:10:06	335	0:51:15	148	235		男子50-59歳	67
250	2099	佐久間 亨	男	愛知県	3:01:29	0:38:08	435	1:29:42	262	2:07:50	290	0:53:39	230	236		男子30-39歳	51
251	5024	小松 俊介	男	東京都	3:01:36	0:36:58	368	1:30:15	281	2:07:13	279	0:54:23	254	237		男子50-59歳	68
252	3062	草深 悠介	男	大阪府	3:01:36	0:34:53	258	1:31:16	309	2:06:09	262	0:55:27	284	238		男子40-49歳	74
253	2183	椎葉 洋	男	東京都	3:01:39	0:32:07	158	1:34:31	396	2:06:38	273	0:55:01	274	239		男子40-49歳	75
254	3143	井上 功之	男	東京都	3:01:40	0:31:29	139	1:33:05	357	2:04:34	232	0:57:06	334	240		男子40-49歳	76
255	3195	清水 辰典	男	東京都	3:01:42	0:50:55	793	1:21:24	79	2:12:19	386	0:49:23	118	241		男子50-59歳	69
256	6022	田前 正博	男	神奈川県	3:02:00	0:41:09	564	1:27:58	206	2:09:07	313	0:52:53	198	242		男子60-69歳	9
257	1089	石丸 知輝	男	山梨県	3:02:09	0:29:51	93	1:33:50	378	2:03:41	215	0:58:28	368	243		男子20-29歳	35
258	1127	伊藤 大翔	男	宮城県	3:02:27	0:35:58	309	1:30:45	296	2:06:43	274	0:55:44	293	244		男子30-39歳	52
259	4135	中川 善富	男	静岡県	3:02:32	0:37:32	405	1:28:32	221	2:06:04	258	0:56:28	312	245		男子50-59歳	70
260	7089	東海林 美佳	女	東京都	3:02:32	0:35:45	297	1:32:12	332	2:07:57	293	0:54:35	261		15	女子60-69歳	2
261	3007	桑原 勝	男	岐阜県	3:02:33	0:41:15	569	1:28:37	223	2:09:52	329	0:52:41	192	246		男子40-49歳	77
262	1194	斉藤 宏之	男	東京都	3:02:41	0:42:08	608	1:29:24	249	2:11:32	367	0:51:09	147	247		男子30-39歳	53
263	3188	加藤 丈博	男	北海道	3:02:43	0:38:07	432	1:30:06	275	2:08:13	298	0:54:30	256	248		男子50-59歳	71
264	1028	樋下田 海聖	男	埼玉県	3:02:59	0:28:54	73	1:35:25	425	2:04:19	227	0:58:40	375	249		男子20-29歳	36
265	5044	市川 智昭	男	東京都	3:03:01	0:33:10	192	1:30:08	276	2:03:18	208	0:59:43	405	250		男子50-59歳	72
266	2106	関口 徳朗	男	神奈川県	3:03:09	0:36:10	322	1:32:50	351	2:09:00	310	0:54:09	246	251		男子30-39歳	54
267	5063	仲宗根 一郎	男	神奈川県	3:03:21	0:33:20	197	1:32:47	348	2:06:07	261	0:57:14	341	252		男子50-59歳	73
268	3004	坂田 康明	男	東京都	3:03:21	0:44:47	690	1:25:06	151	2:09:53	330	0:53:28	223	253		男子40-49歳	78
269	5087	玉舎 久幸	男	岐阜県	3:03:28	0:39:44	500	1:29:16	242	2:09:00	309	0:54:28	255	254		男子50-59歳	74
270	2170	遠藤 慧	男	千葉県	3:03:49	0:31:16	134	1:25:18	154	1:56:34	112	1:07:15	607	255		男子40-49歳	79
271	7045	矢野 めぐみ	女	埼玉県	3:03:49	0:31:01	128	1:32:14	334	2:03:15	205	1:00:34	426		16	女子40-49歳	4
272	7016	尾崎 未佳	女	岡山県	3:03:58	0:35:52	303	1:36:10	436	2:12:02	378	0:51:56	162		17	女子30-39歳	3
273	2123	齋藤 信	男	静岡県	3:04:04	0:35:50	301	1:35:34	429	2:11:24	363	0:52:40	188	256		男子40-49歳	80
274	3135	福嶋 智之	男	岡山県	3:04:04	0:37:58	424	1:31:10	307	2:09:08	314	0:54:56	271	257		男子40-49歳	81
275	7018	夫 美紗	女	東京都	3:04:10	0:31:21	137	1:37:50	483	2:09:11	315	0:54:59	273		18	女子30-39歳	4
276	2056	平元 桂佑	男	東京都	3:04:13	0:47:17	747	1:25:01	148	2:12:18	385	0:51:55	160	258		男子30-39歳	55
277	4005	小山 義一	男	東京都	3:04:13	0:31:38	143	1:30:36	289	2:02:14	190	1:01:59	454	259		男子50-59歳	75
278	6033	谷田 賢二	男	富山県	3:04:17	0:44:20	677	1:27:44	202	2:12:04	379	0:52:13	172	260		男子70-79歳	1
279	3162	瀧澤 孝行	男	岐阜県	3:04:19	0:35:54	305	1:31:36	316	2:07:30	281	0:56:49	324	261		男子40-49歳	82
280	1157	舘澤 巧	男	神奈川県	3:04:23	0:28:02	57	1:33:57	381	2:01:59	188	1:02:24	467	262		男子30-39歳	56
281	4095	品田 貴寛	男	新潟県	3:04:28	0:29:12	77	1:29:20	245	1:58:32	137	1:05:56	577	263		男子50-59歳	76
282	4125	高橋 義典	男	千葉県	3:04:31	0:30:52	121	1:36:50	457	2:07:42	285	0:56:49	325	264		男子50-59歳	77
283	2033	植田 昌敬	男	香川県	3:04:44	0:30:41	115	1:29:27	250	2:00:08	163	1:04:36	528	265		男子30-39歳	57
284	1046	関根 沙文	男	東京都	3:04:47	0:35:03	267	1:27:44	203	2:02:47	199	1:02:00	456	266		男子20-29歳	37
285	1185	武井 孝祐	男	静岡県	3:04:49	0:41:09	565	1:28:45	226	2:09:54	331	0:54:55	270	267		男子30-39歳	58
286	5051	嵯峨 泰介	男	神奈川県	3:04:57	0:33:23	198	1:28:20	213	2:01:43	185	1:03:14	492	268		男子50-59歳	78
287	4140	池田 征央	男	東京都	3:05:08	0:33:43	208	1:34:12	387	2:07:55	292	0:57:13	340	269		男子50-59歳	79
288	2134	大泉 健太	男	埼玉県	3:05:10	0:41:32	582	1:33:15	366	2:14:47	438	0:50:23	133	270		男子40-49歳	83
289	5186	玉井 敏雄	男	千葉県	3:05:21	0:34:51	253	1:33:12	363	2:08:03	296	0:57:18	344	271		男子60-69歳	10
290	1084	江夏 雄太	男	東京都	3:05:22	0:46:34	729	1:23:46	116	2:10:20	343	0:55:02	276	272		男子20-29歳	38
291	1112	藤井 洸希	男	東京都	3:05:24	0:33:44	209	1:35:50	432	2:09:34	325	0:55:50	295	273		男子20-29歳	39
292	3013	杉平 洋平	男	群馬県	3:05:25	0:42:10	610	1:34:36	399	2:16:46	471	0:48:39	101	274		男子40-49歳	84
293	1126	北村 彰則	男	大阪府	3:05:27	0:28:50	72	1:42:41	590	2:11:31	366	0:53:56	242	275		男子30-39歳	59
294	1209	内田 修平	男	東京都	3:05:27	0:34:41	249	1:38:08	490	2:12:49	398	0:52:38	186	276		男子30-39歳	60
295	2129	奥村 和正	男	東京都	3:05:31	0:48:59	774	1:23:07	102	2:12:06	380	0:53:25	219	277		男子40-49歳	85
296	5146	鵜飼 隆司	男	岐阜県	3:05:34	0:37:22	395	1:28:25	215	2:05:47	250	0:59:47	408	278		男子60-69歳	11
297	5047	小澤 賢	男	東京都	3:05:35	0:37:23	396	1:31:43	321	2:09:06	312	0:56:29	315	279		男子50-59歳	80
298	3079	松田 正人	男	千葉県	3:05:40	0:34:44	252	1:24:43	141	1:59:27	154	1:06:13	584	280		男子40-49歳	86
299	1171	土屋 雄揮	男	東京都	3:05:47	0:36:14	324	1:29:37	257	2:05:51	254	0:59:56	410	281		男子30-39歳	61
300	2088	鈴木 智士	男	静岡県	3:05:55	0:38:08	433	1:31:08	306	2:09:16	319	0:56:39	318	282		男子30-39歳	62
301	4096	竹田 東	男	東京都	3:05:57	0:36:34	343	1:29:38	258	2:06:12	264	0:59:45	406	283		男子50-59歳	81
302	2208	坂大 靖	男	静岡県	3:06:00	0:36:00	310	1:37:27	474	2:13:27	407	0:52:33	179	284		男子40-49歳	87
303	7044	竹内 もも子	女	埼玉県	3:06:00	0:36:29	340	1:29:36	255	2:06:05	259	0:59:55	409		19	女子40-49歳	5
304	4148	菊池 信行	男	福岡県	3:06:01	0:33:16	195	1:33:29	369	2:06:45	275	0:59:16	398	285		男子50-59歳	82
305	5108	大塚 邦幸	男	東京都	3:06:16	0:35:30	285	1:32:34	341	2:08:04	297	0:58:12	362	286		男子60-69歳	12
306	2181	大谷 寛之	男	神奈川県	3:06:19	0:46:25	724	1:29:04	234	2:15:29	450	0:50:50	139	287		男子40-49歳	88
307	3100	池本 隆	男	香川県	3:06:20	0:36:04	311	1:27:33	200	2:03:37	213	1:02:43	480	288		男子40-49歳	89
308	5176	釘宮 祐治	男	愛知県	3:06:33	0:33:45	210	1:29:42	263	2:03:27	209	1:03:06	489	289		男子60-69歳	13
309	4077	月岡 正義	男	山梨県	3:06:38	0:34:52	255	1:30:03	272	2:04:55	236	1:01:43	450	290		男子50-59歳	83
310	2199	成宮 博之	男	東京都	3:06:39	0:40:06	525	1:29:11	238	2:09:17	320	0:57:22	346	291		男子40-49歳	90
311	6055	中澤 隆	男	東京都	3:06:43	0:33:10	191	1:20:05	58	1:53:15	84	1:13:28	705	292		男子40-49歳	91
312	3091	工藤 敦史	男	滋賀県	3:06:51	0:42:03	606	1:31:47	324	2:13:50	415	0:53:01	203	293		男子40-49歳	92
313	2043	窪田 敦紀	男	東京都	3:07:01	0:35:01	265	1:31:05	303	2:06:06	260	1:00:55	435	294		男子30-39歳	63
314	5014	山本 義孝	男	大阪府	3:07:05	0:38:32	450	1:31:06	304	2:09:38	326	0:57:27	348	295		男子50-59歳	84
315	3015	前川 和成	男	埼玉県	3:07:08	0:35:14	276	1:34:47	404	2:10:01	333	0:57:07	335	296		男子40-49歳	93
316	3003	富永 健裕	男	東京都	3:07:10	0:45:46	713	1:29:29	252	2:15:15	447	0:51:55	161	297		男子40-49歳	94
317	2074	大原 哲矢	男	大阪府	3:07:13	0:40:16	532	1:34:22	392	2:14:38	433	0:52:35	181	298		男子30-39歳	64
318	4132	相木 隆宏	男	東京都	3:07:20	0:40:10	526	1:30:20	284	2:10:30	349	0:56:50	326	299		男子50-59歳	85
319	7047	入部 梓	女	神奈川県	3:07:20	0:31:02	129	1:39:33	523	2:10:35	351	0:56:45	322		20	女子40-49歳	6
320	7012	舩橋 日菜子	女	東京都	3:07:34	0:30:08	99	1:35:06	410	2:05:14	240	1:02:20	466		21	女子20-29歳	3
321	2078	長 侑希	男	東京都	3:07:37	0:32:04	156	1:30:40	292	2:02:44	196	1:04:53	543	300		男子30-39歳	65
322	1099	佐野 舜介	男	埼玉県	3:07:47	0:44:23	680	1:29:03	233	2:13:26	405	0:54:21	253	301		男子20-29歳	40
323	5009	大西 健人	男	兵庫県	3:07:52	0:45:15	704	1:24:15	125	2:09:30	324	0:58:22	363	302		男子50-59歳	86
324	2004	浅田 伸一	男	東京都	3:07:54	0:37:17	392	1:36:17	440	2:13:34	410	0:54:20	251	303		男子30-39歳	66
325	4160	佐々木 毅	男	静岡県	3:07:56	0:35:43	293	1:38:18	495	2:14:01	421	0:53:55	238	304		男子50-59歳	87
326	4182	中里 邦彦	男	東京都	3:08:01	0:36:58	367	1:31:35	315	2:08:33	304	0:59:28	401	305		男子50-59歳	88
327	1026	平田 悠	男	東京都	3:08:02	0:44:21	678	1:26:01	167	2:10:22	344	0:57:40	353	306		男子20-29歳	41
328	5173	廣瀬 敦	男	愛知県	3:08:04	0:36:05	315	1:30:19	283	2:06:24	268	1:01:40	448	307		男子60-69歳	14
329	2090	松下 知弘	男	愛知県	3:08:08	0:38:41	459	1:32:34	342	2:11:15	360	0:56:53	328	308		男子30-39歳	67
330	2038	長友 一樹	男	京都府	3:08:09	0:37:11	385	1:33:43	375	2:10:54	356	0:57:15	342	309		男子30-39歳	68
331	7036	井出 智子	女	東京都	3:08:12	0:35:09	272	1:36:35	450	2:11:44	370	0:56:28	313		22	女子30-39歳	5
332	5004	河野 朋和	男	神奈川県	3:08:14	0:36:04	312	1:33:15	365	2:09:19	321	0:58:55	385	310		男子50-59歳	89
333	2145	目崎 明	男	東京都	3:08:15	0:47:13	746	1:24:48	143	2:12:01	376	0:56:14	307	311		男子40-49歳	95
334	2012	横山 雄太	男	神奈川県	3:08:15	0:43:51	660	1:30:36	290	2:14:27	431	0:53:48	237	312		男子30-39歳	69
335	1128	大島 優人	男	東京都	3:08:24	0:40:40	549	1:37:26	473	2:18:06	490	0:50:18	131	313		男子30-39歳	70
336	2203	江原 祐介	男	神奈川県	3:08:25	0:41:52	598	1:31:32	314	2:13:24	404	0:55:01	275	314		男子40-49歳	96
337	5165	井上 英明	男	東京都	3:08:26	0:33:07	186	1:33:11	362	2:06:18	266	1:02:08	461	315		男子60-69歳	15
338	3149	中山 博登	男	埼玉県	3:08:32	0:36:44	353	1:32:27	340	2:09:11	316	0:59:21	400	316		男子40-49歳	97
339	4064	前島 剛	男	三重県	3:08:33	0:37:39	412	1:33:33	371	2:11:12	359	0:57:21	345	317		男子50-59歳	90
340	7009	名越 真由	女	神奈川県	3:08:51	0:34:21	238	1:33:54	379	2:08:15	299	1:00:36	427		23	女子20-29歳	4
341	6035	志村 祐男	男	静岡県	3:08:53	0:32:54	179	1:32:54	353	2:05:48	252	1:03:05	488	318		男子70-79歳	2
342	2179	佐藤 弘二	男	東京都	3:08:55	0:40:20	538	1:44:34	635	2:24:54	598	0:44:01	32	319		男子40-49歳	98
343	4133	副島 邦洋	男	東京都	3:09:00	0:32:04	155	1:31:41	319	2:03:45	218	1:05:15	552	320		男子50-59歳	91
344	5166	山田 潤	男	愛知県	3:09:01	0:36:31	342	1:32:11	331	2:08:42	306	1:00:19	417	321		男子60-69歳	16
345	5077	木村 文郎	男	神奈川県	3:09:02	0:39:56	517	1:32:39	344	2:12:35	395	0:56:27	309	322		男子50-59歳	92
346	2112	笠松 賢一	男	愛知県	3:09:07	0:36:34	344	1:37:06	465	2:13:40	414	0:55:27	285	323		男子40-49歳	99
347	1065	森谷 龍之介	男	神奈川県	3:09:08	0:36:21	330	1:34:43	403	2:11:04	357	0:58:04	360	324		男子20-29歳	42
348	5141	一矢 好彦	男	東京都	3:09:09	0:41:58	602	1:28:17	211	2:10:15	341	0:58:54	384	325		男子60-69歳	17
349	4129	高野 交史	男	埼玉県	3:09:12	0:42:45	631	1:30:51	300	2:13:36	412	0:55:36	289	326		男子50-59歳	93
350	1159	岩田 大樹	男	神奈川県	3:09:14	0:35:44	295	1:37:40	481	2:13:24	403	0:55:50	296	327		男子30-39歳	71
351	2062	原 良輔	男	長野県	3:09:16	0:39:03	474	1:37:06	466	2:16:09	458	0:53:07	209	328		男子30-39歳	72
352	1085	北村 翔太	男	大阪府	3:09:18	0:35:14	275	1:32:47	349	2:08:01	295	1:01:17	444	329		男子20-29歳	43
353	2167	穂積 潤一	男	神奈川県	3:09:21	0:41:12	567	1:38:03	487	2:19:15	506	0:50:06	129	330		男子40-49歳	100
354	4070	山田 直哉	男	静岡県	3:09:22	0:40:33	544	1:36:12	438	2:16:45	470	0:52:37	184	331		男子50-59歳	94
355	4114	稲垣 慎治	男	神奈川県	3:09:22	0:42:42	630	1:29:07	237	2:11:49	373	0:57:33	351	332		男子50-59歳	95
356	2124	佐野 広幸	男	山梨県	3:09:23	0:35:54	304	1:36:20	443	2:12:14	382	0:57:09	337	333		男子40-49歳	101
357	3141	佐藤 智洋	男	岐阜県	3:09:29	0:47:25	748	1:29:14	241	2:16:39	466	0:52:50	194	334		男子40-49歳	102
358	4052	露木 仁士	男	神奈川県	3:09:41	0:37:00	376	1:34:19	389	2:11:19	361	0:58:22	364	335		男子50-59歳	96
359	6012	森 哲	男	茨城県	3:09:45	0:34:42	250	1:29:38	259	2:04:20	228	1:05:25	558	336		男子60-69歳	18
360	2027	辻野 智紀	男	埼玉県	3:10:02	0:32:50	177	1:38:20	496	2:11:10	358	0:58:52	382	337		男子30-39歳	73
361	2061	小松 竜太郎	男	山梨県	3:10:15	0:39:52	509	1:32:25	338	2:12:17	384	0:57:58	357	338		男子30-39歳	74
362	1057	彦谷 俊太	男	神奈川県	3:10:29	0:45:26	707	1:23:59	121	2:09:25	323	1:01:04	441	339		男子20-29歳	44
363	1062	高井 涼史	男	神奈川県	3:10:32	0:34:59	264	1:33:22	368	2:08:21	303	1:02:11	463	340		男子20-29歳	45
364	3058	松本 尚也	男	東京都	3:10:42	0:30:42	116	1:29:28	251	2:00:10	164	1:10:32	672	341		男子40-49歳	103
365	5135	稲富 聖二	男	東京都	3:10:50	0:33:31	203	1:32:10	330	2:05:41	247	1:05:09	547	342		男子60-69歳	19
366	4012	田中 亮	男	千葉県	3:10:52	0:36:59	373	1:40:45	544	2:17:44	481	0:53:08	210	343		男子50-59歳	97
367	2119	宮崎 悠太	男	東京都	3:11:11	0:37:29	401	1:35:03	409	2:12:32	392	0:58:39	373	344		男子40-49歳	104
368	7098	菊池 美奈	女	東京都	3:11:16	0:34:29	241	1:31:29	312	2:05:58	257	1:05:18	554		24	女子60-69歳	3
369	1201	押川 知樹	男	愛知県	3:11:16	0:29:10	76	1:29:07	236	1:58:17	132	1:12:59	698	345		男子30-39歳	75
370	1036	天鷲 翔太郎	男	東京都	3:11:17	0:33:57	221	1:34:49	405	2:08:46	307	1:02:31	471	346		男子20-29歳	46
371	2030	田中 昭雄	男	東京都	3:11:24	0:44:37	686	1:25:47	159	2:10:24	346	1:01:00	438	347		男子30-39歳	76
372	4118	多田 和弘	男	東京都	3:11:32	0:33:09	189	1:39:16	513	2:12:25	389	0:59:07	392	348		男子50-59歳	98
373	3104	北條 明宏	男	大阪府	3:11:36	0:36:41	351	1:33:07	359	2:09:48	327	1:01:48	453	349		男子40-49歳	105
374	1146	村松 健太郎	男	東京都	3:11:38	0:40:11	527	1:30:17	282	2:10:28	347	1:01:10	442	350		男子30-39歳	77
375	5142	中 健一	男	富山県	3:11:38	0:36:05	313	1:36:49	456	2:12:54	399	0:58:44	378	351		男子60-69歳	20
376	5112	柴田 俊一	男	東京都	3:11:40	0:37:06	383	1:39:23	518	2:16:29	463	0:55:11	278	352		男子60-69歳	21
377	1133	内田 康太	男	東京都	3:11:42	0:43:21	642	1:27:08	187	2:10:29	348	1:01:13	443	353		男子30-39歳	78
378	4061	熊田 誠	男	埼玉県	3:11:54	0:35:13	274	1:33:07	358	2:08:20	301	1:03:34	500	354		男子50-59歳	99
379	4168	近藤 敏	男	静岡県	3:11:56	0:36:57	366	1:33:18	367	2:10:15	340	1:01:41	449	355		男子50-59歳	100
380	5058	檀上 洋	男	和歌山県	3:12:02	0:42:10	611	1:31:25	310	2:13:35	411	0:58:27	367	356		男子50-59歳	101
381	7087	田丸 統子	女	奈良県	3:12:06	0:35:45	296	1:36:02	434	2:11:47	372	1:00:19	418		25	女子50-59歳	4
382	4084	宮島 将志	男	神奈川県	3:12:22	0:38:04	429	1:29:56	269	2:08:00	294	1:04:22	522	357		男子50-59歳	102
383	1052	有本 秀明	男	千葉県	3:12:26	0:39:51	507	1:39:55	531	2:19:46	517	0:52:40	189	358		男子20-29歳	47
384	4136	中山 健司	男	東京都	3:12:35	0:41:36	587	1:26:09	169	2:07:45	287	1:04:50	541	359		男子50-59歳	103
385	4179	西野谷 旅	男	東京都	3:12:41	0:40:23	539	1:26:37	176	2:07:00	277	1:05:41	567	360		男子50-59歳	104
386	4054	荒川 哲夫	男	埼玉県	3:12:46	0:35:26	284	1:37:00	463	2:12:26	390	1:00:20	420	361		男子50-59歳	105
387	7080	鈴木 敦子	女	千葉県	3:12:47	0:33:04	184	1:34:29	394	2:07:33	282	1:05:14	551		26	女子50-59歳	5
388	3092	柳沢 拓也	男	神奈川県	3:12:52	0:47:10	744	1:30:03	271	2:17:13	474	0:55:39	290	362		男子40-49歳	106
389	5018	佐藤 伸一	男	愛知県	3:13:07	0:36:27	336	1:31:51	325	2:08:18	300	1:04:49	538	363		男子50-59歳	106
390	2080	前島 健志	男	大阪府	3:13:18	0:36:26	333	1:40:07	534	2:16:33	465	0:56:45	321	364		男子30-39歳	79
391	2003	小平 寛之	男	東京都	3:13:22	0:39:53	512	1:37:29	476	2:17:22	478	0:56:00	301	365		男子30-39歳	80
392	4145	武藤 健一郎	男	東京都	3:13:22	0:35:18	280	1:39:30	522	2:14:48	439	0:58:34	370	366		男子50-59歳	107
393	1050	日下 和希	男	東京都	3:13:25	0:25:13	25	1:45:10	643	2:10:23	345	1:03:02	487	367		男子20-29歳	48
394	1152	河野 和也	男	大阪府	3:13:35	0:34:55	261	1:35:14	417	2:10:09	337	1:03:26	498	368		男子30-39歳	81
395	2047	増田 健太郎	男	静岡県	3:13:38	0:38:49	464	1:34:37	400	2:13:26	406	1:00:12	415	369		男子30-39歳	82
396	3063	寺島 直樹	男	埼玉県	3:13:45	0:46:49	737	1:31:30	313	2:18:19	494	0:55:26	283	370		男子40-49歳	107
397	5081	ルベンステイン デビド	男	静岡県	3:13:46	0:33:49	214	1:30:34	288	2:04:23	230	1:09:23	643	371		男子50-59歳	108
398	3160	柳生 智之	男	神奈川県	3:13:56	0:39:01	472	1:37:24	471	2:16:25	462	0:57:31	349	372		男子40-49歳	108
399	4018	渡邊 隆志	男	山梨県	3:13:58	0:42:10	609	1:29:13	240	2:11:23	362	1:02:35	476	373		男子50-59歳	109
400	5078	三本 雅樹	男	千葉県	3:14:00	0:42:33	623	1:27:58	207	2:10:31	350	1:03:29	499	374		男子50-59歳	110
401	2187	村瀬 智彦	男	岐阜県	3:14:09	0:39:45	501	1:35:14	418	2:14:59	442	0:59:10	394	375		男子40-49歳	109
402	1073	橋本 瑞希	男	長野県	3:14:10	0:38:37	454	1:42:25	588	2:21:02	532	0:53:08	211	376		男子20-29歳	49
403	2156	ジャクソン アーロン	男	東京都	3:14:13	0:48:44	770	1:29:34	253	2:18:18	493	0:55:55	298	377		男子40-49歳	110
404	6028	渡辺 聖一	男	山梨県	3:14:13	0:39:45	502	1:26:52	181	2:06:37	272	1:07:36	617	378		男子60-69歳	22
405	4155	赤穗 文保	男	兵庫県	3:14:14	0:38:03	428	1:35:11	416	2:13:14	401	1:01:00	440	379		男子50-59歳	111
406	5042	岡山 泰史	男	東京都	3:14:15	0:38:49	463	1:30:13	280	2:09:02	311	1:05:13	549	380		男子50-59歳	112
407	4152	浜田 大輔	男	東京都	3:14:16	0:39:08	477	1:35:54	433	2:15:02	443	0:59:14	396	381		男子50-59歳	113
408	4157	佐藤 慎祐	男	神奈川県	3:14:24	0:39:54	513	1:29:17	244	2:09:11	317	1:05:13	550	382		男子50-59歳	114
409	5187	小西 正宣	男	長野県	3:14:36	0:37:24	397	1:38:29	499	2:15:53	452	0:58:43	376	383		男子60-69歳	23
410	3171	立川 智一	男	山梨県	3:14:47	0:40:13	529	1:31:36	317	2:11:49	374	1:02:58	484	384		男子50-59歳	115
411	2152	福島 麦	男	神奈川県	3:14:49	0:40:01	520	1:32:14	335	2:12:15	383	1:02:34	474	385		男子40-49歳	111
412	1138	新宮 良啓	男	愛知県	3:15:08	0:37:36	408	1:44:21	629	2:21:57	549	0:53:11	212	386		男子30-39歳	83
413	7050	柿沼 みさと	女	東京都	3:15:14	0:32:25	165	1:43:11	603	2:15:36	451	0:59:38	403		27	女子40-49歳	7
414	4127	根岸 邦仁	男	埼玉県	3:15:18	0:40:20	537	1:39:26	521	2:19:46	518	0:55:32	287	387		男子50-59歳	116
415	4146	河原 正英	男	東京都	3:15:36	0:43:22	645	1:32:35	343	2:15:57	453	0:59:39	404	388		男子50-59歳	117
416	4139	深見 幸平	男	福岡県	3:15:43	0:38:47	462	1:36:29	448	2:15:16	448	1:00:27	422	389		男子50-59歳	118
417	1142	新井 英貴	男	東京都	3:15:50	0:34:02	225	1:43:01	599	2:17:03	472	0:58:47	379	390		男子30-39歳	84
418	5001	米山 久	男	東京都	3:15:50	0:40:41	550	1:27:07	186	2:07:48	288	1:08:02	626	391		男子50-59歳	119
419	1061	永井 陽也	男	東京都	3:15:55	0:30:39	113	1:44:20	628	2:14:59	441	1:00:56	436	392		男子20-29歳	50
420	1078	小泉 健人	男	山梨県	3:15:56	0:43:22	646	1:36:26	445	2:19:48	520	0:56:08	304	393		男子20-29歳	51
421	2160	太田 祐	男	東京都	3:16:01	0:38:52	465	1:41:13	560	2:20:05	524	0:55:56	300	394		男子40-49歳	112
422	4177	大森 一秋	男	東京都	3:16:22	0:42:49	634	1:31:03	302	2:13:52	416	1:02:30	470	395		男子50-59歳	120
423	5159	多田 佳憲	男	京都府	3:16:24	0:36:50	358	1:35:21	423	2:12:11	381	1:04:13	517	396		男子60-69歳	24
424	1175	金井 昴	男	長野県	3:16:32	0:39:28	493	1:32:13	333	2:11:41	369	1:04:51	542	397		男子30-39歳	85
425	2150	手塚 智之	男	山梨県	3:16:37	0:45:05	697	1:34:41	402	2:19:46	519	0:56:51	327	398		男子40-49歳	113
426	3184	市川 和人	男	愛知県	3:16:40	0:35:41	291	1:36:57	462	2:12:38	396	1:04:02	512	399		男子50-59歳	121
427	5089	三浦 光広	男	愛知県	3:16:44	0:33:33	204	1:41:09	557	2:14:42	435	1:02:02	457	400		男子50-59歳	122
428	1108	向井 一晃	男	東京都	3:16:52	0:46:04	717	1:31:47	323	2:17:51	482	0:59:01	388	401		男子20-29歳	52
429	2169	木村 修大	男	大阪府	3:16:54	0:36:35	345	1:32:03	326	2:08:38	305	1:08:16	627	402		男子40-49歳	114
430	4143	浜野 雅之	男	東京都	3:17:05	0:43:29	651	1:35:30	427	2:18:59	502	0:58:06	361	403		男子50-59歳	123
431	2075	BOWLES ASHLEY	男	東京都	3:17:13	0:44:08	669	1:38:51	506	2:22:59	564	0:54:14	248	404		男子30-39歳	86
432	4153	渡辺 史	男	東京都	3:17:17	0:46:34	731	1:35:08	411	2:21:42	543	0:55:35	288	405		男子50-59歳	124
433	7051	須田 深雪	女	東京都	3:17:17	0:37:32	406	1:46:45	658	2:24:17	582	0:53:00	202		28	女子40-49歳	8
434	3113	高橋 敏郎	男	東京都	3:17:28	0:35:24	283	1:35:23	424	2:10:47	353	1:06:41	593	406		男子40-49歳	115
435	2011	赤羽 一隆	男	東京都	3:17:41	0:40:37	548	1:39:20	516	2:19:57	523	0:57:44	354	407		男子30-39歳	87
436	1148	鈴木 庸介	男	愛知県	3:17:44	0:39:27	492	1:34:07	386	2:13:34	409	1:04:10	514	408		男子30-39歳	88
437	7024	中澤 秋絵	女	静岡県	3:17:44	0:38:31	449	1:43:33	614	2:22:04	551	0:55:40	291		29	女子30-39歳	6
438	4068	佐野 健太	男	東京都	3:17:45	0:41:15	570	1:38:54	508	2:20:09	526	0:57:36	352	409		男子50-59歳	125
439	4072	中込 章	男	山梨県	3:17:47	0:49:53	781	1:35:17	421	2:25:10	601	0:52:37	183	410		男子50-59歳	126
440	5068	本田 忠晴	男	山形県	3:17:48	0:40:27	543	1:33:55	380	2:14:22	428	1:03:26	497	411		男子50-59歳	127
441	5164	岩本 紀久	男	東京都	3:17:51	0:38:46	461	1:33:48	376	2:12:34	394	1:05:17	553	412		男子60-69歳	25
442	4045	石井 秀幸	男	東京都	3:17:56	0:38:17	440	1:36:46	453	2:15:03	445	1:02:53	482	413		男子50-59歳	128
443	6011	宮川 清	男	東京都	3:18:00	0:36:47	355	1:37:24	472	2:14:11	424	1:03:49	508	414		男子60-69歳	26
444	2005	持丸 雅士	男	東京都	3:18:18	0:53:31	823	1:32:09	329	2:25:40	607	0:52:38	185	415		男子30-39歳	89
445	5043	藪谷 光正	男	静岡県	3:18:19	0:34:04	227	1:38:21	497	2:12:25	388	1:05:54	575	416		男子50-59歳	129
446	5182	村瀬 秀也	男	千葉県	3:18:21	0:37:26	400	1:34:26	393	2:11:52	375	1:06:29	588	417		男子60-69歳	27
447	4050	五十嵐 智也	男	三重県	3:18:22	0:42:33	624	1:36:55	460	2:19:28	513	0:58:54	383	418		男子50-59歳	130
448	3124	成田 伸行	男	静岡県	3:18:30	0:37:58	423	1:36:02	435	2:14:00	420	1:04:30	527	419		男子40-49歳	116
449	4156	磯田 伸二	男	東京都	3:18:33	0:39:36	495	1:34:20	390	2:13:56	418	1:04:37	529	420		男子50-59歳	131
450	2196	内山 誓一郎	男	東京都	3:18:40	0:33:56	220	1:33:48	377	2:07:44	286	1:10:56	677	421		男子40-49歳	117
451	4037	山崎 満広	男	東京都	3:18:48	0:38:14	439	1:36:13	439	2:14:27	430	1:04:21	520	422		男子50-59歳	132
452	2168	筒井 優	男	山梨県	3:18:49	0:50:22	788	1:36:20	442	2:26:42	626	0:52:07	168	423		男子40-49歳	118
453	3027	黒田 智徳	男	東京都	3:18:55	0:37:15	390	1:37:30	477	2:14:45	436	1:04:10	515	424		男子40-49歳	119
454	5147	櫻井 勉	男	東京都	3:18:56	0:37:49	415	1:29:45	264	2:07:34	283	1:11:22	683	425		男子60-69歳	28
455	4180	橋本 武弘	男	東京都	3:18:56	0:35:49	300	1:37:29	475	2:13:18	402	1:05:38	565	426		男子50-59歳	133
456	2122	丹羽 史彰	男	東京都	3:19:00	0:44:48	691	1:33:13	364	2:18:01	487	1:00:59	437	427		男子40-49歳	120
457	3120	白石 浩一	男	愛知県	3:19:02	0:44:04	666	1:29:35	254	2:13:39	413	1:05:23	557	428		男子40-49歳	121
458	2069	丸山 修平	男	東京都	3:19:03	0:43:14	639	1:33:08	360	2:16:22	461	1:02:41	478	429		男子30-39歳	90
459	2147	川端 広人	男	東京都	3:19:06	0:38:59	469	1:39:24	519	2:18:23	496	1:00:43	429	430		男子40-49歳	122
460	1042	下岡 大樹	男	三重県	3:19:08	0:55:02	833	1:37:52	484	2:32:54	702	0:46:14	63	431		男子20-29歳	53
461	1189	中山 大輔	男	京都府	3:19:17	0:29:09	74	1:51:02	722	2:20:11	527	0:59:06	391	432		男子30-39歳	91
462	3006	飯島 寛己	男	埼玉県	3:19:20	0:36:36	347	1:39:26	520	2:16:02	456	1:03:18	494	433		男子40-49歳	123
463	3169	酒本 亮	男	神奈川県	3:19:22	0:36:42	352	1:37:22	470	2:14:04	422	1:05:18	555	434		男子50-59歳	134
464	3115	菊地 貞行	男	神奈川県	3:19:23	0:43:21	643	1:34:17	388	2:17:38	480	1:01:45	452	435		男子40-49歳	124
465	5181	貝塚 理	男	茨城県	3:19:31	0:38:08	434	1:30:13	279	2:08:21	302	1:11:10	680	436		男子60-69歳	29
466	1203	JEUNG WOOSEOP	男	愛知県	3:19:33	0:38:43	460	1:35:09	414	2:13:52	417	1:05:41	569	437		男子30-39歳	92
467	2017	四位 健	男	宮城県	3:19:37	0:40:14	530	1:38:39	504	2:18:53	500	1:00:44	430	438		男子30-39歳	93
468	2107	石井 隼人	男	神奈川県	3:19:41	0:40:17	534	1:45:56	650	2:26:13	613	0:53:28	222	439		男子30-39歳	94
469	7026	大矢 令美	女	埼玉県	3:19:46	0:37:57	421	1:38:33	500	2:16:30	464	1:03:16	493		30	女子30-39歳	7
470	5153	山川 雅弘	男	東京都	3:20:01	0:33:30	202	1:40:50	547	2:14:20	426	1:05:41	568	440		男子60-69歳	30
471	4065	川西 正人	男	千葉県	3:20:04	0:42:35	626	1:40:46	546	2:23:21	566	0:56:43	320	441		男子50-59歳	135
472	1017	田中 虎之助	男	東京都	3:20:07	0:38:05	431	1:32:49	350	2:10:54	355	1:09:13	638	442		男子20-29歳	54
473	3054	宮田 裕介	男	東京都	3:20:12	0:42:20	614	1:41:21	565	2:23:41	574	0:56:31	316	443		男子40-49歳	125
474	3045	西山 淳	男	神奈川県	3:20:20	0:40:50	553	1:36:28	447	2:17:18	476	1:03:02	486	444		男子40-49歳	126
475	1178	鎌戸 貴信	男	神奈川県	3:20:23	0:39:52	510	1:41:16	563	2:21:08	533	0:59:15	397	445		男子30-39歳	95
476	3076	阿部 亮一	男	東京都	3:20:25	0:38:28	446	1:48:15	680	2:26:43	627	0:53:42	234	446		男子40-49歳	127
477	2049	島宗 孝志	男	東京都	3:20:29	0:41:53	600	1:36:27	446	2:18:20	495	1:02:09	462	447		男子30-39歳	96
478	5016	中村 紀雄	男	埼玉県	3:20:30	0:39:40	498	1:36:32	449	2:16:12	459	1:04:18	519	448		男子50-59歳	136
479	2006	吉井 太佑	男	愛知県	3:20:30	0:39:10	481	1:38:13	492	2:17:23	479	1:03:07	490	449		男子30-39歳	97
480	4120	田波 康行	男	静岡県	3:20:32	0:43:30	652	1:34:37	401	2:18:07	491	1:02:25	468	450		男子50-59歳	137
481	3108	高見澤 篤史	男	群馬県	3:20:34	0:47:27	749	1:22:45	97	2:10:12	339	1:10:22	670	451		男子40-49歳	128
482	4142	山内 敦	男	新潟県	3:20:39	0:36:59	372	1:39:22	517	2:16:21	460	1:04:18	518	452		男子50-59歳	138
483	7038	増田 明日美	女	東京都	3:20:48	0:32:59	182	1:45:06	641	2:18:05	488	1:02:43	481		31	女子40-49歳	9
484	3050	宇津木 真一	男	山梨県	3:20:49	0:42:21	615	1:41:25	566	2:23:46	576	0:57:03	332	453		男子40-49歳	129
485	3181	中村 亮	男	静岡県	3:21:10	0:42:39	628	1:41:14	561	2:23:53	577	0:57:17	343	454		男子50-59歳	139
486	5075	淡路 努	男	神奈川県	3:21:16	0:38:39	457	1:42:37	589	2:21:16	536	1:00:00	412	455		男子50-59歳	140
487	2044	飯田 紘貴	男	東京都	3:21:22	0:41:58	603	1:44:39	636	2:26:37	624	0:54:45	264	456		男子30-39歳	98
488	5183	牧 幸一郎	男	長野県	3:21:23	0:38:34	453	1:32:52	352	2:11:26	365	1:09:57	660	457		男子60-69歳	31
489	5031	乙津 義博	男	東京都	3:21:28	0:39:41	499	1:37:01	464	2:16:42	468	1:04:46	535	458		男子50-59歳	141
490	3147	齋藤 孝司	男	愛知県	3:21:34	0:45:37	712	1:29:37	256	2:15:14	446	1:06:20	586	459		男子40-49歳	130
491	2048	都築 啓一	男	愛知県	3:21:37	0:47:30	752	1:28:37	224	2:16:07	457	1:05:30	560	460		男子30-39歳	99
492	3128	安藤 順太朗	男	山梨県	3:21:37	0:36:07	319	1:39:17	514	2:15:24	449	1:06:13	583	461		男子40-49歳	131
493	1153	米田 悠人	男	東京都	3:21:37	0:45:19	705	1:40:23	536	2:25:42	609	0:55:55	299	462		男子30-39歳	100
494	5029	井口 武司	男	東京都	3:21:38	0:36:58	371	1:37:12	467	2:14:10	423	1:07:28	613	463		男子50-59歳	142
495	1093	木村 孝太	男	東京都	3:21:43	0:42:40	629	1:41:53	577	2:24:33	589	0:57:10	338	464		男子20-29歳	55
496	1014	段崎 弘生	男	東京都	3:21:52	0:41:52	599	1:34:05	385	2:15:57	455	1:05:55	576	465		男子20-29歳	56
497	5132	川人 紀彦	男	兵庫県	3:21:54	0:41:17	572	1:30:44	294	2:12:01	377	1:09:53	656	466		男子60-69歳	32
498	2065	三宅 祥平	男	三重県	3:21:54	0:43:25	649	1:41:30	568	2:24:55	599	0:56:59	330	467		男子30-39歳	101
499	4117	﨑谷 浩太郎	男	埼玉県	3:21:58	0:52:59	816	1:31:26	311	2:24:25	587	0:57:33	350	468		男子50-59歳	143
500	2067	小林 誠	男	東京都	3:21:59	0:34:03	226	1:45:14	645	2:19:17	508	1:02:42	479	469		男子30-39歳	102
501	2057	新井 健太	男	東京都	3:22:01	0:46:15	721	1:38:34	501	2:24:49	595	0:57:12	339	470		男子30-39歳	103
502	3112	HO WAITO	男	東京都	3:22:09	0:47:12	745	1:32:57	355	2:20:09	525	1:02:00	455	471		男子40-49歳	132
503	5038	伯野 史彦	男	東京都	3:22:17	0:29:47	90	1:35:28	426	2:05:15	242	1:17:02	736	472		男子50-59歳	144
504	5125	山崎 英樹	男	神奈川県	3:22:18	0:51:50	805	1:35:45	431	2:27:35	637	0:54:43	263	473		男子60-69歳	33
505	3140	平生 純一郎	男	東京都	3:22:20	0:42:18	612	1:30:48	298	2:13:06	400	1:09:14	639	474		男子40-49歳	133
506	1167	依田 クリストファー博	男	神奈川県	3:22:27	0:46:36	732	1:41:16	562	2:27:52	642	0:54:35	260	475		男子30-39歳	104
507	1081	平野 伊吹	男	神奈川県	3:22:34	0:40:18	535	1:43:54	619	2:24:12	580	0:58:22	366	476		男子20-29歳	57
508	3133	吉田 洋也	男	愛知県	3:22:36	0:44:13	673	1:37:39	480	2:21:52	547	1:00:44	431	477		男子40-49歳	134
509	5124	中西 賢介	男	栃木県	3:22:46	0:35:57	308	1:34:51	406	2:10:48	354	1:11:58	690	478		男子60-69歳	34
510	7017	オマハナ サマンサ	女	山口県	3:22:48	0:34:34	244	1:38:57	509	2:13:31	408	1:09:17	641		32	女子30-39歳	8
511	4147	柴田 茂貴	男	東京都	3:23:09	0:32:42	172	1:41:42	571	2:14:24	429	1:08:45	635	479		男子50-59歳	145
512	5067	西原 実	男	東京都	3:23:14	0:39:32	494	1:43:55	620	2:23:27	570	0:59:47	407	480		男子50-59歳	146
513	7083	松本 陽子	女	愛知県	3:23:19	0:31:16	133	1:45:23	647	2:16:39	467	1:06:40	591		33	女子50-59歳	6
514	7029	菊池 万里絵	女	神奈川県	3:23:23	0:39:02	473	1:47:21	668	2:26:23	617	0:57:00	331		34	女子30-39歳	9
515	4087	細越 昇	男	大阪府	3:23:24	0:33:47	211	1:37:59	485	2:11:46	371	1:11:38	685	481		男子50-59歳	147
516	6007	星 和宏	男	埼玉県	3:23:25	0:36:09	321	1:35:15	419	2:11:24	364	1:12:01	691	482		男子60-69歳	35
517	3020	寺田 一也	男	埼玉県	3:23:26	0:36:45	354	1:41:43	572	2:18:28	497	1:04:58	545	483		男子40-49歳	135
518	7028	増田 理子	女	東京都	3:23:34	0:46:29	727	1:42:16	582	2:28:45	650	0:54:49	267		35	女子30-39歳	10
519	5066	内田 進	男	埼玉県	3:23:34	0:39:19	487	1:35:44	430	2:15:03	444	1:08:31	631	484		男子50-59歳	148
520	4128	高田 文洋	男	栃木県	3:23:41	0:52:06	809	1:34:30	395	2:26:36	623	0:57:05	333	485		男子50-59歳	149
521	2059	渡邊 達也	男	東京都	3:24:05	0:40:03	522	1:48:42	687	2:28:45	649	0:55:20	280	486		男子30-39歳	105
522	3174	井口 智晴	男	東京都	3:24:06	0:37:30	403	1:35:16	420	2:12:46	397	1:11:20	682	487		男子50-59歳	150
523	3066	福永 寿徳	男	東京都	3:24:11	0:43:19	641	1:39:18	515	2:22:37	559	1:01:34	447	488		男子40-49歳	136
524	2009	齋藤 佑介	男	東京都	3:24:16	0:44:06	668	1:30:32	286	2:14:38	432	1:09:38	645	489		男子30-39歳	106
525	3047	阿部 企晴	男	愛知県	3:24:17	0:38:19	441	1:39:40	527	2:17:59	484	1:06:18	585	490		男子40-49歳	137
526	2182	八木 敏博	男	神奈川県	3:24:22	0:48:30	764	1:35:32	428	2:24:02	578	1:00:20	419	491		男子40-49歳	138
527	2060	鮒藻 拓馬	男	埼玉県	3:24:30	0:38:40	458	1:38:04	488	2:16:44	469	1:07:46	621	492		男子30-39歳	107
528	7060	桑澤 友子	女	東京都	3:24:42	0:43:41	657	1:44:57	639	2:28:38	648	0:56:04	303		36	女子40-49歳	10
529	2128	木下 遥平	男	大阪府	3:24:44	0:37:04	382	1:42:18	583	2:19:22	510	1:05:22	556	493		男子40-49歳	139
530	1120	松田 千輝	男	東京都	3:24:49	0:40:01	521	1:41:37	570	2:21:38	542	1:03:11	491	494		男子20-29歳	58
531	1022	艮 翔太朗	男	神奈川県	3:25:02	0:37:12	388	1:40:05	533	2:17:17	475	1:07:45	620	495		男子20-29歳	59
532	2018	本田 一剛	男	東京都	3:25:02	0:41:28	581	1:42:57	596	2:24:25	586	1:00:37	428	496		男子30-39歳	108
533	1020	緑川 聡	男	新潟県	3:25:04	0:52:14	810	1:32:19	337	2:24:33	590	1:00:31	425	497		男子20-29歳	60
534	3177	森山 竜也	男	大阪府	3:25:11	0:43:35	655	1:43:00	598	2:26:35	621	0:58:36	372	498		男子50-59歳	151
535	3103	東山 智隆	男	長野県	3:25:23	0:40:56	556	1:48:17	681	2:29:13	658	0:56:10	305	499		男子40-49歳	140
536	4006	平松 慎矢	男	東京都	3:25:26	0:37:25	398	1:39:40	528	2:17:05	473	1:08:21	628	500		男子50-59歳	152
537	2184	田中 悠介	男	神奈川県	3:25:27	0:45:33	711	1:40:55	550	2:26:28	618	0:58:59	386	501		男子40-49歳	141
538	1164	栗城 匠	男	静岡県	3:25:42	0:33:50	215	1:49:38	704	2:23:28	571	1:02:14	464	502		男子30-39歳	109
539	4137	小川 海緒	男	東京都	3:25:56	0:41:40	592	1:40:31	539	2:22:11	552	1:03:45	505	503		男子50-59歳	153
540	7059	田渕 亜紀	女	大阪府	3:25:59	0:34:35	245	1:46:35	657	2:21:10	534	1:04:49	537		37	女子40-49歳	11
541	5115	伊丹 尚明	男	愛知県	3:26:01	0:39:13	483	1:42:06	579	2:21:19	537	1:04:42	532	504		男子60-69歳	36
542	4109	飯島 義則	男	埼玉県	3:26:04	0:43:35	654	1:44:27	633	2:28:02	644	0:58:02	358	505		男子50-59歳	154
543	2021	小田 雄太	男	東京都	3:26:29	0:37:37	410	1:36:21	444	2:13:58	419	1:12:31	695	506		男子30-39歳	110
544	5167	中山 晃嘉	男	東京都	3:26:34	0:38:19	442	1:40:51	548	2:19:10	504	1:07:24	612	507		男子60-69歳	37
545	2131	伊藤 淳	男	愛知県	3:26:35	0:41:03	558	1:43:25	610	2:24:28	588	1:02:07	460	508		男子40-49歳	142
546	1101	平賀 圭悟	男	東京都	3:26:43	0:44:32	683	1:42:13	581	2:26:45	628	0:59:58	411	509		男子20-29歳	61
547	2029	山下 翔太郎	男	宮城県	3:26:46	0:44:14	674	1:30:31	285	2:14:45	437	1:12:01	692	510		男子30-39歳	111
548	3142	松岡 弘	男	岐阜県	3:26:51	0:53:59	828	1:36:11	437	2:30:10	675	0:56:41	319	511		男子40-49歳	143
549	5155	大塚 倫生	男	愛知県	3:26:52	0:50:05	783	1:38:15	494	2:28:20	646	0:58:32	369	512		男子60-69歳	38
550	7052	影山 絵美	女	栃木県	3:26:54	0:36:56	365	1:47:25	669	2:24:21	583	1:02:33	473		38	女子40-49歳	12
551	6032	林 秀昭	男	長野県	3:26:57	0:41:37	590	1:40:42	542	2:22:19	556	1:04:38	531	513		男子70-79歳	3
552	6037	三木 健一	男	東京都	3:27:01	0:42:47	633							514		男子70-79歳	4
553	5053	岡本 浩一郎	男	神奈川県	3:27:11	0:49:05	775	1:37:13	468	2:26:18	615	1:00:53	434	515		男子50-59歳	155
554	1118	渡邉 佑哉	男	東京都	3:27:14	0:39:50	506	1:44:52	638	2:24:42	593	1:02:32	472	516		男子20-29歳	62
555	5137	尾崎 善一郎	男	佐賀県	3:27:15	0:38:58	468	1:41:17	564	2:20:15	528	1:07:00	600	517		男子60-69歳	39
556	4085	野澤 貴裕	男	東京都	3:27:18	0:41:05	561	1:36:55	459	2:18:00	486	1:09:18	642	518		男子50-59歳	156
557	5130	栗山 哲郎	男	東京都	3:27:27	0:36:31	341	1:33:40	374	2:10:11	338	1:17:16	737	519		男子60-69歳	40
558	4016	安森 隆文	男	静岡県	3:27:54	0:30:51	120	1:43:30	612	2:14:21	427	1:13:33	706	520		男子50-59歳	157
559	5116	石田 純治	男	東京都	3:28:02	0:41:17	573	1:41:01	552	2:22:18	555	1:05:44	570	521		男子60-69歳	41
560	5168	野口 俊也	男	東京都	3:28:08	0:36:55	361	1:43:30	613	2:20:25	529	1:07:43	619	522		男子60-69歳	42
561	2054	岩間 惇	男	千葉県	3:28:14	0:36:51	359	1:47:25	670	2:24:16	581	1:03:58	509	523		男子30-39歳	112
562	5003	仲川 豪	男	大阪府	3:28:14	0:45:07	700	1:37:33	478	2:22:40	560	1:05:34	563	524		男子50-59歳	158
563	4138	川又 永治	男	栃木県	3:28:17	0:46:40	733	1:36:47	454	2:23:27	568	1:04:50	540	525		男子50-59歳	159
564	6003	村松 康義	男	静岡県	3:28:31	0:41:25	578	1:43:22	607	2:24:47	594	1:03:44	504	526		男子60-69歳	43
565	5032	縄田 憲司	男	東京都	3:28:50	0:45:05	698	1:33:40	373	2:18:45	499	1:10:05	662	527		男子50-59歳	160
566	6002	村瀬 陽平	男	東京都	3:28:52	0:39:59	519	1:39:39	526	2:19:38	516	1:09:14	640	528		男子60-69歳	44
567	7105	小杉 智英子	女	大阪府	3:29:07	0:36:27	337	1:46:34	655	2:23:01	565	1:06:06	579		39	女子70-79歳	1
568	4121	浅野 広通	男	千葉県	3:29:13	0:37:00	378	1:48:13	679	2:25:13	602	1:04:00	510	529		男子50-59歳	161
569	4092	渡部 大樹	男	埼玉県	3:29:22	0:34:36	246	1:39:37	525	2:14:13	425	1:15:09	716	530		男子50-59歳	162
570	5069	渥美 修一郎	男	東京都	3:29:41	0:38:34	452	1:40:57	551	2:19:31	514	1:10:10	664	531		男子50-59歳	163
571	3049	下村 猛	男	東京都	3:29:42	0:38:33	451	1:44:25	630	2:22:58	563	1:06:44	596	532		男子40-49歳	144
572	6027	金子 望	男	福岡県	3:29:44	0:41:20	575	1:36:39	452	2:17:59	485	1:11:45	687	533		男子60-69歳	45
573	2089	村山 裕一	男	京都府	3:29:45	0:34:43	251	1:49:56	712	2:24:39	592	1:05:06	546	534		男子30-39歳	113
574	4086	寺澤 崇	男	埼玉県	3:29:50	0:48:36	767	1:36:51	458	2:25:27	603	1:04:23	523	535		男子50-59歳	164
575	2149	永井 優	男	東京都	3:29:54	0:41:36	589	1:48:59	689	2:30:35	677	0:59:19	399	536		男子40-49歳	145
576	2035	森 謙吾	男	東京都	3:29:55	0:43:39	656	1:40:45	545	2:24:24	585	1:05:31	561	537		男子30-39歳	114
577	3069	泉 潤一郎	男	愛知県	3:30:00	0:37:21	393	1:46:09	653	2:23:30	572	1:06:30	589	538		男子40-49歳	146
578	4159	野口 浩之	男	埼玉県	3:30:03	0:42:05	607	1:37:19	469	2:19:24	511	1:10:39	674	539		男子50-59歳	165
579	3014	矢島 昇悟	男	東京都	3:30:38	0:38:03	426	1:45:19	646	2:23:22	567	1:07:16	608	540		男子40-49歳	147
580	2115	山中 佑介	男	愛知県	3:30:38	0:35:15	278	1:42:42	591	2:17:57	483	1:12:41	696	541		男子40-49歳	148
581	2040	堀田 亘馬	男	京都府	3:30:38	0:37:00	377	1:41:34	569	2:18:34	498	1:12:04	693	542		男子30-39歳	115
582	7076	根來 味加	女	大阪府	3:30:50	0:39:00	470	1:51:06	724	2:30:06	674	1:00:44	432		40	女子50-59歳	7
583	2175	森田 雄一	男	愛知県	3:30:57	0:40:33	546	1:40:10	535	2:20:43	531	1:10:14	666	543		男子40-49歳	149
584	3154	齊藤 学	男	山梨県	3:31:01	0:42:28	617	1:44:06	624	2:26:34	620	1:04:27	524	544		男子40-49歳	150
585	1054	網野 飛竜	男	千葉県	3:31:10	0:27:16	45	1:58:25	795	2:25:41	608	1:05:29	559	545		男子20-29歳	63
586	7021	白井 友美	女	愛知県	3:31:22	0:39:54	514	1:54:59	768	2:34:53	722	0:56:29	314		41	女子30-39歳	11
587	4020	酒井 憲太郎	男	東京都	3:31:36	0:40:43	551	1:43:24	608	2:24:07	579	1:07:29	616	546		男子50-59歳	166
588	4058	福永 真一郎	男	埼玉県	3:31:45	0:47:09	743	1:34:34	397	2:21:43	545	1:10:02	661	547		男子50-59歳	167
589	6016	田中 賢次	男	滋賀県	3:31:51	0:37:04	381	1:37:47	482	2:14:51	440	1:17:00	735	548		男子60-69歳	46
590	5079	星 幸伸	男	東京都	3:31:53	0:42:25	616	1:52:34	744	2:34:59	723	0:56:54	329	549		男子50-59歳	168
591	5106	水藤 健	男	愛知県	3:31:54	0:39:15	484	1:42:59	597	2:22:14	554	1:09:40	648	550		男子60-69歳	47
592	1187	岩田 正則	男	大阪府	3:32:02	0:43:45	658	1:38:29	498	2:22:14	553	1:09:48	653	551		男子30-39歳	116
593	5122	中野 晃久	男	神奈川県	3:32:04	0:47:01	739	1:48:35	684	2:35:36	730	0:56:28	311	552		男子60-69歳	48
594	1179	小林 篤史	男	埼玉県	3:32:10	0:39:01	471	1:41:26	567	2:20:27	530	1:11:43	686	553		男子30-39歳	117
595	3094	宮橋 立樹	男	神奈川県	3:32:17	0:44:54	693	1:41:45	574	2:26:39	625	1:05:38	566	554		男子40-49歳	151
596	7055	チャンドラ マリーン	女	東京都	3:32:27	0:45:26	709	1:46:48	659	2:32:14	696	1:00:13	416		42	女子40-49歳	13
597	1018	品田 滉人	男	新潟県	3:32:30	0:40:27	542	1:49:28	700	2:29:55	668	1:02:35	475	555		男子20-29歳	64
598	2173	桶谷 篤志	男	大阪府	3:32:46	0:39:38	497	1:36:19	441	2:15:57	454	1:16:49	732	556		男子40-49歳	152
599	1035	余田 蒼	男	東京都	3:32:46	0:37:58	422	1:46:54	661	2:24:52	596	1:07:54	624	557		男子20-29歳	65
600	2010	萩田 朋史	男	静岡県	3:32:47	0:32:37	169	2:06:15	819	2:38:52	757	0:53:55	240	558		男子30-39歳	118
601	2079	藤原 賢士	男	東京都	3:32:49	0:46:04	716	1:36:48	455	2:22:52	561	1:09:57	659	559		男子30-39歳	119
602	4013	工藤 将人	男	滋賀県	3:32:58	0:48:49	772	1:41:13	559	2:30:02	673	1:02:56	483	560		男子50-59歳	169
603	4043	佐々木 礼	男	埼玉県	3:33:05	0:46:42	734	1:32:40	345	2:19:22	509	1:13:43	708	561		男子50-59歳	170
604	2157	林 孝佳	男	愛知県	3:33:06	0:42:57	636	1:44:02	623	2:26:59	633	1:06:07	580	562		男子40-49歳	153
605	5133	西村 昭俊	男	東京都	3:33:11	0:44:34	685	1:41:44	573	2:26:18	614	1:06:53	598	563		男子60-69歳	49
606	1204	齋藤 凌	男	東京都	3:33:18	0:43:24	647	1:44:17	626	2:27:41	640	1:05:37	564	564		男子30-39歳	120
607	7093	澤 直美	女	大阪府	3:33:19	0:35:22	282	1:46:01	652	2:21:23	539	1:11:56	689		43	女子60-69歳	4
608	2041	又川 和樹	男	東京都	3:33:24	0:44:22	679	1:42:53	595	2:27:15	635	1:06:09	581	565		男子30-39歳	121
609	3179	山田 剛	男	神奈川県	3:33:27	0:48:22	763	1:53:14	750	2:41:36	774	0:51:51	159	566		男子50-59歳	171
610	5127	西田 孝広	男	福井県	3:33:29	0:41:34	585	1:45:12	644	2:26:46	629	1:06:43	594	567		男子60-69歳	50
611	2180	大石 信輔	男	静岡県	3:33:30	0:38:55	467	1:47:17	666	2:26:12	612	1:07:18	610	568		男子40-49歳	154
612	6006	阿部 幸浩	男	東京都	3:33:33	0:47:04	741	1:40:40	540	2:27:44	641	1:05:49	573	569		男子60-69歳	51
613	1059	細田 将希	男	山梨県	3:33:37	0:44:32	682	1:41:12	558	2:25:44	610	1:07:53	623	570		男子20-29歳	66
614	4053	泉 隆	男	山梨県	3:33:38	0:48:08	761	1:40:45	543	2:28:53	651	1:04:45	534	571		男子50-59歳	172
615	2031	中谷 隼	男	千葉県	3:33:43	0:41:47	595	1:43:15	605	2:25:02	600	1:08:41	633	572		男子30-39歳	122
616	3106	鬼頭 靖武	男	東京都	3:33:52	0:41:58	601	1:47:10	664	2:29:08	656	1:04:44	533	573		男子40-49歳	155
617	5048	阿部 信之	男	栃木県	3:33:59	0:35:46	298	1:34:53	407	2:10:39	352	1:23:20	782	574		男子50-59歳	173
618	3131	水島 太郎	男	東京都	3:34:07	0:41:24	577	1:45:59	651	2:27:23	636	1:06:44	595	575		男子40-49歳	156
619	3052	市川 一生	男	静岡県	3:34:08	0:53:03	817	1:38:06	489	2:31:09	689	1:02:59	485	576		男子40-49歳	157
620	4015	萱沼 範行	男	東京都	3:34:19	0:41:26	580	1:41:04	555	2:22:30	558	1:11:49	688	577		男子50-59歳	174
621	2020	川畑 優太	男	東京都	3:34:26	0:42:31	621	1:49:19	696	2:31:50	692	1:02:36	477	578		男子30-39歳	123
622	2103	楊 建晃	男	東京都	3:34:29	0:36:13	323	1:45:08	642	2:21:21	538	1:13:08	700	579		男子30-39歳	124
623	3010	田之上 皓一	男	埼玉県	3:34:31	0:37:02	380	1:41:03	554	2:18:05	489	1:16:26	727	580		男子40-49歳	158
624	4151	新原 輝久	男	愛知県	3:34:45	0:46:46	735	1:42:11	580	2:28:57	652	1:05:48	572	581		男子50-59歳	175
625	2081	今野 光彦	男	東京都	3:34:48	0:45:26	708	1:44:33	634	2:29:59	672	1:04:49	539	582		男子30-39歳	125
626	2093	松田 千寛	男	山梨県	3:34:50	0:51:25	800	1:39:14	512	2:30:39	678	1:04:11	516	583		男子30-39歳	126
627	2158	杉山 智宣	男	埼玉県	3:34:53	0:41:59	605	1:47:42	673	2:29:41	663	1:05:12	548	584		男子40-49歳	159
628	5158	平出 孝史	男	山梨県	3:35:11	0:49:57	782	1:43:10	602	2:33:07	709	1:02:04	459	585		男子60-69歳	52
629	1049	小田 豊	男	東京都	3:35:12	0:40:33	545	1:55:31	774	2:36:04	731	0:59:08	393	586		男子20-29歳	67
630	7090	坂野 実穂	女	愛知県	3:35:23	0:36:55	363	1:53:50	758	2:30:45	679	1:04:38	530		44	女子60-69歳	5
631	4154	古賀 一郎	男	東京都	3:35:33	0:33:09	188	1:48:34	683	2:21:43	544	1:13:50	710	587		男子50-59歳	176
632	6008	茗荷 敏樹	男	静岡県	3:35:41	0:39:04	475	1:39:13	511	2:18:17	492	1:17:24	739	588		男子60-69歳	53
633	1037	李 祐振	男	東京都	3:35:43	0:37:58	425	1:52:00	737	2:29:58	669	1:05:45	571	589		男子20-29歳	68
634	4110	冨岡 利仁	男	東京都	3:35:56	0:47:44	756	1:43:25	609	2:31:09	688	1:04:47	536	590		男子50-59歳	177
635	7104	栂村 桂子	女	滋賀県	3:36:00	0:38:05	430	1:45:40	649	2:23:45	575	1:12:15	694		45	女子60-69歳	6
636	7006	高谷 英里菜	女	滋賀県	3:36:13	0:31:01	127	1:58:10	793	2:29:11	657	1:07:02	601		46	女子20-29歳	5
637	2163	目黒 勝也	男	神奈川県	3:36:25	0:58:07	839	1:47:17	667	2:45:24	794	0:51:01	141	591		男子40-49歳	160
638	2073	若柳 諒	男	東京都	3:36:42	0:36:40	350	1:40:40	541	2:17:20	477	1:19:22	752	592		男子30-39歳	127
639	6036	小糸 光	男	愛媛県	3:36:46	0:46:32	728	1:40:24	537	2:26:56	631	1:09:50	654	593		男子70-79歳	5
640	1074	舟田 晋	男	神奈川県	3:36:46	0:47:40	754	1:41:58	578	2:29:38	662	1:07:08	603	594		男子20-29歳	69
641	1122	若林 祐克	男	埼玉県	3:36:50	0:45:12	702	1:50:15	715	2:35:27	728	1:01:23	445	595		男子20-29歳	70
642	3144	河辺 紫樹	男	茨城県	3:36:53	0:38:29	447	1:44:26	632	2:22:55	562	1:13:58	711	596		男子40-49歳	161
643	5175	田中 啓司	男	山梨県	3:36:54	0:39:19	486	1:56:07	779	2:35:26	727	1:01:28	446	597		男子60-69歳	54
644	1070	高橋 竜太郎	男	埼玉県	3:37:08	0:41:08	563	1:49:50	709	2:30:58	682	1:06:10	582	598		男子20-29歳	71
645	1147	佐藤 晃輝	男	埼玉県	3:37:12	0:47:39	753	1:34:20	391	2:21:59	550	1:15:13	718	599		男子30-39歳	128
646	3146	山崎 博之	男	神奈川県	3:37:14	0:37:11	386	1:44:01	622	2:21:12	535	1:16:02	725	600		男子40-49歳	162
647	4094	山本 大理	男	千葉県	3:37:20	0:43:02	637	1:46:50	660	2:29:52	666	1:07:28	614	601		男子50-59歳	178
648	1033	吉武 稜	男	東京都	3:37:31	0:53:19	819	1:43:45	618	2:37:04	740	1:00:27	423	602		男子20-29歳	72
649	5152	鈴木 伸宏	男	兵庫県	3:37:34	0:44:31	681	1:43:06	600	2:27:37	638	1:09:57	657	603		男子60-69歳	55
650	1058	小川原 元陽	男	千葉県	3:37:38	0:51:49	804	1:40:52	549	2:32:41	699	1:04:57	544	604		男子20-29歳	73
651	6050	高木 厚次	男	愛知県	3:37:47	0:37:56	420	1:41:02	553	2:18:58	501	1:18:49	746	605		男子70-79歳	6
652	7069	佐野 恵	女	神奈川県	3:37:53	0:39:26	490	1:56:43	784	2:36:09	732	1:01:44	451		47	女子50-59歳	8
653	5056	唐澤 伸郎	男	東京都	3:37:54	0:34:40	248	1:40:00	532	2:14:40	434	1:23:14	780	606		男子50-59歳	179
654	1090	丸尾 知洋	男	神奈川県	3:38:09	0:34:31	243	1:53:27	752	2:27:58	643	1:10:11	665	607		男子20-29歳	74
655	1106	安藤 磨大	男	神奈川県	3:38:09	0:39:18	485	1:49:04	692	2:28:22	647	1:09:47	652	608		男子20-29歳	75
656	3053	小坂 宗道	男	埼玉県	3:38:13	0:42:35	625	1:51:09	725	2:33:44	713	1:04:29	526	609		男子40-49歳	163
657	1195	吉田 昌平	男	静岡県	3:38:22	0:52:32	812	1:38:39	503	2:31:11	690	1:07:11	605	610		男子30-39歳	129
658	1076	前田 千尋	男	東京都	3:38:28	0:35:38	290	1:58:49	797	2:34:27	718	1:04:01	511	611		男子20-29歳	76
659	3109	原田 篤志	男	山口県	3:38:36	0:48:35	766	1:43:21	606	2:31:56	693	1:06:40	592	612		男子40-49歳	164
660	7043	仲谷 亜紀	女	広島県	3:38:51	0:44:32	684	1:36:56	461	2:21:28	540	1:17:23	738		48	女子40-49歳	14
661	7096	矢田 ひとみ	女	神奈川県	3:38:53	0:37:26	399	1:51:35	730	2:29:01	653	1:09:52	655		49	女子60-69歳	7
662	4090	川村 一徳	男	神奈川県	3:38:53	0:43:53	662	1:40:30	538	2:24:23	584	1:14:30	713	613		男子50-59歳	180
663	7046	小菅 怜奈	女	東京都	3:38:58	0:38:28	445	1:56:44	786	2:35:12	726	1:03:46	506		50	女子40-49歳	15
664	4134	細谷 浩司	男	東京都	3:39:01	0:41:34	586	1:48:59	690	2:30:33	676	1:08:28	630	614		男子50-59歳	181
665	7075	島崎 路子	女	東京都	3:39:03	0:35:36	287	1:43:33	615	2:19:09	503	1:19:54	756		51	女子50-59歳	9
666	7056	畑 ひとみ	女	神奈川県	3:39:07	0:40:45	552	1:59:42	802	2:40:27	763	0:58:40	374		52	女子40-49歳	16
667	5015	岡田 憲典	男	埼玉県	3:39:07	0:40:05	524	1:49:53	710	2:29:58	670	1:09:09	637	615		男子50-59歳	182
668	1169	ケルビン チャンドラ	男	埼玉県	3:39:09	0:41:12	566	1:47:50	675	2:29:02	655	1:10:07	663	616		男子30-39歳	130
669	5136	齋藤 浩一	男	神奈川県	3:39:10	0:43:27	650	1:42:24	586	2:25:51	611	1:13:19	703	617		男子60-69歳	56
670	5098	山本 英幾	男	愛知県	3:39:29	0:51:07	795	1:38:42	505	2:29:49	665	1:09:40	649	618		男子50-59歳	183
671	2087	信定 真司	男	長野県	3:39:40	0:51:08	796	1:39:42	529	2:30:50	681	1:08:50	636	619		男子30-39歳	131
672	1130	小泉 悠靖	男	東京都	3:39:43	0:38:38	456	1:50:38	718	2:29:16	659	1:10:27	671	620		男子30-39歳	132
673	5040	中森 正男	男	埼玉県	3:39:53	0:37:33	407	1:42:18	584	2:19:51	521	1:20:02	758	621		男子50-59歳	184
674	1140	吉本 雄大	男	滋賀県	3:39:59	0:59:50	844	1:41:47	575	2:41:37	775	0:58:22	365	622		男子30-39歳	133
675	6051	三宅 光章	男	愛知県	3:40:23	0:47:42	755	1:45:24	648	2:33:06	708	1:07:17	609	623		男子70-79歳	7
676	5006	佐藤 信	男	東京都	3:40:24	0:41:59	604	1:50:56	719	2:32:55	703	1:07:29	615	624		男子50-59歳	185
677	7079	嶺山 万紀子	女	滋賀県	3:40:37	0:46:00	714	1:47:47	674	2:33:47	714	1:06:50	597		53	女子50-59歳	10
678	3024	宮城 智行	男	東京都	3:40:41	0:52:59	815	1:38:00	486	2:30:59	683	1:09:42	651	625		男子40-49歳	165
679	2036	日置 将範	男	東京都	3:41:03	0:48:58	773	1:51:36	731	2:40:34	765	1:00:29	424	626		男子30-39歳	134
680	5170	渡邊 彰信	男	東京都	3:41:05	0:51:55	807	1:38:52	507	2:30:47	680	1:10:18	667	627		男子60-69歳	57
681	3122	梅原 和典	男	大阪府	3:41:07	0:46:00	715	1:51:48	734	2:37:48	749	1:03:19	495	628		男子40-49歳	166
682	5088	吉本 晋二	男	愛知県	3:41:09	0:40:57	557	1:43:40	616	2:24:37	591	1:16:32	729	629		男子50-59歳	186
683	5021	矢野 晶太郎	男	神奈川県	3:41:24	0:45:26	710	1:52:10	740	2:37:36	747	1:03:48	507	630		男子50-59歳	187
684	7085	田中 有里	女	山梨県	3:41:26	0:39:55	516	1:55:39	775	2:35:34	729	1:05:52	574		54	女子50-59歳	11
685	5041	小林 英輔	男	兵庫県	3:41:51	0:44:41	688	1:34:35	398	2:19:16	507	1:22:35	770	631		男子50-59歳	188
686	1034	西澤 秀太朗	男	静岡県	3:42:00	0:38:12	438	1:55:06	771	2:33:18	710	1:08:42	634	632		男子20-29歳	77
687	3170	中野 大輔	男	神奈川県	3:42:01	0:44:06	667	1:42:45	592	2:26:51	630	1:15:10	717	633		男子50-59歳	189
688	7027	水越 結花	女	東京都	3:42:10	0:40:54	554	1:51:19	726	2:32:13	695	1:09:57	658		55	女子30-39歳	12
689	1105	山崎 祐斗	男	埼玉県	3:42:12	0:41:44	594	1:53:21	751	2:35:05	725	1:07:07	602	634		男子20-29歳	78
690	5072	須田 幸一	男	神奈川県	3:42:20	0:50:18	786	1:43:40	617	2:33:58	716	1:08:22	629	635		男子50-59歳	190
691	4031	渡邉 正太郎	男	東京都	3:42:21	0:39:50	505	1:58:50	798	2:38:40	755	1:03:41	503	636		男子50-59歳	191
692	6017	小倉 一彦	男	神奈川県	3:42:23	0:39:20	488	1:44:07	625	2:23:27	569	1:18:56	748	637		男子60-69歳	58
693	1092	大場 諒	男	千葉県	3:42:35	0:35:02	266	1:55:58	776	2:31:00	684	1:11:35	684	638		男子20-29歳	79
694	4074	玉川 潤	男	大阪府	3:42:41	0:39:36	496	1:42:47	593	2:22:23	557	1:20:18	761	639		男子50-59歳	192
695	4098	郷 靖人	男	神奈川県	3:42:57	0:46:06	718	1:52:29	743	2:38:35	754	1:04:22	521	640		男子50-59歳	193
696	2189	大田 健一郎	男	東京都	3:43:13	0:46:16	722	1:52:53	747	2:39:09	761	1:04:04	513	641		男子40-49歳	167
697	1110	河口 勝俊	男	富山県	3:43:13	0:33:39	206	1:56:15	780	2:29:54	667	1:13:19	702	642		男子20-29歳	80
698	3085	土肥 大介	男	東京都	3:43:51	0:40:23	540	1:46:35	656	2:26:58	632	1:16:53	733	643		男子40-49歳	168
699	1205	千葉 直哉	男	東京都	3:43:53	0:38:03	427	2:02:15	810	2:40:18	762	1:03:35	501	644		男子30-39歳	135
700	5086	今井 栄	男	長野県	3:43:59	0:41:49	596	1:30:43	293	2:12:32	393	1:31:27	811	645		男子50-59歳	194
701	2097	岩永 祐介	男	東京都	3:44:01	0:41:51	597	1:49:11	693	2:31:02	686	1:12:59	697	646		男子30-39歳	136
702	6039	塩田 和之	男	埼玉県	3:44:09	0:45:05	696	1:39:49	530	2:24:54	597	1:19:15	750	647		男子70-79歳	8
703	7020	鈴木 優里菜	女	栃木県	3:44:14	0:36:28	339	2:04:21	815	2:40:49	766	1:03:25	496		56	女子30-39歳	13
704	3044	鈴木 隆弘	男	東京都	3:44:14	0:37:11	387	1:48:22	682	2:25:33	605	1:18:41	745	648		男子40-49歳	169
705	3017	村上 智之	男	神奈川県	3:44:34	0:48:48	771	1:49:47	708	2:38:35	753	1:05:59	578	649		男子40-49歳	170
706	4163	川上 健	男	山梨県	3:44:36	0:37:31	404	1:42:24	587	2:19:55	522	1:24:41	787	650		男子50-59歳	195
707	2091	江連 豪	男	東京都	3:44:38	0:53:14	818	1:50:37	717	2:43:51	785	1:00:47	433	651		男子30-39歳	137
708	2109	鳥居 大輝	男	青森県	3:44:50	0:37:41	413	1:51:39	732	2:29:20	660	1:15:30	721	652		男子30-39歳	138
709	1174	藤田 頼ニ	男	東京都	3:44:56	0:47:04	742	1:57:43	791	2:44:47	791	1:00:09	414	653		男子30-39歳	139
710	1137	清水 真人	男	神奈川県	3:45:01	0:30:18	103	1:49:16	695	2:19:34	515	1:25:27	793	654		男子30-39歳	140
711	6046	早崎 郁朗	男	福岡県	3:45:04	0:40:36	547	1:56:49	787	2:37:25	746	1:07:39	618	655		男子70-79歳	9
712	1067	山本 耀介	男	東京都	3:45:04	0:48:39	769	1:50:04	713	2:38:43	756	1:06:21	587	656		男子20-29歳	81
713	6030	京谷 信一朗	男	東京都	3:45:11	0:47:56	758	1:49:20	697	2:37:16	745	1:07:55	625	657		男子60-69歳	59
714	5076	田中 総介	男	東京都	3:45:14	0:40:19	536	1:49:40	707	2:29:59	671	1:15:15	719	658		男子50-59歳	196
715	4038	森村 伸之	男	埼玉県	3:45:28	0:49:37	779	1:45:06	640	2:34:43	720	1:10:45	675	659		男子50-59歳	197
716	6018	小山 耕治	男	山梨県	3:45:46	0:41:13	568	1:44:18	627	2:25:31	604	1:20:15	760	660		男子60-69歳	60
717	5059	遠藤 浩	男	東京都	3:45:58	0:33:53	216	2:01:12	805	2:35:05	724	1:10:53	676	661		男子50-59歳	198
718	5150	吉田 琢磨	男	東京都	3:46:00	0:42:39	627	1:53:41	753	2:36:20	736	1:09:40	650	662		男子60-69歳	61
719	3186	大久根 滋人	男	埼玉県	3:46:13	0:43:12	638	1:44:26	631	2:27:38	639	1:18:35	744	663		男子50-59歳	199
720	1107	齋藤 寛樹	男	埼玉県	3:46:37	0:40:16	533	1:56:01	777	2:36:17	734	1:10:20	668	664		男子20-29歳	82
721	5052	山本 卓	男	東京都	3:46:58	0:45:20	706	1:38:10	491	2:23:30	573	1:23:28	783	665		男子50-59歳	200
722	6038	東海林 孝	男	東京都	3:47:18	0:44:18	675	1:52:39	745	2:36:57	739	1:10:21	669	666		男子70-79歳	10
723	7101	鈴木 尚子	女	東京都	3:47:43	0:41:26	579	1:49:35	703	2:31:01	685	1:16:42	730		57	女子60-69歳	8
724	4174	藤井 啓喜	男	愛知県	3:47:50	0:55:27	834	1:51:23	728	2:46:50	797	1:01:00	439	667		男子50-59歳	201
725	2177	近藤 健介	男	東京都	3:48:28	0:53:22	820	1:47:53	676	2:41:15	771	1:07:13	606	668		男子40-49歳	171
726	7073	近藤 ゆりか	女	東京都	3:48:33	0:46:22	723	1:55:01	770	2:41:23	772	1:07:10	604		58	女子50-59歳	12
727	4059	川地 基貴	男	愛知県	3:48:52	0:53:51	827	1:47:10	663	2:41:01	767	1:07:51	622	669		男子50-59歳	202
728	1176	野出 翔太	男	埼玉県	3:49:08	0:44:49	692	1:49:54	711	2:34:43	719	1:14:25	712	670		男子30-39歳	141
729	5149	高橋 清政	男	東京都	3:49:18	0:36:59	375	1:48:36	685	2:25:35	606	1:23:43	786	671		男子60-69歳	62
730	3134	西崎 友統	男	岡山県	3:49:19	0:39:24	489	1:54:04	760	2:33:28	712	1:15:51	724	672		男子40-49歳	172
731	5084	渡邉 房貴	男	山梨県	3:49:24	0:38:38	455	1:49:35	702	2:28:13	645	1:21:11	766	673		男子50-59歳	203
732	3176	高野瀬 誠	男	静岡県	3:49:38	0:36:55	364	1:42:19	585	2:19:14	505	1:30:24	809	674		男子50-59歳	204
733	3150	梶田 智裕	男	愛知県	3:49:44	0:51:44	803	1:39:33	524	2:31:17	691	1:18:27	742	675		男子40-49歳	173
734	7100	小川 暁代	女	埼玉県	3:49:47	0:40:12	528	1:52:51	746	2:33:03	705	1:16:44	731		59	女子60-69歳	9
735	5102	鉄田 義人	男	神奈川県	3:49:58	0:44:10	670	1:46:57	662	2:31:07	687	1:18:51	747	676		男子50-59歳	205
736	7067	浅野 愛美	女	岐阜県	3:50:04	0:35:48	299	1:50:35	716	2:26:23	616	1:23:41	785		60	女子50-59歳	13
737	1094	影山 湧二	男	神奈川県	3:50:06	0:43:35	653	1:43:26	611	2:27:01	634	1:23:05	778	677		男子20-29歳	83
738	1145	木村 暁	男	東京都	3:50:39	0:44:57	694	1:48:08	678	2:33:05	706	1:17:34	740	678		男子30-39歳	142
739	5027	清水 甲一郎	男	東京都	3:50:46	0:42:50	635	2:01:01	803	2:43:51	786	1:06:55	599	679		男子50-59歳	206
740	4158	原 英治	男	大阪府	3:50:51	0:51:28	801	1:44:52	637	2:36:20	735	1:14:31	714	680		男子50-59歳	207
741	1066	石川 友哉	男	千葉県	3:50:52	0:50:14	785	1:51:00	721	2:41:14	769	1:09:38	646	681		男子20-29歳	84
742	5005	荒木 芳友	男	東京都	3:51:56	0:39:49	504	1:41:47	576	2:21:36	541	1:30:20	808	682		男子50-59歳	208
743	4026	曽我 匡	男	埼玉県	3:52:00	0:37:09	384	1:56:57	788	2:34:06	717	1:17:54	741	683		男子50-59歳	209
744	4162	亀山 義麿	男	東京都	3:52:12	0:56:31	835	1:49:03	691	2:45:34	795	1:06:38	590	684		男子50-59歳	210
745	6026	大野 直樹	男	東京都	3:52:25	0:41:33	584	1:55:10	772	2:36:43	738	1:15:42	723	685		男子60-69歳	63
746	5138	岡本 泰宜	男	愛知県	3:52:26	0:40:54	555	1:51:43	733	2:32:37	698	1:19:49	755	686		男子60-69歳	64
747	1131	浅井 宥樹	男	東京都	3:52:45	0:37:54	418	2:01:14	806	2:39:08	760	1:13:37	707	687		男子30-39歳	143
748	1190	岩本 脩	男	愛知県	3:52:47	0:41:24	576	1:48:03	677	2:29:27	661	1:23:20	781	688		男子30-39歳	144
749	2176	河東 克征	男	山梨県	3:53:35	0:59:23	843	1:43:07	601	2:42:30	776	1:11:05	678	689		男子40-49歳	174
750	1186	折笠 良輔	男	東京都	3:53:46	0:42:46	632	2:02:28	812	2:45:14	793	1:08:32	632	690		男子30-39歳	145
751	4169	藤本 匠一	男	東京都	3:54:24	0:53:43	825	1:49:30	701	2:43:13	782	1:11:11	681	691		男子50-59歳	211
752	4126	松岡 洋良	男	岐阜県	3:54:33	0:48:38	768	1:41:05	556	2:29:43	664	1:24:50	788	692		男子50-59歳	212
753	4073	城尾 幸司	男	岡山県	3:54:45	0:50:10	784	1:51:26	729	2:41:36	773	1:13:09	701	693		男子50-59歳	213
754	5074	山下 裕志	男	神奈川県	3:55:08	0:43:22	644	1:43:11	604	2:26:33	619	1:28:35	801	694		男子50-59歳	214
755	5123	村松 宏	男	東京都	3:55:20	0:41:08	562	1:53:43	755	2:34:51	721	1:20:29	762	695		男子60-69歳	65
756	1177	坂下 元基	男	東京都	3:55:25	0:46:34	730	1:46:28	654	2:33:02	704	1:22:23	768	696		男子30-39歳	146
757	3164	木下 龍太郎	男	岡山県	3:55:27	0:44:11	671	1:48:55	688	2:33:06	707	1:22:21	767	697		男子50-59歳	215
758	3129	碇 範人	男	神奈川県	3:55:41	0:38:10	437	1:54:43	766	2:32:53	701	1:22:48	773	698		男子40-49歳	175
759	6052	田中 伸幸	男	岐阜県	3:56:29	0:39:08	478	1:47:28	671	2:26:36	622	1:29:53	805	699		男子70-79歳	11
760	1181	伊藤 亮輔	男	神奈川県	3:56:40	0:41:19	574	1:52:07	738	2:33:26	711	1:23:14	779	700		男子30-39歳	147
761	6034	宇恵 誠	男	茨城県	3:56:49	0:49:29	777	1:56:43	785	2:46:12	796	1:10:37	673	701		男子70-79歳	12
762	1200	白川 寛規	男	神奈川県	3:56:54	0:44:00	663	1:54:20	764	2:38:20	751	1:18:34	743	702		男子30-39歳	148
763	1029	中村 光太郎	男	神奈川県	3:57:15	0:41:16	571	1:56:28	782	2:37:44	748	1:19:31	754	703		男子20-29歳	85
764	1051	志村 勇太朗	男	東京都	3:57:19	0:50:44	790							704		男子20-29歳	86
765	7011	林 恵理子	女	京都府	3:57:23	0:51:12	799	1:58:52	799	2:50:04	809	1:07:19	611		61	女子20-29歳	6
766	6045	東海林 敏昭	男	神奈川県	3:57:27	0:42:31	619	1:51:22	727	2:33:53	715	1:23:34	784	705		男子70-79歳	13
767	7040	長塚 彩江	女	東京都	3:57:28	0:39:57	518	2:04:11	814	2:44:08	788	1:13:20	704		62	女子40-49歳	17
768	1100	渡邊 知希	男	東京都	3:57:52	0:53:25	821	1:58:56	801	2:52:21	813	1:05:31	562	706		男子20-29歳	87
769	1165	森 一就	男	京都府	3:59:01	0:51:52	806	1:52:18	741	2:44:10	789	1:14:51	715	707		男子30-39歳	149
770	2201	多田 裕亮	男	静岡県	3:59:03	0:44:39	687	1:58:06	792	2:42:45	778	1:16:18	726	708		男子40-49歳	176
771	2205	伊藤 雅幸	男	愛知県	3:59:05	0:42:29	618	1:53:41	754	2:36:10	733	1:22:55	775	709		男子40-49歳	177
772	4010	田代 茂樹	男	兵庫県	3:59:19	0:48:04	760	1:54:43	767	2:42:47	779	1:16:32	728	710		男子50-59歳	216
773	2066	石井 和哉	男	愛知県	3:59:20	0:48:11	762	1:55:30	773	2:43:41	783	1:15:39	722	711		男子30-39歳	150
774	7015	田内 希	女	神奈川県	3:59:25	0:50:53	791	1:53:08	749	2:44:01	787	1:15:24	720		63	女子30-39歳	14
775	6049	奥原 一男	男	千葉県	3:59:37	0:43:24	648	1:53:45	756	2:37:09	742	1:22:28	769	712		男子70-79歳	14
776	3166	松尾 憲恭	男	東京都	3:59:37	0:45:03	695	1:47:11	665	2:32:14	697	1:27:23	797	713		男子50-59歳	217
777	5035	範 泰二	男	奈良県	3:59:49	0:56:35	836	1:53:45	757	2:50:20	810	1:09:29	644	714		男子50-59歳	218
778	7031	林 志都加	女	千葉県	4:00:06	0:50:53	792	1:56:05	778	2:46:58	798	1:13:08	699		64	女子30-39歳	15
779	2050	細井 純太	男	愛知県	4:01:09	0:54:57	832	1:52:25	742	2:47:22	799	1:13:47	709	715		男子30-39歳	151
780	5091	古山 進	男	千葉県	4:01:13	0:45:13	703	1:47:36	672	2:32:49	700	1:28:24	800	716		男子50-59歳	219
781	3153	吉田 茂利	男	愛知県	4:01:33	0:47:59	759	1:50:57	720	2:38:56	758	1:22:37	771	717		男子40-49歳	178
782	5126	伊藤 覚志	男	岐阜県	4:02:11	0:47:02	740	1:50:09	714	2:37:11	744	1:25:00	790	718		男子60-69歳	66
783	3183	遠藤 晃	男	山梨県	4:02:22	0:44:42	689	1:58:13	794	2:42:55	780	1:19:27	753	719		男子50-59歳	220
784	4181	渋谷 武宏	男	東京都	4:03:24	0:47:27	750	1:53:02	748	2:40:29	764	1:22:55	776	720		男子50-59歳	221
785	6047	小川 孝	男	埼玉県	4:03:30	0:43:53	661	1:54:38	765	2:38:31	752	1:24:59	789	721		男子70-79歳	15
786	4131	村井 裕之	男	岐阜県	4:03:43	0:56:57	837	1:57:06	789	2:54:03	817	1:09:40	647	722		男子50-59歳	222
787	5013	芥 慶和	男	香川県	4:04:06	0:39:51	508	1:49:11	694	2:29:02	654	1:35:04	816	723		男子50-59歳	223
788	7078	小川 美香	女	東京都	4:04:07	0:39:53	511	2:01:21	807	2:41:14	770	1:22:53	774		65	女子50-59歳	14
789	6021	伊藤 善也	男	愛知県	4:04:11	0:46:48	736	1:52:09	739	2:38:57	759	1:25:14	791	724		男子60-69歳	67
790	1115	須田 遼太郎	男	東京都	4:04:17	0:37:54	419	1:43:57	621	2:21:51	546	1:42:26	819	725		男子20-29歳	88
791	1080	糸井 正隆	男	愛知県	4:05:27	0:45:06	699	2:09:14	823	2:54:20	819	1:11:07	679	726		男子20-29歳	89
792	5054	高橋 功樹	男	千葉県	4:05:48	0:47:29	751	1:49:38	705	2:37:07	741	1:28:41	802	727		男子50-59歳	224
793	5120	原口 知則	男	三重県	4:06:18	0:49:32	778	1:48:38	686	2:38:10	750	1:28:08	799	728		男子60-69歳	68
794	2064	簗瀬 貴裕	男	岐阜県	4:07:13	0:54:03	829	1:53:51	759	2:47:54	801	1:19:19	751	729		男子30-39歳	152
795	2161	沓掛 直人	男	東京都	4:07:38	0:54:15	830	1:54:17	763	2:48:32	804	1:19:06	749	730		男子40-49歳	179
796	6031	郷田 賢也	男	埼玉県	4:08:06	0:51:00	794	1:54:10	761	2:45:10	792	1:22:56	777	731		男子60-69歳	69
797	5179	石井 孝太郎	男	東京都	4:08:49	0:46:28	726	2:01:49	809	2:48:17	802	1:20:32	763	732		男子60-69歳	70
798	7086	大川 孝枝	女	静岡県	4:10:05	0:47:46	757	2:01:09	804	2:48:55	806	1:21:10	765		66	女子50-59歳	15
799	1151	岡田 卓也	男	神奈川県	4:10:15	0:51:09	797	1:58:54	800	2:50:03	808	1:20:12	759	733		男子30-39歳	153
800	2148	高橋 和宏	男	山梨県	4:11:11	0:46:56	738	1:49:24	698	2:36:20	737	1:34:51	815	734		男子40-49歳	180
801	2171	佐々木 雄哉	男	神奈川県	4:11:15	0:52:38	813	1:51:56	736	2:44:34	790	1:26:41	794	735		男子40-49歳	181
802	7071	山地 幸枝	女	東京都	4:13:13	0:52:40	814	1:51:05	723	2:43:45	784	1:29:28	803		67	女子50-59歳	16
803	1040	平田 泰成	男	東京都	4:13:43	0:49:17	776	1:51:49	735	2:41:06	768	1:32:37	812	736		男子20-29歳	90
804	4076	羽山 昭彦	男	東京都	4:14:23	0:58:48	841	1:55:00	769	2:53:48	816	1:20:35	764	737		男子50-59歳	225
805	6041	畑中 泰二	男	埼玉県	4:14:59	0:41:03	559	2:06:22	820	2:47:25	800	1:27:34	798	738		男子70-79歳	16
806	5188	島崎 レナット	男	東京都	4:16:16	0:34:19	236	2:02:50	813	2:37:09	743	1:39:07	818	739		男子60-69歳	71
807	3034	土岐 武	男	岐阜県	4:18:24	0:51:09	798	1:57:22	790	2:48:31	803	1:29:53	804	740		男子40-49歳	182
808	7068	明石 まほし	女	東京都	4:18:37	0:41:42	593	2:11:30	825	2:53:12	815	1:25:25	792		68	女子50-59歳	17
809	7088	原 幸恵	女	岐阜県	4:18:58	0:52:29	811	1:56:24	781	2:48:53	805	1:30:05	806		69	女子50-59歳	18
810	7106	滝沢 見世子	女	千葉県	4:19:22	0:35:38	288	2:16:45	829	2:52:23	814	1:26:59	795		70	女子70-79歳	2
811	3072	佐藤 友哉	男	東京都	4:22:26	0:44:00	664	2:05:44	817	2:49:44	807	1:32:42	813	741		男子40-49歳	183
812	5034	佐藤 文彦	男	東京都	4:22:27	0:53:33	824	2:06:12	818	2:59:45	825	1:22:42	772	742		男子50-59歳	226
813	6015	林 豊	男	千葉県	4:27:22	0:42:32	622	2:12:03	826	2:54:35	820	1:32:47	814	743		男子60-69歳	72
814	2121	阪野 翔生	男	徳島県	4:27:51	0:51:41	802	2:05:34	816	2:57:15	823	1:30:36	810	744		男子40-49歳	184
815	6044	沖村 政則	男	東京都	4:29:47	0:57:30	838	1:54:16	762	2:51:46	812	1:38:01	817	745		男子70-79歳	17
TOV	1139	三浦 大輝	男	東京都	3:45:16	1:03:50	846	1:39:11	510	2:43:01	781	1:02:15	465			男子30-39歳	
TOV	1166	宮本 真生	男	大阪府	4:11:32	0:58:31	840	2:13:55	827	3:12:26	830	0:59:06	390			男子30-39歳	
TOV	4167	椎名 悦郎	男	神奈川県	4:13:16	0:53:28	822	2:15:19	828	3:08:47	828	1:04:29	525			男子50-59歳	
TOV	4046	野本 剛輝	男	東京都	4:20:41	0:59:17	842	2:01:24	808	3:00:41	826	1:20:00	757			男子50-59歳	
TOV	2141	清水 雄一	男	岐阜県	4:24:17	1:17:52	847	1:49:28	699	3:07:20	827	1:16:57	734			男子40-49歳	
TOV	1132	松元 祐太	男	東京都	4:25:06	1:01:12	845	1:56:40	783	2:57:52	824	1:27:14	796			男子30-39歳	
TOV	1123	上原 拓巳	男	京都府	4:39:29	0:45:10	701	2:24:00	830	3:09:10	829	1:30:19	807			男子20-29歳	
DNF	4165	白井 稔	男	大阪府		0:27:17	46	1:14:48	25	1:42:05	25					男子50-59歳	
DNF	7095	谷川 真由子	女	東京都		0:35:43	294	1:33:37	372	2:09:20	322					女子60-69歳	
DNF	1154	網廣 義希	男	東京都		0:40:15	531	1:32:04	327	2:12:19	387					男子30-39歳	
DNF	5171	榊谷 幹雄	男	三重県		0:36:36	346	1:42:52	594	2:19:28	512					男子60-69歳	
DNF	2051	清水 亘	男	神奈川県		0:43:18	640	1:38:38	502	2:21:56	548					男子30-39歳	
DNF	2019	佐藤 元紀	男	東京都		0:42:18	613	1:49:39	706	2:31:57	694					男子30-39歳	
DNF	4176	樋下田 隆史	男	埼玉県		0:44:12	672	1:58:32	796	2:42:44	777					男子50-59歳	
DNF	5140	田澤 和彦	男	東京都		0:44:20	676	2:06:25	821	2:50:45	811					男子60-69歳	
DNF	6009	青野 幸次	男	大阪府		0:52:04	808	2:02:15	811	2:54:19	818					男子60-69歳	
DNF	2071	中村 隆司	男	愛知県		0:46:07	719	2:08:30	822	2:54:37	821					男子30-39歳	
DNF	2118	長谷川 浩之	男	東京都		0:46:14	720	2:10:10	824	2:56:24	822					男子40-49歳	
DNF	7001	高橋 夏帆	女	東京都		0:24:05	17									女子20-29歳	
DNF	5002	三原 邦彦	男	東京都		0:31:01	126									男子50-59歳	
DNF	6024	大川 明	男	東京都		0:32:13	159									男子60-69歳	
DNF	5092	長澤 満明	男	東京都		0:36:06	317									男子50-59歳	
DNF	3081	小林 孝弘	男	山口県		0:36:15	325									男子40-49歳	
DNF	3095	杉本 紘久	男	神奈川県		0:36:24	332									男子40-49歳	
DNF	5012	小塩 貴行	男	静岡県		0:39:46	503									男子50-59歳	
DNF	7053	稲富 由美子	女	東京都		0:39:55	515									女子40-49歳	
DNF	4014	高橋 弘次	男	山梨県		0:46:26	725									男子50-59歳	
DNF	5099	田中 純一	男	愛知県		0:48:32	765									男子50-59歳	
DNF	6053	行元 冨士夫	男	神奈川県		0:50:20	787									男子70-79歳	
DNF	5161	中西 弘毅	男	奈良県		0:50:36	789									男子60-69歳	
DNF	5148	進士 誉夫	男	千葉県		0:53:44	826									男子60-69歳	
DNF	5163	金 哲彦	男	東京都		0:54:54	831									男子60-69歳	
DNF	1155	釜坂 聖	男	神奈川県												男子30-39歳	
DNF	1184	矢吹 潤平	男	福島県												男子30-39歳	
DNF	2077	佐藤 十喜秀	男	東京都												男子30-39歳	
DNF	2143	水野 貴弘	男	東京都												男子40-49歳	
DNF	2162	吉田 和史	男	埼玉県												男子40-49歳	
DNF	2194	近藤 岳広	男	岐阜県												男子40-49歳	
DNF	3016	藤川 倫成	男	神奈川県												男子40-49歳	
DNF	3051	石村 典久	男	埼玉県												男子40-49歳	
DNF	3105	大塚 薫	男	神奈川県												男子40-49歳	
DNF	3189	師岡 丈司	男	東京都												男子50-59歳	
DNF	4004	近藤 圭輔	男	東京都												男子50-59歳	
DNF	4089	佐々木 宏憲	男	東京都												男子50-59歳	
DNF	4106	丸山 崇	男	東京都												男子50-59歳	
DNF	4124	竹田 覚	男	千葉県												男子50-59歳	
DNF	5011	戸松 孝明	男	愛知県												男子50-59歳	
DNF	5017	内田 伸一	男	山梨県												男子50-59歳	
DNF	6042	村田 光二	男	東京都												男子70-79歳	
DNF	7099	田原 都	女	東京都												女子60-69歳	
SKIP	1013	山中 渓太朗	男	東京都				1:26:19				0:52:05				男子20-29歳	
SKIP	1039	三ツ泉 貴之	男	東京都				1:38:34				1:00:39				男子20-29歳	
SKIP	1043	八巻 美仁	男	福島県				1:35:31				0:58:26				男子20-29歳	
SKIP	1056	高橋 大和	男	宮城県				1:46:30				1:17:52				男子20-29歳	
SKIP	1071	野添 拓人	男	東京都				1:54:26				1:30:06				男子20-29歳	
SKIP	1088	藤崎 裕也	男	千葉県								1:07:46				男子20-29歳	
SKIP	1121	大島 健太郎	男	京都府				1:40:22				0:59:04				男子20-29歳	
SKIP	1135	渡部 匠	男	山梨県				1:29:35				1:16:58				男子30-39歳	
SKIP	1149	藏野 純也	男	神奈川県				1:55:56				1:29:46				男子30-39歳	
SKIP	1191	八木 健人	男	神奈川県				1:49:34				1:04:40				男子30-39歳	
SKIP	1193	松村 圭悟	男	東京都				1:26:32				0:56:06				男子30-39歳	
SKIP	1207	曽根 潤一	男	静岡県				1:16:43				0:53:29				男子30-39歳	
SKIP	2013	川島 一海	男	東京都				1:37:06				1:07:51				男子30-39歳	
SKIP	2014	Sinclair James	男	東京都				1:38:49				0:56:19				男子30-39歳	
SKIP	2024	野尻 翔冬	男	埼玉県				1:37:31				1:03:03				男子30-39歳	
SKIP	2105	伊藤 洋平	男	東京都				1:27:04				1:04:28				男子30-39歳	
SKIP	2136	山本 洋佑	男	大阪府				1:31:47				1:06:21				男子40-49歳	
SKIP	2174	濱口 恵	男	東京都				1:33:24				1:13:30				男子40-49歳	
SKIP	3023	相笠 隼人	男	東京都				1:34:22				1:08:51				男子40-49歳	
SKIP	3036	安江 隆治	男	東京都				1:38:19				1:03:44				男子40-49歳	
SKIP	3038	伊藤 丈史	男	東京都				1:40:31				1:15:02				男子40-49歳	
SKIP	3070	西川 岳志	男	東京都				1:49:43				1:23:27				男子40-49歳	
SKIP	3088	竹下 祐史	男	東京都				1:28:59				0:55:02				男子40-49歳	
SKIP	3089	渡邊 将一郎	男	東京都				1:39:14				0:58:38				男子40-49歳	
SKIP	3111	田原 勝一	男	千葉県				1:37:49				0:55:38				男子40-49歳	
SKIP	3119	坪井 健一郎	男	岐阜県				1:51:30				1:21:39				男子40-49歳	
SKIP	3130	大下 浩平	男	兵庫県				1:32:24				0:56:39				男子40-49歳	
SKIP	3187	樋口 直彦	男	滋賀県				1:37:31				1:20:32				男子50-59歳	
SKIP	3191	吉澤 英和	男	東京都				1:28:32				1:00:28				男子50-59歳	
SKIP	3192	山本 龍司	男	埼玉県												男子50-59歳	
SKIP	3194	並木 裕樹	男	東京都				1:37:19				1:09:22				男子50-59歳	
SKIP	4007	三宅 康弘	男	愛知県				1:55:53				1:44:44				男子50-59歳	
SKIP	4024	高橋 淳	男	東京都				1:35:25				0:35:28				男子50-59歳	
SKIP	4030	大巻 貴宏	男	愛知県				1:48:20				1:13:26				男子50-59歳	
SKIP	4056	高佐 郁	男	埼玉県				1:28:11				1:01:18				男子50-59歳	
SKIP	4069	清水 在三智	男	東京都				1:42:07				0:58:12				男子50-59歳	
SKIP	4103	野村 和秀	男	長野県				1:46:27				1:09:23				男子50-59歳	
SKIP	4104	浜井 崇	男	東京都				1:40:46				1:11:44				男子50-59歳	
SKIP	4170	吉川 義章	男	神奈川県				1:52:21				1:22:28				男子50-59歳	
SKIP	4178	林 晋太郎	男	東京都				1:24:52				0:53:36				男子50-59歳	
SKIP	5025	齊藤 登	男	神奈川県				1:45:48				1:10:57				男子50-59歳	
SKIP	5026	渡辺 哲	男	神奈川県				1:24:48				0:58:08				男子50-59歳	
SKIP	5037	山東 耕太	男	東京都				1:33:59				1:01:45				男子50-59歳	
SKIP	5039	富田 慎二	男	東京都				1:30:26				0:57:13				男子50-59歳	
SKIP	5050	伊東 秀明	男	東京都				1:29:36				1:07:36				男子50-59歳	
SKIP	5070	丸島 夏一	男	東京都				1:32:08				1:01:45				男子50-59歳	
SKIP	5080	三秋 拓	男	東京都				1:41:09				1:02:31				男子50-59歳	
SKIP	5082	小島 義孝	男	神奈川県				1:45:24				1:13:34				男子50-59歳	
SKIP	5090	丸田 亮	男	愛知県				1:34:56				1:20:14				男子50-59歳	
SKIP	5107	折原 亮	男	千葉県				1:50:53				1:08:48				男子60-69歳	
SKIP	5111	谷口 浩一郎	男	東京都				1:48:30				1:29:54				男子60-69歳	
SKIP	5157	松田 勝之	男	千葉県				1:58:50				1:15:01				男子60-69歳	
SKIP	5169	福田 和博	男	埼玉県				1:39:12				1:19:01				男子60-69歳	
SKIP	6023	三村 正治	男	山梨県				1:46:08				1:33:45				男子60-69歳	
SKIP	6054	藤田 勉	男	東京都				0:42:52								男子80歳以上	
SKIP	7005	長澤 るい	女	山梨県				1:51:55				1:08:33				女子20-29歳	
SKIP	7014	下村 有乃	女	東京都				1:47:25				1:21:33				女子20-29歳	
SKIP	7022	田中 智愛	女	東京都				1:52:14				1:14:48				女子30-39歳	
SKIP	7030	山林 奈央	女	大阪府				1:38:07				0:51:01				女子30-39歳	
SKIP	7041	青柳 まなみ	女	東京都				1:43:27				0:58:26				女子40-49歳	
SKIP	7063	長島 喜美	女	岐阜県				1:59:02				1:25:05				女子50-59歳	
SKIP	7066	松野 亜紀子	女	東京都				1:52:03				1:09:48				女子50-59歳	
SKIP	7081	佐々木 洋子	女	埼玉県				1:49:00				1:17:26				女子50-59歳	
SKIP	7084	松本 節子	女	千葉県				1:57:28				1:12:14				女子50-59歳	
DSQ	7042	奥村 暢子	女	東京都	2:59:44	0:19:55		1:45:19		2:05:14		0:54:30				女子40-49歳	
DSQ	7048	小坂 太紀惠	女	兵庫県	3:20:59	0:47:09		1:47:06		2:34:15		0:46:44				女子40-49歳	
DNS	1015	水島 諒介	男	神奈川県												男子20-29歳	
DNS	1019	山川 翔煥	男	神奈川県												男子20-29歳	
DNS	1025	樋口 可樹	男	愛知県												男子20-29歳	
DNS	1030	稲田 駿平	男	神奈川県												男子20-29歳	
DNS	1031	武田 稔矢	男	東京都												男子20-29歳	
DNS	1032	井上 智博	男	東京都												男子20-29歳	
DNS	1038	池田 奏夢	男	東京都												男子20-29歳	
DNS	1045	岩尾 隼平	男	長野県												男子20-29歳	
DNS	1047	奥山 裕矢	男	三重県												男子20-29歳	
DNS	1060	宮本 一輝	男	東京都												男子20-29歳	
DNS	1068	安形 郁哉	男	岐阜県												男子20-29歳	
DNS	1075	蛭田 天暁	男	千葉県												男子20-29歳	
DNS	1082	南 銀佳	男	埼玉県												男子20-29歳	
DNS	1086	松山 拓実	男	東京都												男子20-29歳	
DNS	1102	村田 直誉	男	静岡県												男子20-29歳	
DNS	1103	野口 亮	男	東京都												男子20-29歳	
DNS	1114	中村 匡佑	男	埼玉県												男子20-29歳	
DNS	1116	宮下 篤貴	男	東京都												男子20-29歳	
DNS	1119	松木 奨吾	男	東京都												男子20-29歳	
DNS	1124	渡邉 善也	男	山梨県												男子20-29歳	
DNS	1125	杉丘 尚弥	男	静岡県												男子20-29歳	
DNS	1150	高尾 敦	男	東京都												男子30-39歳	
DNS	1158	山田 郷	男	東京都												男子30-39歳	
DNS	1160	高政 侑也	男	東京都												男子30-39歳	
DNS	1161	福代 和紀	男	静岡県												男子30-39歳	
DNS	1162	松島 弘貴	男	静岡県												男子30-39歳	
DNS	1196	高柴 慶人	男	静岡県												男子30-39歳	
DNS	1198	久保 太宏	男	神奈川県												男子30-39歳	
DNS	2001	鈴木 達朗	男	東京都												男子30-39歳	
DNS	2007	稲野 純平	男	神奈川県												男子30-39歳	
DNS	2026	久保 祥馬	男	東京都												男子30-39歳	
DNS	2028	長屋 元大	男	東京都												男子30-39歳	
DNS	2037	位田 雅俊	男	愛知県												男子30-39歳	
DNS	2039	竹下 光亮	男	東京都												男子30-39歳	
DNS	2045	大石 広貴	男	静岡県												男子30-39歳	
DNS	2053	西岡 武尊	男	東京都												男子30-39歳	
DNS	2084	小竹 佑治	男	大阪府												男子30-39歳	
DNS	2086	向山 裕介	男	東京都												男子30-39歳	
DNS	2092	北 敬介	男	埼玉県												男子30-39歳	
DNS	2094	増原 雄太郎	男	東京都												男子30-39歳	
DNS	2095	フロスト バイロン	男	東京都												男子30-39歳	
DNS	2096	アレックス ミルズ	男	東京都												男子30-39歳	
DNS	2102	中澤 秀太	男	長野県												男子30-39歳	
DNS	2108	中村 健太郎	男	東京都												男子30-39歳	
DNS	2113	細井 裕作	男	東京都												男子40-49歳	
DNS	2116	高橋 進	男	東京都												男子40-49歳	
DNS	2117	花岡 和也	男	長野県												男子40-49歳	
DNS	2125	大森 直彦	男	山梨県												男子40-49歳	
DNS	2126	松島 風斗	男	東京都												男子40-49歳	
DNS	2135	津島 和博	男	東京都												男子40-49歳	
DNS	2137	中野 和馬	男	東京都												男子40-49歳	
DNS	2138	中島 弘陽	男	東京都												男子40-49歳	
DNS	2151	山田 直明	男	埼玉県												男子40-49歳	
DNS	2154	菊池 宏之	男	神奈川県												男子40-49歳	
DNS	2155	山田 宏樹	男	東京都												男子40-49歳	
DNS	2159	江藤 拓	男	岐阜県												男子40-49歳	
DNS	2192	千葉 拓也	男	東京都												男子40-49歳	
DNS	2200	荒井 知記	男	埼玉県												男子40-49歳	
DNS	2204	知見 雅	男	山梨県												男子40-49歳	
DNS	2206	河野 宏樹	男	東京都												男子40-49歳	
DNS	2207	河上 真吾	男	兵庫県												男子40-49歳	
DNS	3005	瀬尾 明彦	男	東京都												男子40-49歳	
DNS	3009	西村 央	男	神奈川県												男子40-49歳	
DNS	3011	上野 真和	男	大阪府												男子40-49歳	
DNS	3019	牧田 誠	男	埼玉県												男子40-49歳	
DNS	3021	斉藤 友洋	男	千葉県												男子40-49歳	
DNS	3035	清水 啓太	男	広島県												男子40-49歳	
DNS	3040	渡辺 靖成	男	静岡県												男子40-49歳	
DNS	3042	佐藤 悠一	男	東京都												男子40-49歳	
DNS	3043	長塚 昌平	男	東京都												男子40-49歳	
DNS	3046	松本 貴誠	男	大阪府												男子40-49歳	
DNS	3048	吉田 健一郎	男	千葉県												男子40-49歳	
DNS	3057	三原 洋一	男	千葉県												男子40-49歳	
DNS	3059	川越 大輔	男	愛知県												男子40-49歳	
DNS	3060	星野 有一	男	東京都												男子40-49歳	
DNS	3061	増谷 嘉晃	男	東京都												男子40-49歳	
DNS	3071	隅田 勇平	男	東京都												男子40-49歳	
DNS	3074	西内 康	男	東京都												男子40-49歳	
DNS	3075	沓澤 篤史	男	東京都												男子40-49歳	
DNS	3078	中島 哲	男	東京都												男子40-49歳	
DNS	3080	須藤 亮平	男	東京都												男子40-49歳	
DNS	3093	金子 裕	男	埼玉県												男子40-49歳	
DNS	3098	栗林 正義	男	神奈川県												男子40-49歳	
DNS	3099	渡辺 誠二	男	山梨県												男子40-49歳	
DNS	3101	霜田 純	男	神奈川県												男子40-49歳	
DNS	3102	安井 允彦	男	東京都												男子40-49歳	
DNS	3110	那須 慎太郎	男	千葉県												男子40-49歳	
DNS	3114	小林 研介	男	東京都												男子40-49歳	
DNS	3117	谷崎 慎太郎	男	東京都												男子40-49歳	
DNS	3118	谷本 俊一	男	神奈川県												男子40-49歳	
DNS	3121	永瀬 達也	男	東京都												男子40-49歳	
DNS	3123	鈴木 邦芳	男	神奈川県												男子40-49歳	
DNS	3126	瀬古 恵介	男	愛知県												男子40-49歳	
DNS	3132	三戸 政和	男	東京都												男子40-49歳	
DNS	3139	河村 雄也	男	神奈川県												男子40-49歳	
DNS	3148	幅 貴久	男	岐阜県												男子40-49歳	
DNS	3152	島村 明典	男	山梨県												男子40-49歳	
DNS	3155	後藤 悦一	男	滋賀県												男子40-49歳	
DNS	3156	鈴木 公介	男	静岡県												男子40-49歳	
DNS	3159	清水 紀孝	男	神奈川県												男子40-49歳	
DNS	3161	橋本 孝史	男	東京都												男子40-49歳	
DNS	3172	竹谷 直記	男	三重県												男子50-59歳	
DNS	3182	石原 良純	男	京都府												男子50-59歳	
DNS	3185	杉山 晃	男	埼玉県												男子50-59歳	
DNS	3190	浅川 大道	男	群馬県												男子50-59歳	
DNS	4008	山根 祐夫	男	東京都												男子50-59歳	
DNS	4009	吉田 典夫	男	栃木県												男子50-59歳	
DNS	4011	太田 洋芳	男	東京都												男子50-59歳	
DNS	4022	堀部 和秀	男	愛知県												男子50-59歳	
DNS	4025	飛田 仁	男	東京都												男子50-59歳	
DNS	4027	霧生 秀治	男	東京都												男子50-59歳	
DNS	4028	一条 厚	男	東京都												男子50-59歳	
DNS	4029	浅川 英輝	男	東京都												男子50-59歳	
DNS	4034	金増 宏輝	男	大阪府												男子50-59歳	
DNS	4040	新井 豪	男	埼玉県												男子50-59歳	
DNS	4041	篠崎 禎宏	男	神奈川県												男子50-59歳	
DNS	4055	丸岡 正和	男	大阪府												男子50-59歳	
DNS	4060	庄司 哲也	男	静岡県												男子50-59歳	
DNS	4062	丸山 伸也	男	長野県												男子50-59歳	
DNS	4066	高橋 伸	男	山梨県												男子50-59歳	
DNS	4067	竹中 康弘	男	東京都												男子50-59歳	
DNS	4071	田野 康夫	男	石川県												男子50-59歳	
DNS	4075	星野 達哉	男	東京都												男子50-59歳	
DNS	4080	長坂 剛	男	東京都												男子50-59歳	
DNS	4081	田中 和幸	男	神奈川県												男子50-59歳	
DNS	4082	奥村 宏	男	神奈川県												男子50-59歳	
DNS	4097	谷口 正俊	男	東京都												男子50-59歳	
DNS	4102	丸尾 良明	男	東京都												男子50-59歳	
DNS	4111	日比 章善	男	東京都												男子50-59歳	
DNS	4112	鐘江 康一郎	男	神奈川県												男子50-59歳	
DNS	4122	染谷 尚康	男	埼玉県												男子50-59歳	
DNS	4123	集貝 友栄	男	千葉県												男子50-59歳	
DNS	4130	二見 達彦	男	東京都												男子50-59歳	
DNS	4141	森本 未知数	男	東京都												男子50-59歳	
DNS	4144	福田 滋	男	愛知県												男子50-59歳	
DNS	4173	佐藤 貴幸	男	神奈川県												男子50-59歳	
DNS	4183	佐山 敬	男	千葉県												男子50-59歳	
DNS	5010	宮嶋 寛治	男	静岡県												男子50-59歳	
DNS	5022	神野 茂	男	愛知県												男子50-59歳	
DNS	5028	河口 智博	男	兵庫県												男子50-59歳	
DNS	5030	山本 正喜	男	秋田県												男子50-59歳	
DNS	5036	舘野 正	男	栃木県												男子50-59歳	
DNS	5045	井戸 哲也	男	岐阜県												男子50-59歳	
DNS	5046	宮畑 信吾	男	東京都												男子50-59歳	
DNS	5055	平井 秀明	男	東京都												男子50-59歳	
DNS	5060	小室 輝久	男	東京都												男子50-59歳	
DNS	5061	吉川 誠司	男	埼玉県												男子50-59歳	
DNS	5062	鈴木 英暁	男	神奈川県												男子50-59歳	
DNS	5065	佐藤 浩二	男	群馬県												男子50-59歳	
DNS	5073	宮澤 典友	男	東京都												男子50-59歳	
DNS	5085	久保田 剛二	男	兵庫県												男子50-59歳	
DNS	5093	板場 賢二	男	埼玉県												男子50-59歳	
DNS	5094	青木 健一	男	福井県												男子50-59歳	
DNS	5095	米田 稔	男	愛知県												男子50-59歳	
DNS	5097	前田 慶二	男	静岡県												男子50-59歳	
DNS	5100	林宝 謙治	男	埼玉県												男子50-59歳	
DNS	5101	大用 訓一	男	東京都												男子50-59歳	
DNS	5105	菊池 智明	男	東京都												男子60-69歳	
DNS	5109	椿 健太郎	男	埼玉県												男子60-69歳	
DNS	5110	原 弘	男	神奈川県												男子60-69歳	
DNS	5113	小野 晴義	男	山梨県												男子60-69歳	
DNS	5114	秋田 隆輝	男	東京都												男子60-69歳	
DNS	5117	藤野 隆太	男	東京都												男子60-69歳	
DNS	5118	細川 顕	男	京都府												男子60-69歳	
DNS	5119	岡本 辰也	男	神奈川県												男子60-69歳	
DNS	5121	森田 充	男	埼玉県												男子60-69歳	
DNS	5128	石橋 光明	男	東京都												男子60-69歳	
DNS	5131	北見 尚之	男	神奈川県												男子60-69歳	
DNS	5134	青木 幸生	男	秋田県												男子60-69歳	
DNS	5139	南原 俊雄	男	愛知県												男子60-69歳	
DNS	5144	佐竹 正規	男	東京都												男子60-69歳	
DNS	5145	小野 明	男	神奈川県												男子60-69歳	
DNS	5154	吉沢 純	男	千葉県												男子60-69歳	
DNS	5156	中村 亮介	男	愛知県												男子60-69歳	
DNS	5162	長谷川 龍貴	男	愛知県												男子60-69歳	
DNS	5174	大久保 敏晃	男	東京都												男子60-69歳	
DNS	5177	松本 幸三	男	千葉県												男子60-69歳	
DNS	5178	西尾 進也	男	神奈川県												男子60-69歳	
DNS	5180	山崎 高嗣	男	愛知県												男子60-69歳	
DNS	5184	牧浦 真司	男	東京都												男子60-69歳	
DNS	5185	弓桁 哲久	男	静岡県												男子60-69歳	
DNS	5189	比留間 進	男	東京都												男子60-69歳	
DNS	5190	野村 均	男	埼玉県												男子60-69歳	
DNS	6004	棚橋 伸	男	神奈川県												男子60-69歳	
DNS	6005	川口 隆	男	愛知県												男子60-69歳	
DNS	6010	中島 資太	男	愛知県												男子60-69歳	
DNS	6013	成瀬 博之	男	愛知県												男子60-69歳	
DNS	6014	松岡 良幸	男	三重県												男子60-69歳	
DNS	6019	蓑部 孝行	男	三重県												男子60-69歳	
DNS	6020	岩本 憲保	男	神奈川県												男子60-69歳	
DNS	6040	藤田 俊治	男	埼玉県												男子70-79歳	
DNS	6043	安川 立朗	男	神奈川県												男子70-79歳	
DNS	6048	伊之澤 修	男	千葉県												男子70-79歳	
DNS	7007	中野 美玖	女	愛媛県												女子20-29歳	
DNS	7010	星子 涼香	女	神奈川県												女子20-29歳	
DNS	7023	石瀬 裕子	女	静岡県												女子30-39歳	
DNS	7033	白久 千尋	女	東京都												女子30-39歳	
DNS	7034	小西 洋惠	女	埼玉県												女子30-39歳	
DNS	7035	大川原 沙苗	女	栃木県												女子30-39歳	
DNS	7037	佐藤 洋美	女	大阪府												女子40-49歳	
DNS	7039	太田 麻衣子	女	東京都												女子40-49歳	
DNS	7049	野村 美穂	女	埼玉県												女子40-49歳	
DNS	7058	中山 里奈	女	東京都												女子40-49歳	
DNS	7061	竹中 久美子	女	東京都												女子40-49歳	
DNS	7070	浅見 美香	女	東京都												女子50-59歳	
DNS	7072	加藤 恵美	女	東京都												女子50-59歳	
DNS	7074	藤野 真由美	女	東京都												女子50-59歳	
DNS	7077	草田 夕子	女	和歌山県												女子50-59歳	
DNS	7082	西尾 裕美	女	神奈川県												女子50-59歳	
DNS	7091	山本 真紀恵	女	千葉県												女子60-69歳	
DNS	7092	柏倉 美和子	女	埼玉県												女子60-69歳	
DNS	7094	松本 多賀子	女	千葉県												女子60-69歳	
DNS	7102	中山 浩美	女	大阪府												女子60-69歳	
DNS	7103	成瀬 芳子	女	愛知県												女子60-69歳	
