総合順位	No.	氏名	年齢	性別	登録地	総合記録	ｽｲﾑﾗｯﾌﾟ	Ｓ順	ﾊﾞｲｸﾗｯﾌﾟ	Ｂ順	ｽﾌﾟﾘｯﾄ	通過	ﾗﾝﾗｯﾌﾟ	Ｒ順	PNLT	男子順位	女子順位	年齢区分	年齡別順
1	1	前田 能宜	27	男	愛知県	3:26:50	0:32:08	3	1:45:19	1	2:17:27	1	1:09:23	1		1		25-29歳男子	
2	31	髙橋 正俊	34	男	岡山県	3:31:01	0:31:27	1	1:48:28	3	2:19:55	2	1:11:06	3		2		30-34歳男子	
3	3	清水 哲平	44	男	大阪府	3:36:10	0:32:07	2	1:48:28	4	2:20:35	3	1:15:35	8		3		40-44歳男子	
4	42	大野 剛	37	男	神奈川県	3:39:35	0:40:24	37	1:45:31	2	2:25:55	4	1:13:40	5		4		35-39歳男子	1
5	2	神谷 全人	37	男	愛知県	3:42:22	0:38:12	20	1:51:08	8	2:29:20	7	1:13:02	4		5		35-39歳男子	2
6	55	神谷 泰平	39	男	愛知県	3:45:54	0:38:22	23	1:48:45	5	2:27:07	5	1:18:47	15		6		35-39歳男子	3
7	5	斉藤 剛史	42	男	愛知県	3:47:32	0:40:30	39	1:51:21	9	2:31:51	10	1:15:41	9		7		40-44歳男子	1
8	19	渡辺 輝	28	男	愛知県	3:47:49	0:35:20	4	1:56:25	17	2:31:45	9	1:16:04	10		8		25-29歳男子	1
9	110	近藤 高弘	45	男	愛知県	3:49:07	0:38:15	22	1:49:48	6	2:28:03	6	1:21:04	28		9		45-49歳男子	1
10	84	高寺 泰朗	43	男	兵庫県	3:51:20	0:37:38	16	1:51:53	11	2:29:31	8	1:21:49	31		10		40-44歳男子	2
11	46	矢野 修作	38	男	愛知県	3:53:10	0:36:57	8	1:55:57	15	2:32:54	11	1:20:16	24		11		35-39歳男子	4
12	20	小西 拓海	29	男	愛知県	3:53:50	0:37:09	12	1:59:45	27	2:36:54	17	1:16:56	12		12		25-29歳男子	2
13	33	中山 雄樹	34	男	大阪府	3:53:55	0:43:32	80	1:50:50	7	2:34:22	12	1:19:33	21		13		30-34歳男子	1
14	417	宇治 公子	44	女	大阪府	3:54:16	0:37:10	13	2:01:50	37	2:39:00	24	1:15:16	7			1	40-44歳女子	
15	155	金澤 純	48	男	鳥取県	3:55:17	0:43:30	79	1:52:12	12	2:35:42	14	1:19:35	22		14		45-49歳男子	2
16	17	河澄 英武	28	男	愛知県	3:56:02	0:37:42	17	2:03:15	44	2:40:57	28	1:15:05	6		15		25-29歳男子	3
17	62	和田 英之	40	男	和歌山県	3:57:05	0:41:03	42	1:56:57	19	2:38:00	20	1:19:05	17		16		40-44歳男子	3
18	12	堀井 舜平	26	男	群馬県	3:57:25	0:42:43	66	2:03:55	48	2:46:38	41	1:10:47	2		17		25-29歳男子	4
19	322	Barnstable Tim	58	男	東京都	3:57:31	0:41:15	44	1:57:43	21	2:38:58	23	1:18:33	14		18		55-59歳男子	1
20	279	平井 淳也	55	男	香川県	4:00:02	0:40:00	33	1:58:38	24	2:38:38	21	1:21:24	29		19		55-59歳男子	2
21	141	薄 陽一	47	男	愛知県	4:00:33	0:42:35	64	1:59:10	25	2:41:45	30	1:18:48	16		20		45-49歳男子	3
22	222	加藤 幸行	52	男	愛知県	4:00:38	0:44:57	101	1:51:41	10	2:36:38	16	1:24:00	37		21		50-54歳男子	1
23	374	桑原 邦匡	62	男	愛知県	4:01:43	0:37:32	14	1:57:00	20	2:34:32	13	1:27:11	53		22		60-64歳男子	1
24	253	藤田 光裕	54	男	東京都	4:01:45	0:37:01	10	1:59:34	26	2:36:35	15	1:25:10	42		23		50-54歳男子	2
25	254	渡邊 倫弘	54	男	愛知県	4:02:09	0:43:17	75	1:54:19	13	2:37:36	19	1:24:33	40		24		50-54歳男子	3
26	160	富安 健治	49	男	愛知県	4:02:47	0:37:07	11	2:01:46	36	2:38:53	22	1:23:54	36		25		45-49歳男子	4
27	94	永瀬 大輔	44	男	島根県	4:03:39	0:41:49	53	1:55:35	14	2:37:24	18	1:26:15	47		26		40-44歳男子	4
28	4	吉越 剛	48	男	愛知県	4:04:58	0:40:27	38	2:01:44	35	2:42:11	32	1:22:47	33		27		45-49歳男子	5
29	419	髙橋 佳那	35	女	大阪府	4:05:44	0:45:12	107	2:02:02	38	2:47:14	45	1:18:30	13			2	35-39歳女子	
30	233	山本 信吾	53	男	愛知県	4:06:37	0:41:20	46	1:58:22	22	2:39:42	25	1:26:55	51		28		50-54歳男子	4
31	139	五条 貴仁	47	男	岐阜県	4:07:21	0:42:16	59	2:00:12	30	2:42:28	34	1:24:53	41		29		45-49歳男子	6
32	48	河野 仁	38	男	愛知県	4:08:46	0:45:31	112	2:02:27	40	2:47:58	46	1:20:48	25		30		35-39歳男子	5
33	148	長谷川 豊	48	男	愛知県	4:08:51	0:42:32	63	2:01:00	32	2:43:32	37	1:25:19	43		31		45-49歳男子	7
34	339	谷 新吾	59	男	愛知県	4:09:49	0:39:27	30	2:02:53	42	2:42:20	33	1:27:29	55		32		55-59歳男子	3
35	107	倉地 秀朋	45	男	東京都	4:09:55	0:44:43	99	2:05:29	55	2:50:12	55	1:19:43	23		33		45-49歳男子	8
36	270	太田 英輝	55	男	東京都	4:10:05	0:40:51	41	1:59:57	28	2:40:48	27	1:29:17	62		34		55-59歳男子	4
37	240	各務 正敏	54	男	岐阜県	4:11:14	0:45:45	116	2:02:20	39	2:48:05	47	1:23:09	35		35		50-54歳男子	5
38	167	永田 一博	49	男	神奈川県	4:11:26	0:44:42	98	2:07:17	62	2:51:59	64	1:19:27	20		36		45-49歳男子	9
39	302	岡本 直記	57	男	神奈川県	4:13:06	0:36:51	7	2:04:41	52	2:41:32	29	1:31:34	82		37		55-59歳男子	5
40	22	宮木 雄河	29	男	静岡県	4:13:34	0:41:43	52	2:15:07	115	2:56:50	84	1:16:44	11		38		25-29歳男子	5
41	171	西 達也	50	男	東京都	4:13:49	0:45:22	109	2:07:39	65	2:53:01	67	1:20:48	26		39		50-54歳男子	6
42	333	西田 英樹	59	男	滋賀県	4:14:25	0:44:29	94	2:08:29	69	2:52:58	66	1:21:27	30		40		55-59歳男子	6
43	98	深田 俊郎	44	男	愛知県	4:15:08	0:43:04	69	2:00:19	31	2:43:23	36	1:31:45	83		41		40-44歳男子	5
44	434	小杉 真由子	44	女	東京都	4:15:30	0:41:52	55	2:05:02	54	2:46:54	43	1:28:36	60			3	40-44歳女子	
45	210	花木 聡	52	男	東京都	4:15:45	0:42:19	60	2:09:15	72	2:51:34	63	1:24:11	38		42		50-54歳男子	7
46	422	武友 麻衣	44	女	大阪府	4:15:52	0:40:04	34	2:14:49	112	2:54:53	76	1:20:59	27			4	40-44歳女子	1
47	78	鈴木 要	42	男	静岡県	4:16:02	0:49:50	183	2:04:04	50	2:53:54	69	1:22:08	32		43		40-44歳男子	6
48	352	大田 泰正	60	男	広島県	4:16:35	0:43:12	73	2:03:55	49	2:47:07	44	1:29:28	65		44		60-64歳男子	2
49	11	吉澤 拓未	25	男	栃木県	4:17:40	0:47:22	138	2:11:02	85	2:58:24	91	1:19:16	18		45		25-29歳男子	6
50	184	大来 英之	50	男	大阪府	4:18:11	0:45:26	110	1:56:38	18	2:42:04	31	1:36:07	109		46		50-54歳男子	8
51	420	一本松 静香	33	女	愛知県	4:18:12	0:35:32	5	2:07:16	61	2:42:48	35	1:35:24	101			5	30-34歳女子	1
52	79	濱田 伸一郎	42	男	滋賀県	4:18:29	0:51:49	242	1:58:32	23	2:50:21	57	1:28:08	58		47		40-44歳男子	7
53	191	榎戸 敬人	51	男	静岡県	4:18:51	0:45:56	118	2:03:30	45	2:49:26	53	1:29:25	64		48		50-54歳男子	9
54	129	風間 祐二	46	男	神奈川県	4:18:59	0:39:53	32	2:09:19	73	2:49:12	52	1:29:47	68		49		45-49歳男子	10
55	218	金沢 一平	52	男	島根県	4:20:36	0:48:25	155	2:02:35	41	2:51:00	61	1:29:36	67		50		50-54歳男子	10
56	111	土方 宏紀	45	男	愛知県	4:21:39	0:50:59	223	2:07:34	63	2:58:33	93	1:23:06	34		51		45-49歳男子	11
57	149	坂巻 信哉	48	男	大阪府	4:21:39	0:37:32	15	2:07:54	66	2:45:26	39	1:36:13	110		52		45-49歳男子	12
58	180	成田 延久	50	男	愛知県	4:21:41	0:43:39	84	2:11:08	86	2:54:47	75	1:26:54	50		53		50-54歳男子	11
59	6	田中 宏武	19	男	学生連合	4:21:58	0:44:35	95	2:06:08	56	2:50:43	58	1:31:15	80		54		24歳以下男子	1
60	234	小暮 恒介	53	男	東京都	4:22:13	0:42:00	57	2:06:59	59	2:48:59	51	1:33:14	89		55		50-54歳男子	12
61	44	青木 雅司	37	男	愛知県	4:22:17	0:44:36	96	2:18:16	145	3:02:52	108	1:19:25	19		56		35-39歳男子	6
62	53	森 大舗	39	男	大阪府	4:22:29	0:43:14	74	2:10:42	79	2:53:56	70	1:28:33	59		57		35-39歳男子	7
63	284	廣田 賢司	56	男	愛知県	4:22:50	0:43:45	85	1:56:17	16	2:40:02	26	1:42:48	166		58		55-59歳男子	7
64	334	伊藤 明広	59	男	愛知県	4:24:14	0:44:50	100	2:03:34	47	2:48:24	50	1:35:50	106		59		55-59歳男子	8
65	144	加藤 一輝	48	男	東京都	4:25:02	0:43:10	71	2:01:30	34	2:44:40	38	1:40:22	148		60		45-49歳男子	13
66	131	平山 直樹	46	男	愛知県	4:25:15	0:49:57	185	2:04:48	53	2:54:45	74	1:30:30	76		61		45-49歳男子	14
67	435	尾林 頼子	46	女	東京都	4:26:18	0:36:02	6	2:12:18	94	2:48:20	49	1:37:58	125			6	45-49歳女子	1
68	190	浅井 輝彦	51	男	愛知県	4:26:19	0:43:27	78	2:16:53	132	3:00:20	97	1:25:59	46		62		50-54歳男子	13
69	274	山下 精	55	男	愛知県	4:26:26	0:46:38	129	2:04:08	51	2:50:46	60	1:35:40	103		63		55-59歳男子	9
70	137	佐藤 康治	47	男	東京都	4:26:31	0:43:11	72	2:12:40	97	2:55:51	79	1:30:40	77		64		45-49歳男子	15
71	245	三宅 有	54	男	大阪府	4:27:13	0:43:00	68	2:11:10	87	2:54:10	73	1:33:03	87		65		50-54歳男子	14
72	132	山田 俊介	47	男	愛知県	4:27:21	0:43:48	86	2:12:12	93	2:56:00	81	1:31:21	81		66		45-49歳男子	16
73	261	山羽 宏行	55	男	愛知県	4:27:27	0:41:12	43	2:09:07	71	2:50:19	56	1:37:08	119		67		55-59歳男子	10
74	21	林 友樹	29	男	東京都	4:27:36	0:41:55	56	2:10:39	78	2:52:34	65	1:35:02	98		68		25-29歳男子	7
75	257	河原 郁生	54	男	奈良県	4:28:56	0:48:30	156	2:14:02	105	3:02:32	106	1:26:24	48		69		50-54歳男子	15
76	26	山本 忠孝	32	男	大阪府	4:29:24	0:46:23	124	2:00:00	29	2:46:23	40	1:43:01	168		70		30-34歳男子	2
77	95	四軒家 省三	44	男	神奈川県	4:30:09	0:43:34	81	2:13:21	101	2:56:55	85	1:33:14	90		71		40-44歳男子	8
78	7	髙畑 春希	20	男	学生連合	4:30:11	0:45:09	106	2:17:47	139	3:02:56	110	1:27:15	54		72		24歳以下男子	2
79	264	岡田 一希	55	男	愛知県	4:30:11	0:41:40	51	2:08:20	68	2:50:00	54	1:40:11	147		73		55-59歳男子	11
80	101	朝田 雄介	44	男	兵庫県	4:30:12	0:43:20	76	2:10:46	82	2:54:06	71	1:36:06	107		74		40-44歳男子	9
81	115	福田 浩二	45	男	大阪府	4:30:48	0:47:56	145	2:06:14	57	2:54:10	72	1:36:38	113		75		45-49歳男子	17
82	340	鶴田 学	59	男	千葉県	4:31:31	0:41:33	50	2:14:42	110	2:56:15	82	1:35:16	99		76		55-59歳男子	12
83	421	本庄 愉美	57	女	愛知県	4:32:04	0:49:27	176	2:16:49	130	3:06:16	137	1:25:48	45			7	55-59歳女子	1
84	271	森本 均	55	男	三重県	4:32:11	0:49:58	187	2:15:43	119	3:05:41	130	1:26:30	49		77		55-59歳男子	13
85	70	矢田 渚	41	男	愛知県	4:32:15	0:41:25	47	2:15:22	117	2:56:47	83	1:35:28	102		78		40-44歳男子	10
86	45	杉山 大輔	38	男	岐阜県	4:32:19	0:42:04	58	2:19:24	158	3:01:28	101	1:30:51	79		79		35-39歳男子	8
87	61	鈴木 靖法	40	男	静岡県	4:32:20	0:50:30	203	2:02:58	43	2:53:28	68	1:38:52	132		80		40-44歳男子	11
88	336	西川 秀男	59	男	高知県	4:32:26	0:46:06	119	2:11:50	90	2:57:56	89	1:34:30	95		81		55-59歳男子	14
89	54	町田 敏侑	39	男	愛知県	4:32:48	0:40:20	36	2:20:35	169	3:00:55	99	1:31:53	84		82		35-39歳男子	9
90	135	堀田 和剛	47	男	愛知県	4:32:48	0:39:12	28	2:16:40	127	2:55:52	80	1:36:56	116		83		45-49歳男子	18
91	211	石井 紀光	52	男	兵庫県	4:32:48	0:49:32	177	2:12:40	98	3:02:12	103	1:30:06	70	30	84		50-54歳男子	16
92	13	杉本 成誉	27	男	京都府	4:33:46	0:48:59	163	2:20:29	168	3:09:28	156	1:24:18	39		85		25-29歳男子	8
93	154	山本 直樹	48	男	愛知県	4:34:46	0:48:42	159	2:09:58	74	2:58:40	94	1:36:06	108		86		45-49歳男子	19
94	102	平川 貴嗣	45	男	大阪府	4:35:22	0:45:40	113	2:01:14	33	2:46:54	42	1:48:28	206		87		45-49歳男子	20
95	423	植条 広子	52	女	三重県	4:35:55	0:49:03	166	2:16:23	123	3:05:26	129	1:30:29	75			8	50-54歳女子	1
96	430	後藤 明日美	43	女	静岡県	4:37:01	0:37:52	18	2:19:03	152	2:56:55	86	1:40:06	146			9	40-44歳女子	2
97	364	高橋 正行	62	男	東京都	4:37:12	0:50:58	222	2:13:43	102	3:04:41	121	1:32:31	86		88		60-64歳男子	3
98	164	今井 伸一	49	男	愛知県	4:37:22	0:51:53	243	2:11:45	89	3:03:38	114	1:33:44	92		89		45-49歳男子	21
99	150	倉地 浩輔	48	男	東京都	4:37:24	0:46:43	130	2:17:17	134	3:04:00	116	1:33:24	91		90		45-49歳男子	22
100	198	上坊 幸裕	51	男	広島県	4:37:45	0:51:22	233	2:20:50	170	3:12:12	177	1:25:33	44		91		50-54歳男子	17
101	246	保屋野 博之	54	男	神奈川県	4:38:02	0:49:42	179	2:13:53	104	3:03:35	113	1:34:27	94		92		50-54歳男子	18
102	277	嘉古田 信雄	55	男	愛知県	4:38:31	0:46:17	122	2:19:05	155	3:05:22	126	1:33:09	88		93		55-59歳男子	15
103	281	大矢 敏夫	55	男	愛知県	4:39:09	0:48:37	158	2:07:05	60	2:55:42	77	1:43:27	171		94		55-59歳男子	16
104	361	橋本 貴全	61	男	愛知県	4:39:12	0:47:09	136	2:22:31	193	3:09:40	158	1:29:32	66		95		60-64歳男子	4
105	310	吉田 直人	57	男	滋賀県	4:39:24	0:48:23	154	2:21:58	182	3:10:21	162	1:29:03	61		96		55-59歳男子	17
106	24	平松 雅基	30	男	愛知県	4:39:33	0:43:50	87	2:19:16	157	3:03:06	111	1:36:27	111		97		30-34歳男子	3
107	147	小松 弘治	48	男	大阪府	4:40:21	0:39:11	26	2:08:59	70	2:48:10	48	1:52:11	245		98		45-49歳男子	23
108	311	大柿 強	57	男	東京都	4:40:54	0:52:17	254	2:03:32	46	2:55:49	78	1:45:05	182		99		55-59歳男子	18
109	40	岡田 健士朗	36	男	愛知県	4:41:04	0:55:18	321	2:07:34	64	3:02:52	107	1:38:12	127		100		35-39歳男子	10
110	326	kakuhari isao	59	男	奈良県	4:41:19	0:41:29	48	2:18:24	147	2:59:53	96	1:41:26	155		101		55-59歳男子	19
111	381	高橋 治	63	男	神奈川県	4:41:38	0:50:33	207	2:18:52	149	3:09:25	154	1:32:13	85		102		60-64歳男子	5
112	112	杉山 貴士	45	男	静岡県	4:41:40	0:52:07	251	2:21:59	183	3:14:06	192	1:27:34	56		103		45-49歳男子	24
113	38	山下 竜	35	男	京都府	4:42:09	0:43:09	70	2:21:56	181	3:05:05	123	1:37:04	118		104		35-39歳男子	11
114	186	田下 文彦	50	男	愛知県	4:43:06	0:50:05	191	2:15:00	113	3:05:05	124	1:38:01	126		105		50-54歳男子	19
115	378	籾山 広行	63	男	愛知県	4:43:12	0:51:58	245	2:12:10	92	3:04:08	117	1:39:04	137		106		60-64歳男子	6
116	41	川口 晋平	37	男	東京都	4:43:12	0:50:13	199	2:25:53	234	3:16:06	205	1:27:06	52		107		35-39歳男子	12
117	192	姉崎 景虎	51	男	愛知県	4:43:37	0:50:00	189	2:16:44	128	3:06:44	140	1:36:53	115		108		50-54歳男子	20
118	181	辻花 誠	50	男	大阪府	4:43:54	0:48:14	151	2:17:51	141	3:06:05	133	1:37:49	123		109		50-54歳男子	21
119	207	磯部 匡宏	52	男	神奈川県	4:44:10	0:50:34	208	2:14:07	107	3:04:41	120	1:39:29	140		110		50-54歳男子	22
120	187	小林 直人	50	男	愛知県	4:45:17	0:44:07	91	2:25:51	230	3:09:58	160	1:35:19	100		111		50-54歳男子	23
121	74	神谷 雅之	42	男	愛知県	4:45:27	0:52:47	267	2:14:43	111	3:07:30	142	1:37:57	124		112		40-44歳男子	12
122	89	中務 大視	43	男	愛知県	4:45:51	0:38:42	24	2:12:01	91	2:50:43	59	1:55:08	266		113		40-44歳男子	13
123	239	宮崎 貴久	53	男	静岡県	4:45:53	0:52:04	249	2:19:02	151	3:11:06	167	1:34:47	97		114		50-54歳男子	24
124	464	水上 美佐子	59	女	東京都	4:46:29	0:52:43	265	2:23:45	210	3:16:28	210	1:30:01	69			10	55-59歳女子	2
125	103	出口 雅紀	45	男	大阪府	4:46:49	0:55:36	327	2:13:48	103	3:09:24	152	1:37:25	121		115		45-49歳男子	25
126	183	小山 知也	50	男	長野県	4:46:51	0:49:26	175	2:16:49	129	3:06:15	136	1:40:36	151		116		50-54歳男子	25
127	379	小菅 猛	63	男	新潟県	4:47:03	0:51:06	228	2:14:16	108	3:05:22	127	1:41:41	159		117		60-64歳男子	7
128	268	伊藤 博隆	55	男	愛知県	4:47:08	0:49:19	173	2:21:21	176	3:10:40	164	1:36:28	112		118		55-59歳男子	20
129	432	松永 有香子	43	女	岐阜県	4:47:10	0:54:33	312	2:10:52	83	3:05:25	128	1:41:45	161			11	40-44歳女子	3
130	117	望月 充史	46	男	静岡県	4:47:30	0:57:51	363	2:10:37	77	3:08:28	145	1:39:02	136		119		45-49歳男子	26
131	397	徳田 久	66	男	大阪府	4:48:53	0:44:57	102	2:19:56	161	3:04:53	122	1:44:00	174		120		65-69歳男子	1
132	389	亀山 時弘	64	男	静岡県	4:49:24	0:44:12	92	2:18:00	142	3:02:12	104	1:47:12	197		121		60-64歳男子	8
133	30	松本 康弘	33	男	愛知県	4:49:33	0:39:11	27	2:18:14	144	2:57:25	88	1:52:08	244		122		30-34歳男子	4
134	443	小泉 英子	52	女	三重県	4:49:43	0:50:39	212	2:13:04	100	3:03:43	115	1:46:00	186			12	50-54歳女子	2
135	345	大久保 秀光	60	男	大阪府	4:49:51	0:53:53	294	2:10:32	76	3:04:25	119	1:45:26	184		123		60-64歳男子	9
136	375	橋爪 幹幸	62	男	神奈川県	4:50:16	0:43:24	77	2:07:56	67	2:51:20	62	1:58:26	295	30	124		60-64歳男子	10
137	64	牧野 恵祐	40	男	福井県	4:50:23	0:36:58	9	2:20:08	163	2:57:06	87	1:53:17	254		125		40-44歳男子	14
138	307	宮本 努	57	男	愛知県	4:50:25	0:50:28	202	2:29:31	269	3:19:59	248	1:30:26	74		126		55-59歳男子	21
139	23	菊地 賢記	29	男	愛知県	4:50:47	0:41:17	45	2:30:00	275	3:11:17	170	1:39:30	141		127		25-29歳男子	9
140	258	嶋末 昭	54	男	愛知県	4:50:50	0:42:25	62	2:23:45	209	3:06:10	135	1:44:40	177		128		50-54歳男子	26
141	56	長谷川 淳哉	39	男	東京都	4:50:52	0:49:49	182	2:16:38	126	3:06:27	138	1:44:25	175		129		35-39歳男子	13
142	208	石口 信之	52	男	愛知県	4:51:53	0:50:51	218	2:22:04	186	3:12:55	180	1:38:58	135		130		50-54歳男子	27
143	382	新井 正徳	63	男	愛知県	4:51:58	0:49:13	172	2:22:04	187	3:11:17	171	1:40:41	152		131		60-64歳男子	11
144	104	安井 真一郎	45	男	愛知県	4:52:21	0:48:46	161	2:18:35	148	3:07:21	141	1:45:00	180		132		45-49歳男子	27
145	363	鈴木 正通	61	男	愛知県	4:52:34	0:51:22	234	2:10:43	81	3:02:05	102	1:50:29	227		133		60-64歳男子	12
146	14	山神 翔喜	27	男	愛知県	4:52:38	0:58:14	368	2:16:03	121	3:14:17	194	1:38:21	128		134		25-29歳男子	10
147	460	谷 理恵子	57	女	愛知県	4:52:45	0:42:25	61	2:26:31	242	3:08:56	151	1:43:49	172			13	55-59歳女子	3
148	342	加藤 荘十郎	59	男	神奈川県	4:52:57	0:44:37	97	2:29:25	268	3:14:02	190	1:38:55	133		135		55-59歳男子	22
149	321	大熊 秀尚	58	男	愛知県	4:52:58	0:50:43	215	2:10:43	80	3:01:26	100	1:51:32	238		136		55-59歳男子	23
150	25	鈴木 大空	30	男	愛知県	4:53:01	0:43:35	82	2:22:31	194	3:06:06	134	1:46:55	193		137		30-34歳男子	5
151	325	釜谷 朋宏	59	男	大阪府	4:53:12	0:53:28	284	2:20:03	162	3:13:31	184	1:39:41	143		138		55-59歳男子	24
152	287	大西 しん	56	男	京都府	4:53:36	0:53:12	278	2:30:08	276	3:23:20	273	1:30:16	72		139		55-59歳男子	25
153	71	木全 崇人	41	男	愛知県	4:53:37	0:51:41	238	2:21:51	180	3:13:32	185	1:40:05	145		140		40-44歳男子	15
154	82	吉田 圭吾	43	男	愛知県	4:54:06	0:52:59	270	2:12:49	99	3:05:48	131	1:48:18	204		141		40-44歳男子	16
155	76	東 正勲	42	男	大阪府	4:54:10	0:48:13	150	2:10:18	75	2:58:31	92	1:55:39	270		142		40-44歳男子	17
156	425	細野 江里子	30	女	大阪府	4:54:13	0:54:07	298	2:23:19	203	3:17:26	227	1:36:47	114			14	30-34歳女子	2
157	426	石川 香織	30	女	愛知県	4:54:16	0:43:35	83	2:40:16	353	3:23:51	279	1:30:25	73			15	30-34歳女子	3
158	105	鈴木 寿宏	45	男	東京都	4:54:27	0:52:05	250	2:17:20	135	3:09:25	153	1:45:02	181		143		45-49歳男子	28
159	15	三浦 峰碩	28	男	愛知県	4:54:46	0:47:16	137	2:10:54	84	2:58:10	90	1:56:36	278		144		25-29歳男子	11
160	204	宮北 泰浩	51	男	大阪府	4:54:55	0:56:42	340	2:28:54	265	3:25:36	299	1:29:19	63		145		50-54歳男子	28
161	188	呉本 裕樹	51	男	兵庫県	4:55:11	0:50:11	196	2:19:32	159	3:09:43	159	1:45:28	185		146		50-54歳男子	29
162	403	岡村 巌	68	男	大阪府	4:55:14	0:47:04	134	2:24:51	221	3:11:55	173	1:43:19	169		147		65-69歳男子	2
163	116	川崎 圭太	46	男	愛知県	4:55:57	0:46:12	121	2:22:39	195	3:08:51	150	1:47:06	196		148		45-49歳男子	29
164	450	田宮 明子	54	女	神奈川県	4:56:00	0:53:49	293	2:20:55	172	3:14:44	199	1:41:16	153			16	50-54歳女子	3
165	90	小暮 潔央	43	男	京都府	4:56:13	1:00:56	402	2:20:54	171	3:21:50	259	1:34:23	93		149		40-44歳男子	18
166	346	坂村 勝	60	男	広島県	4:56:29	0:48:44	160	2:27:15	250	3:15:59	204	1:40:30	150		150		60-64歳男子	13
167	175	今泉 雅之	50	男	静岡県	4:56:57	0:52:19	255	2:24:43	219	3:17:02	218	1:39:55	144		151		50-54歳男子	30
168	424	小原 千晴	49	女	愛知県	4:56:58	0:45:03	104	2:24:22	215	3:09:25	155	1:47:33	199			17	45-49歳女子	2
169	8	小笠原 照弥	21	男	三重県	4:57:09	0:39:05	25	2:39:37	347	3:18:42	232	1:38:27	129		152		24歳以下男子	3
170	189	駒 直樹	51	男	愛知県	4:57:11	0:51:17	231	2:23:43	207	3:15:00	200	1:42:11	163		153		50-54歳男子	31
171	36	畠中 良聡	35	男	東京都	4:57:49	1:01:28	407	2:19:04	154	3:20:32	253	1:37:17	120		154		35-39歳男子	14
172	319	南平 裕紀	58	男	三重県	4:57:51	0:46:23	125	2:22:09	188	3:08:32	147	1:49:19	213		155		55-59歳男子	26
173	138	森下 尚樹	47	男	静岡県	4:58:24	0:48:49	162	2:38:23	338	3:27:12	306	1:30:42	78	30	156		45-49歳男子	30
174	278	吉村 直樹	55	男	三重県	4:58:26	0:56:15	333	2:22:44	196	3:18:59	238	1:39:27	139		157		55-59歳男子	27
175	360	福田 和重	61	男	東京都	4:58:34	0:59:23	378	2:14:39	109	3:14:02	191	1:44:32	176		158		60-64歳男子	14
176	206	寺田 有太郎	52	男	東京都	4:58:54	0:45:15	108	2:30:57	282	3:16:12	207	1:42:42	164		159		50-54歳男子	32
177	162	柿野 篤志	49	男	愛知県	4:58:58	0:45:44	114	2:31:42	285	3:17:26	226	1:41:32	157		160		45-49歳男子	31
178	83	高橋 和也	43	男	愛知県	4:59:07	0:54:31	309	2:34:24	309	3:28:55	318	1:30:12	71		161		40-44歳男子	19
179	224	高階 清彰	52	男	東京都	4:59:25	0:53:24	282	2:15:16	116	3:08:40	149	1:50:45	229		162		50-54歳男子	33
180	262	伊東 文彦	55	男	滋賀県	4:59:54	0:54:26	306	2:22:30	192	3:16:56	215	1:42:58	167		163		55-59歳男子	28
181	338	深瀬 康夫	59	男	愛知県	5:00:02	0:53:37	290	2:27:43	253	3:21:20	256	1:38:42	131		164		55-59歳男子	29
182	151	田中 孝昌	48	男	愛知県	5:00:04	0:56:48	345	2:11:33	88	3:08:21	144	1:51:43	241		165		45-49歳男子	32
183	235	渡辺 健二	53	男	静岡県	5:00:15	0:54:55	315	2:15:56	120	3:10:51	166	1:49:24	217		166		50-54歳男子	34
184	128	室井 拓	46	男	京都府	5:00:24	0:51:26	235	2:22:55	199	3:14:21	195	1:46:03	187		167		45-49歳男子	33
185	217	松澤 誠司	52	男	東京都	5:00:43	0:47:49	142	2:17:33	138	3:05:22	125	1:55:21	267		168		50-54歳男子	35
186	16	渡辺 大智	28	男	岐阜県	5:00:43	1:01:27	405	2:12:18	95	3:13:45	186	1:46:58	194		169		25-29歳男子	12
187	250	蓑島 貴則	54	男	愛知県	5:00:44	0:54:05	296	2:23:15	201	3:17:20	224	1:43:24	170		170		50-54歳男子	36
188	362	小倉 友啓	61	男	岐阜県	5:01:13	0:54:31	310	2:06:16	58	3:00:47	98	2:00:26	306		171		60-64歳男子	15
189	51	森本 龍一	38	男	愛知県	5:01:16	0:53:07	275	2:33:28	303	3:26:35	303	1:34:41	96		172		35-39歳男子	15
190	165	木下 顕宏	49	男	滋賀県	5:01:22	0:45:01	103	2:18:06	143	3:03:07	112	1:58:15	292		173		45-49歳男子	34
191	97	濱澤 康平	44	男	静岡県	5:01:30	0:47:53	143	2:31:45	286	3:19:38	245	1:41:22	154	30	174		40-44歳男子	20
192	68	内山 達也	40	男	大阪府	5:01:32	1:04:43	423	2:15:06	114	3:19:49	247	1:41:43	160		175		40-44歳男子	21
193	100	石田 大介	44	男	愛知県	5:01:59	0:55:02	316	2:26:34	244	3:21:36	258	1:40:23	149		176		40-44歳男子	22
194	265	藤田 芳人	55	男	愛知県	5:02:19	0:50:10	195	2:32:43	298	3:22:53	269	1:38:56	134	30	177		55-59歳男子	30
195	428	サンドホファー リン	35	女	愛知県	5:02:42	0:43:57	89	2:31:33	284	3:15:30	201	1:46:42	191	30		18	35-39歳女子	1
196	440	中塚 裕美	50	女	兵庫県	5:02:45	0:47:09	135	2:26:39	245	3:13:48	187	1:48:57	209			19	50-54歳女子	4
197	177	成瀬 博之	50	男	愛知県	5:03:14	0:47:55	144	2:25:57	236	3:13:52	188	1:49:22	214		178		50-54歳男子	37
198	134	佐野 哲広	47	男	静岡県	5:03:31	0:56:44	342	2:28:49	263	3:25:33	297	1:37:28	122	30	179		45-49歳男子	35
199	159	梅景 雅史	49	男	京都府	5:03:37	0:50:24	200	2:22:24	190	3:12:48	178	1:50:49	230		180		45-49歳男子	36
200	272	若竹 真一	55	男	奈良県	5:03:47	0:46:23	126	2:28:05	254	3:14:28	197	1:49:19	212		181		55-59歳男子	31
201	215	篠原 勇理	52	男	兵庫県	5:03:54	0:51:45	240	2:18:22	146	3:10:07	161	1:53:47	258		182		50-54歳男子	38
202	404	千原 寿一	68	男	大阪府	5:03:55	0:52:36	261	2:20:15	166	3:12:51	179	1:51:04	233		183		65-69歳男子	3
203	34	車戸 高介	34	男	東京都	5:04:19	0:51:27	236	2:24:26	216	3:15:53	203	1:48:26	205		184		30-34歳男子	6
204	431	仁木 麻衣	43	女	大阪府	5:04:24	0:48:02	148	2:39:19	344	3:27:21	309	1:37:03	117			20	40-44歳女子	4
205	293	藤中 智徳	56	男	愛知県	5:04:49	0:53:19	280	2:23:49	211	3:17:08	220	1:47:41	201		185		55-59歳男子	32
206	267	今田 俊也	55	男	東京都	5:05:07	0:41:30	49	2:17:48	140	2:59:18	95	2:05:49	333		186		55-59歳男子	33
207	205	鈴木 仁	52	男	東京都	5:05:38	0:56:45	343	2:23:42	206	3:20:27	252	1:45:11	183		187		50-54歳男子	39
208	438	小阪 はるな	49	女	兵庫県	5:05:43	0:50:48	217	2:27:20	251	3:18:08	229	1:47:35	200			21	45-49歳女子	3
209	276	渡部 克彦	55	男	愛知県	5:05:45	0:53:40	291	2:23:59	213	3:17:39	228	1:48:06	203		188		55-59歳男子	34
210	43	高橋 優太	37	男	岡山県	5:06:13	0:51:02	225	2:21:07	174	3:12:09	176	1:54:04	260		189		35-39歳男子	16
211	67	加藤 友広	40	男	愛知県	5:06:17	0:51:48	241	2:32:38	297	3:24:26	284	1:41:51	162		190		40-44歳男子	23
212	158	西谷 健吾	49	男	愛知県	5:06:33	0:49:57	186	2:23:15	202	3:13:12	183	1:53:21	256		191		45-49歳男子	37
213	27	今津 雄一郎	32	男	岐阜県	5:06:37	0:55:25	324	2:27:13	249	3:22:38	265	1:43:59	173		192		30-34歳男子	7
214	466	川崎 牧江	60	女	愛知県	5:06:41	0:52:42	264	2:24:31	217	3:17:13	223	1:49:28	218			22	60-64歳女子	1
215	196	金子 英晃	51	男	兵庫県	5:06:49	0:45:05	105	2:17:26	136	3:02:31	105	2:04:18	323		193		50-54歳男子	40
216	355	松田 智男	60	男	神奈川県	5:07:00	0:51:59	247	2:12:25	96	3:04:24	118	2:02:36	315		194		60-64歳男子	16
217	119	新沼 賢一	46	男	愛知県	5:07:02	0:51:06	229	2:25:53	233	3:16:59	217	1:50:03	223		195		45-49歳男子	38
218	226	柳本 達夫	53	男	滋賀県	5:07:08	0:56:42	341	2:22:28	191	3:19:10	240	1:47:58	202		196		50-54歳男子	41
219	174	尾上 力	50	男	静岡県	5:07:12	0:53:04	273	2:32:38	296	3:25:42	300	1:41:30	156		197		50-54歳男子	42
220	399	宮脇 満	67	男	愛知県	5:07:20	0:49:03	167	2:21:20	175	3:10:23	163	1:56:57	280		198		65-69歳男子	4
221	463	渡邊 真理子	58	女	愛知県	5:07:43	0:50:07	193	2:22:48	198	3:12:55	181	1:54:48	262			23	55-59歳女子	4
222	247	大内 清貴	54	男	愛知県	5:07:45	0:42:36	65	2:34:26	310	3:17:02	219	1:50:43	228		199		50-54歳男子	43
223	195	安藤 辰	51	男	岡山県	5:07:52	0:50:38	211	2:18:58	150	3:09:36	157	1:58:16	293		200		50-54歳男子	44
224	236	宇留間 貴士	53	男	静岡県	5:08:07	0:51:59	246	2:23:44	208	3:15:43	202	1:52:24	248		201		50-54歳男子	45
225	152	芦江 正臣	48	男	愛知県	5:08:45	0:53:03	272	2:19:03	153	3:12:06	174	1:56:39	279		202		45-49歳男子	39
226	348	櫻井 史則	60	男	愛知県	5:08:59	0:50:32	205	2:50:26	392	3:40:58	370	1:28:01	57		203		60-64歳男子	17
227	412	鈴木 恒治	70	男	愛知県	5:09:00	0:56:38	339	2:17:32	137	3:14:10	193	1:54:50	263		204		70-74歳男子	1
228	395	杉山 達人	66	男	愛知県	5:09:41	0:53:20	281	2:25:53	232	3:19:13	241	1:50:28	226		205		65-69歳男子	5
229	214	田中 信彰	52	男	愛知県	5:09:56	0:58:10	367	2:22:00	185	3:20:10	250	1:49:46	221		206		50-54歳男子	46
230	157	深谷 博信	49	男	愛知県	5:10:32	0:55:11	318	2:15:38	118	3:10:49	165	1:59:43	299		207		45-49歳男子	40
231	353	飯田 一裕	60	男	愛知県	5:10:38	0:49:23	174	2:23:33	204	3:12:56	182	1:57:42	284		208		60-64歳男子	18
232	124	山内 武士	46	男	岐阜県	5:10:44	0:39:31	31	2:26:33	243	3:06:04	132	2:04:40	325		209		45-49歳男子	41
233	91	小泉 佑介	43	男	東京都	5:11:29	0:54:11	300	2:24:58	223	3:19:09	239	1:52:20	247		210		40-44歳男子	24
234	29	宮田 大輔	33	男	福島県	5:11:32	1:00:03	391	2:21:05	173	3:21:08	254	1:50:24	225		211		30-34歳男子	8
235	179	大竹 厚	50	男	京都府	5:11:35	0:46:54	132	2:35:18	314	3:22:12	261	1:49:23	215		212		50-54歳男子	47
236	114	川村 勇気	45	男	東京都	5:11:48	0:45:48	117	2:26:05	238	3:11:53	172	1:59:25	298	30	213		45-49歳男子	42
237	212	廣瀬 信博	52	男	愛知県	5:11:56	0:52:28	258	2:14:05	106	3:06:33	139	2:05:23	329		214		50-54歳男子	48
238	170	後藤 健	49	男	静岡県	5:12:04	0:37:56	19	2:34:12	308	3:12:08	175	1:59:56	302		215		45-49歳男子	43
239	243	川村 龍太郎	54	男	愛知県	5:12:21	0:52:14	253	2:16:23	124	3:08:37	148	2:03:44	319		216		50-54歳男子	49
240	80	壽賀 公彦	43	男	愛知県	5:12:28	0:51:22	232	2:17:09	133	3:08:31	146	2:03:57	321		217		40-44歳男子	25
241	465	八木 真澄	60	女	東京都	5:12:29	0:50:32	204	2:32:18	294	3:22:50	267	1:49:39	220			24	60-64歳女子	2
242	231	川口 隆嗣	53	男	静岡県	5:12:32	0:47:32	140	2:28:51	264	3:16:23	208	1:56:09	274		218		50-54歳男子	50
243	462	HAYASHI KUMIKO	58	女	大阪府	5:13:01	0:57:17	352	2:24:06	214	3:21:23	257	1:51:38	239			25	55-59歳女子	5
244	63	成田 吉希	40	男	福井県	5:13:04	0:52:44	266	2:26:57	248	3:19:41	246	1:53:23	257		219		40-44歳男子	26
245	99	両角 秀勝	44	男	愛知県	5:13:38	0:52:55	268	2:29:43	271	3:22:38	266	1:51:00	232		220		40-44歳男子	27
246	328	吉田 政昭	59	男	東京都	5:13:44	0:50:32	206	2:33:42	305	3:24:14	282	1:49:30	219		221		55-59歳男子	35
247	414	高津 晴敏	71	男	愛知県	5:13:52	0:54:31	311	2:26:46	246	3:21:17	255	1:52:35	251		222		70-74歳男子	2
248	59	若林 和樹	40	男	三重県	5:14:06	0:51:16	230	2:37:56	333	3:29:12	321	1:44:54	179		223		40-44歳男子	28
249	143	榊原 伸洋	48	男	愛知県	5:14:09	1:07:29	430	2:22:00	184	3:29:29	323	1:44:40	178		224		45-49歳男子	44
250	446	藤本 優子	53	女	東京都	5:14:14	0:52:27	257	2:29:52	272	3:22:19	262	1:51:55	243			26	50-54歳女子	5
251	163	古田 昌弘	49	男	静岡県	5:14:26	0:59:51	388	2:23:04	200	3:22:55	270	1:51:31	237		225		45-49歳男子	45
252	437	白井 雅子	47	女	静岡県	5:14:44	0:50:08	194	2:33:17	300	3:23:25	275	1:51:19	235			27	45-49歳女子	4
253	130	宮本 純太	46	男	滋賀県	5:14:55	0:58:55	372	2:26:09	239	3:25:04	292	1:49:51	222		226		45-49歳男子	46
254	252	大竹 康文	54	男	愛知県	5:14:58	0:48:22	153	2:22:46	197	3:11:08	168	2:03:50	320		227		50-54歳男子	51
255	108	池田 哲也	45	男	岐阜県	5:15:14	0:57:33	357	2:21:48	179	3:19:21	243	1:55:53	271		228		45-49歳男子	47
256	283	都筑 幹若	56	男	愛知県	5:15:15	1:02:14	412	2:16:03	122	3:18:17	231	1:56:58	281		229		55-59歳男子	36
257	93	東 大作	44	男	愛知県	5:15:17	0:58:37	370	2:20:13	164	3:18:50	235	1:56:27	275		230		40-44歳男子	29
258	146	岩本 元仁	48	男	大阪府	5:15:36	1:06:18	427	2:16:51	131	3:23:09	271	1:52:27	249		231		45-49歳男子	48
259	392	喜畑 圭司	65	男	三重県	5:15:50	0:56:06	331	2:28:48	262	3:24:54	290	1:50:56	231		232		65-69歳男子	6
260	436	和田 美穂	46	女	東京都	5:16:01	0:51:01	224	2:36:11	318	3:27:12	307	1:48:49	207			28	45-49歳女子	5
261	441	羅久井 志穂	50	女	神奈川県	5:16:07	0:58:54	371	2:38:37	340	3:37:31	361	1:38:36	130			29	50-54歳女子	6
262	126	沖田 健太郎	46	男	愛知県	5:16:20	0:57:35	360	2:29:40	270	3:27:15	308	1:49:05	210		233		45-49歳男子	49
263	447	宮田 直美	53	女	滋賀県	5:16:41	1:04:34	421	2:20:14	165	3:24:48	289	1:51:53	242			30	50-54歳女子	7
264	168	小澤 誠司	49	男	愛知県	5:17:03	0:53:04	274	2:33:36	304	3:26:40	304	1:50:23	224		234		45-49歳男子	50
265	39	中村 浩章	36	男	愛知県	5:17:35	0:57:00	346	2:40:59	356	3:37:59	363	1:39:36	142		235		35-39歳男子	17
266	295	小川 直哉	56	男	愛知県	5:17:46	0:52:29	260	2:23:55	212	3:16:24	209	2:01:22	314		236		55-59歳男子	37
267	323	川島 輝之	58	男	大阪府	5:18:20	0:49:12	170	2:28:12	256	3:17:24	225	2:00:56	311		237		55-59歳男子	38
268	298	大竹 章吾	56	男	神奈川県	5:18:21	1:00:48	400	2:28:09	255	3:28:57	319	1:49:24	216		238		55-59歳男子	39
269	237	彦坂 洋司	53	男	愛知県	5:18:28	0:48:11	149	2:32:10	291	3:20:21	251	1:58:07	291		239		50-54歳男子	52
270	120	平倉 大樹	46	男	愛知県	5:18:38	0:49:42	178	2:21:27	178	3:11:09	169	2:07:29	346		240		45-49歳男子	51
271	244	山崎 豊	54	男	愛知県	5:18:45	0:42:50	67	2:25:04	225	3:07:54	143	2:10:51	366		241		50-54歳男子	53
272	316	横井 達政	58	男	愛知県	5:19:03	0:50:07	192	2:29:58	274	3:20:05	249	1:58:58	296		242		55-59歳男子	40
273	409	池永 雅一	70	男	北海道	5:19:10	0:52:20	256	2:22:23	189	3:14:43	198	2:04:27	324		243		70-74歳男子	3
274	60	大野 慧太	40	男	大阪府	5:19:11	0:50:12	197	2:32:59	299	3:23:11	272	1:56:00	273		244		40-44歳男子	30
275	229	渥美 君彦	53	男	大阪府	5:19:11	0:50:28	201	2:33:51	306	3:24:19	283	1:54:52	264		245		50-54歳男子	54
276	453	東海林 亜矢子	55	女	三重県	5:19:51	1:00:32	396	2:40:10	352	3:40:42	368	1:39:09	138			31	55-59歳女子	6
277	286	内田 忠夫	56	男	三重県	5:19:55	0:57:00	348	2:30:27	278	3:27:27	311	1:52:28	250		246		55-59歳男子	41
278	77	川口 雄大	42	男	京都府	5:19:57	0:53:46	292	2:28:18	258	3:22:04	260	1:57:53	288		247		40-44歳男子	31
279	201	久継 聡	51	男	兵庫県	5:20:22	0:43:57	88	2:29:57	273	3:13:54	189	2:06:28	339		248		50-54歳男子	55
280	292	畠中 洋史	56	男	愛知県	5:20:45	0:54:01	295	2:20:24	167	3:14:25	196	2:06:20	337		249		55-59歳男子	42
281	366	杉垣 勝昭	62	男	奈良県	5:20:49	0:46:21	123	2:37:26	331	3:23:47	277	1:57:02	282		250		60-64歳男子	19
282	203	藤川 誠二	51	男	愛知県	5:21:17	0:51:31	237	2:25:02	224	3:16:33	211	2:04:44	326		251		50-54歳男子	56
283	227	川内 健	53	男	愛知県	5:21:26	0:57:31	355	2:36:29	319	3:34:00	345	1:47:26	198		252		50-54歳男子	57
284	347	丸田 和彦	60	男	三重県	5:21:28	1:00:23	395	2:39:33	346	3:39:56	366	1:41:32	158		253		60-64歳男子	20
285	451	鮎澤 亜希子	54	女	神奈川県	5:21:49	0:59:58	389	2:28:42	259	3:28:40	316	1:53:09	252			32	50-54歳女子	8
286	369	明石 竜彦	62	男	愛知県	5:22:04	0:59:02	373	2:26:26	241	3:25:28	296	1:56:36	277		254		60-64歳男子	21
287	182	加藤 真二	50	男	愛知県	5:22:15	0:55:21	323	2:32:02	288	3:27:23	310	1:54:52	265		255		50-54歳男子	58
288	383	塚越 寿也	63	男	愛知県	5:22:24	1:01:56	409	2:24:50	220	3:26:46	305	1:55:38	269		256		60-64歳男子	22
289	109	渥美 和弥	45	男	静岡県	5:22:48	0:57:18	353	2:19:33	160	3:16:51	214	2:05:57	334		257		45-49歳男子	52
290	153	今泉 伸之介	48	男	愛知県	5:22:54	0:39:19	29	2:51:55	397	3:31:14	332	1:51:40	240		258		45-49歳男子	53
291	296	深澤 淳	56	男	神奈川県	5:23:09	0:50:53	219	2:25:52	231	3:16:45	213	2:06:24	338		259		55-59歳男子	43
292	260	藤岡 寛之	54	男	滋賀県	5:23:11	0:59:17	377	2:25:54	235	3:25:11	294	1:58:00	290		260		50-54歳男子	59
293	394	三浦 志朗	66	男	東京都	5:23:12	0:56:22	334	2:40:24	354	3:36:46	359	1:46:26	190		261		65-69歳男子	7
294	407	高橋 雄介	69	男	愛知県	5:23:24	1:00:42	398	2:24:53	222	3:25:35	298	1:57:49	287		262		65-69歳男子	8
295	28	畔柳 俊太郎	33	男	愛知県	5:23:56	0:46:51	131	2:37:00	323	3:23:51	278	2:00:05	303		263		30-34歳男子	9
296	449	丹生 慶子	53	女	岡山県	5:24:15	0:55:06	317	2:42:24	362	3:37:30	360	1:46:45	192			33	50-54歳女子	9
297	320	中野 信博	58	男	岐阜県	5:24:16	0:47:43	141	2:36:04	317	3:23:47	276	2:00:29	307		264		55-59歳男子	44
298	69	富永 克士	41	男	愛知県	5:24:39	0:52:58	269	2:39:27	345	3:32:25	338	1:52:14	246		265		40-44歳男子	32
299	288	辰巳 行伸	56	男	滋賀県	5:25:06	0:55:19	322	2:42:44	364	3:38:03	364	1:47:03	195		266		55-59歳男子	45
300	413	角下 麻人	70	男	和歌山県	5:25:08	0:53:01	271	2:32:24	295	3:25:25	295	1:59:43	300		267		70-74歳男子	4
301	285	瀬間 竜一	56	男	大阪府	5:25:31	1:00:49	401	2:33:19	301	3:34:08	347	1:51:23	236		268		55-59歳男子	46
302	225	竹中 康夫	53	男	京都府	5:25:58	1:03:10	416	2:29:00	266	3:32:10	335	1:53:48	259		269		50-54歳男子	60
303	304	高橋 輝充	57	男	静岡県	5:26:18	0:52:38	263	2:25:31	229	3:18:09	230	2:07:39	347	30	270		55-59歳男子	47
304	439	小池 育代	49	女	大阪府	5:26:30	0:47:59	147	2:43:07	365	3:31:06	331	1:55:24	268			34	45-49歳女子	6
305	300	長谷川 友則	57	男	神奈川県	5:26:41	0:50:39	213	2:38:19	337	3:28:58	320	1:57:43	285		271		55-59歳男子	48
306	305	山本 裕之	57	男	愛知県	5:26:49	0:44:03	90	2:34:39	311	3:18:42	233	2:08:07	350		272		55-59歳男子	49
307	357	岡本 欣治	61	男	大阪府	5:26:54	0:48:59	164	2:37:17	330	3:26:16	301	2:00:38	309		273		60-64歳男子	23
308	429	富田 文香	39	女	東京都	5:27:48	0:53:25	283	2:35:11	313	3:28:36	315	1:59:12	297			35	35-39歳女子	2
309	169	佐藤 浩一	49	男	東京都	5:27:53	0:57:48	362	2:28:43	261	3:26:31	302	2:01:22	313		274		45-49歳男子	54
310	47	和田 拓也	38	男	大阪府	5:28:11	1:00:43	399	2:26:46	247	3:27:29	312	2:00:42	310		275		35-39歳男子	18
311	388	柴田 哲生	64	男	愛知県	5:28:44	0:52:02	248	2:27:29	252	3:19:31	244	2:09:13	356		276		60-64歳男子	24
312	444	森下 多恵	52	女	北海道	5:28:50	0:50:57	221	2:37:15	329	3:28:12	314	2:00:38	308			36	50-54歳女子	10
313	50	仁木 良祐	38	男	大阪府	5:28:53	0:53:09	277	2:49:20	390	3:42:29	375	1:46:24	189		277		35-39歳男子	19
314	263	井原 剛史	55	男	三重県	5:29:14	0:53:30	286	2:25:18	228	3:18:48	234	2:10:26	365		278		55-59歳男子	50
315	402	葛井 信行	68	男	三重県	5:29:30	0:54:14	301	2:41:58	361	3:36:12	357	1:53:18	255		279		65-69歳男子	9
316	370	齋藤 誠	62	男	静岡県	5:30:25	0:47:58	146	2:36:39	320	3:24:37	285	2:05:48	332		280		60-64歳男子	25
317	309	李 秀幸	57	男	愛知県	5:30:48	0:50:13	198	2:28:43	260	3:18:56	236	2:11:52	370		281		55-59歳男子	51
318	405	橋本 雄二	68	男	栃木県	5:31:07	0:51:05	227	2:39:51	349	3:30:56	330	2:00:11	304		282		65-69歳男子	10
319	18	都築 直純	28	男	愛知県	5:31:31	0:46:28	127	2:16:25	125	3:02:53	109	2:28:08	410	30	283		25-29歳男子	13
320	470	平松 かおり	67	女	長野県	5:31:38	0:49:47	181	2:44:33	373	3:34:20	351	1:57:18	283			37	65-69歳女子	1
321	220	神谷 靖弘	52	男	東京都	5:32:19	0:50:41	214	2:26:04	237	3:16:45	212	2:15:34	379		284		50-54歳男子	61
322	398	田中 等	67	男	埼玉県	5:32:27	0:54:27	307	2:38:12	336	3:32:39	341	1:59:48	301		285		65-69歳男子	11
323	313	北原 資亮	58	男	東京都	5:32:30	1:02:06	411	2:47:38	382	3:49:44	398	1:42:46	165		286		55-59歳男子	52
324	178	伊藤 竜昭	50	男	岐阜県	5:32:47	0:56:45	344	2:32:04	289	3:28:49	317	2:03:58	322		287		50-54歳男子	62
325	315	尾崎 雅浩	58	男	愛知県	5:33:40	0:59:45	382	2:23:40	205	3:23:25	274	2:10:15	362		288		55-59歳男子	53
326	275	小森 清	55	男	岐阜県	5:33:45	0:56:12	332	2:34:04	307	3:30:16	326	2:03:29	318		289		55-59歳男子	54
327	358	足立 俊夫	61	男	愛知県	5:33:53	0:59:48	386	2:47:59	384	3:47:47	392	1:46:06	188		290		60-64歳男子	26
328	193	中井 達也	51	男	和歌山県	5:34:28	0:46:59	133	2:37:09	328	3:24:08	280	2:10:20	363		291		50-54歳男子	63
329	351	福王寺 一郎	60	男	愛知県	5:34:48	0:53:32	287	2:31:32	283	3:25:04	293	2:09:44	358		292		60-64歳男子	27
330	332	佐藤 圭	59	男	群馬県	5:35:47	0:56:32	337	2:43:20	366	3:39:52	365	1:55:55	272		293		55-59歳男子	55
331	49	森川 脩介	38	男	愛知県	5:35:50	0:47:23	139	2:47:30	381	3:34:53	354	2:00:57	312		294		35-39歳男子	20
332	255	大西 保	54	男	京都府	5:36:14	0:38:15	21	2:46:23	378	3:24:38	286	2:11:36	369		295		50-54歳男子	64
333	72	岩屋 圭太	41	男	愛知県	5:36:15	0:55:51	330	2:36:41	321	3:32:32	339	2:03:13	317	30	296		40-44歳男子	33
334	9	木全 伊琉帆	24	男	滋賀県	5:36:37	0:50:56	220	2:26:17	240	3:17:13	222	2:19:24	393		297		24歳以下男子	4
335	331	豊福 政博	59	男	神奈川県	5:36:47	0:52:09	252	3:08:50	418	4:00:59	414	1:35:48	105		298		55-59歳男子	56
336	88	柴田 和憲	43	男	東京都	5:37:02	0:57:00	347	2:19:06	156	3:16:06	206	2:20:56	395		299		40-44歳男子	34
337	386	加野 浩之	64	男	和歌山県	5:37:04	0:57:58	364	2:24:35	218	3:22:33	264	2:14:31	376		300		60-64歳男子	28
338	387	山口 昌昭	64	男	三重県	5:37:09	0:54:23	305	2:37:04	325	3:31:27	334	2:05:42	331		301		60-64歳男子	29
339	37	増田 勝一	35	男	三重県	5:37:24	1:00:10	393	2:48:08	386	3:48:18	394	1:49:06	211		302		35-39歳男子	21
340	75	真籠 祥太	42	男	愛知県	5:37:30	0:59:45	383	2:48:53	389	3:48:38	396	1:48:52	208		303		40-44歳男子	35
341	452	市川 光代	55	女	奈良県	5:37:34	0:46:34	128	2:43:47	369	3:30:21	328	2:07:13	342			38	55-59歳女子	7
342	312	小田切 英樹	58	男	愛知県	5:37:38	0:59:35	380	2:46:56	380	3:46:31	386	1:51:07	234		304		55-59歳男子	57
343	266	松本 道憲	55	男	愛知県	5:38:13	0:41:49	54	2:35:22	315	3:17:11	221	2:21:02	396		305		55-59歳男子	58
344	380	成田 伸一	63	男	愛知県	5:38:28	1:01:28	406	2:30:49	280	3:32:17	337	2:06:11	336		306		60-64歳男子	30
345	156	仙石 素也	48	男	静岡県	5:39:20	0:48:34	157	2:43:43	368	3:32:17	336	2:07:03	341		307		45-49歳男子	55
346	299	竹島 啓文	56	男	奈良県	5:39:51	0:48:19	152	2:41:20	359	3:29:39	325	2:10:12	361		308		55-59歳男子	59
347	314	渡部 昭人	58	男	愛知県	5:39:58	0:59:08	375	2:25:05	226	3:24:13	281	2:15:45	381		309		55-59歳男子	60
348	393	伊藤 裕章	66	男	愛知県	5:40:11	0:54:21	303	2:39:08	343	3:33:29	342	2:06:42	340		310		65-69歳男子	12
349	408	扇 建治	70	男	埼玉県	5:40:12	0:56:36	338	2:30:57	281	3:27:33	313	2:12:39	372		311		70-74歳男子	5
350	306	平田 達	57	男	愛知県	5:40:53	0:51:05	226	2:28:12	257	3:19:17	242	2:21:36	399		312		55-59歳男子	61
351	133	青木 賢史	47	男	東京都	5:40:58	0:59:40	381	2:43:20	367	3:43:00	377	1:57:58	289		313		45-49歳男子	56
352	337	牧野 孝吉	59	男	愛知県	5:41:50	1:01:02	403	2:33:23	302	3:34:25	352	2:07:25	344		314		55-59歳男子	62
353	86	山田 真也	43	男	東京都	5:41:56	0:54:31	308	2:52:44	399	3:47:15	390	1:54:41	261		315		40-44歳男子	36
354	289	勘解由 文民	56	男	愛知県	5:41:59	0:59:07	374	2:34:43	312	3:33:50	343	2:08:09	351		316		55-59歳男子	63
355	371	山下 卓男	62	男	愛知県	5:42:38	0:54:22	304	2:39:40	348	3:34:02	346	2:08:36	354		317		60-64歳男子	31
356	249	新實 守	54	男	愛知県	5:42:44	0:56:31	336	2:37:42	332	3:34:13	349	2:08:31	353		318		50-54歳男子	65
357	113	郡司 拓磨	45	男	愛知県	5:42:56	0:59:58	390	2:45:14	376	3:45:12	381	1:57:44	286		319		45-49歳男子	57
358	327	小林 俊一	59	男	東京都	5:43:03	1:02:17	413	2:30:22	277	3:32:39	340	2:10:24	364		320		55-59歳男子	64
359	106	小久保 勝大	45	男	愛知県	5:43:18	0:57:21	354	2:32:18	293	3:29:39	324	2:13:39	375		321		45-49歳男子	58
360	354	末吉 衛	60	男	沖縄県	5:43:40	0:55:32	326	2:21:26	177	3:16:58	216	2:26:12	406	30	322		60-64歳男子	32
361	318	武市 永	58	男	岐阜県	5:45:18	1:03:21	418	2:32:09	290	3:35:30	356	2:09:48	359		323		55-59歳男子	65
362	213	江口 昌幸	52	男	徳島県	5:45:23	0:59:47	384	2:38:09	335	3:37:56	362	2:07:27	345		324		50-54歳男子	66
363	349	稲山 勝義	60	男	愛知県	5:45:27	0:46:11	120	2:38:31	339	3:24:42	287	2:20:45	394		325		60-64歳男子	33
364	459	森 智子	56	女	滋賀県	5:45:28	1:01:48	408	2:38:54	342	3:40:42	369	2:04:46	327			39	55-59歳女子	8
365	248	菊地 淳也	54	男	東京都	5:46:11	0:40:49	40	2:43:55	370	3:24:44	288	2:21:27	398		326		50-54歳男子	67
366	448	久野 奈穂子	53	女	愛知県	5:47:38	0:50:44	216	2:56:28	407	3:47:12	389	2:00:26	305			40	50-54歳女子	11
367	365	三浦 健一	62	男	茨城県	5:47:41	0:57:35	359	2:31:53	287	3:29:28	322	2:18:13	385		327		60-64歳男子	34
368	228	青松 敬司	53	男	愛知県	5:48:49	0:54:18	302	2:37:06	326	3:31:24	333	2:17:25	384		328		50-54歳男子	68
369	145	阪本 哲也	48	男	兵庫県	5:49:01	1:08:58	433	2:41:44	360	3:50:42	400	1:58:19	294		329		45-49歳男子	59
370	385	太田 毅	64	男	愛知県	5:49:01	0:50:36	209	2:51:05	393	3:41:41	373	2:07:20	343		330		60-64歳男子	35
371	433	酒井 明子	44	女	東京都	5:49:18	0:53:32	288	2:36:48	322	3:30:20	327	2:18:58	392			41	40-44歳女子	5
372	442	今井 美和	51	女	兵庫県	5:49:57	0:54:08	299	2:40:04	350	3:34:12	348	2:15:45	382			42	50-54歳女子	12
373	303	當銘 稔和	57	男	兵庫県	5:50:12	1:04:44	424	2:30:32	279	3:35:16	355	2:14:56	377		331		55-59歳男子	66
374	121	佐々木 淳	46	男	東京都	5:50:38	0:45:44	115	2:37:07	327	3:22:51	268	2:27:47	409		332		45-49歳男子	60
375	73	鳥居 泰邦	41	男	愛知県	5:50:41	1:04:20	419	2:37:01	324	3:41:21	372	2:09:20	357		333		40-44歳男子	37
376	457	斉藤 有紀子	56	女	神奈川県	5:51:59	0:55:41	329	2:59:43	412	3:55:24	410	1:56:35	276			43	55-59歳女子	9
377	359	齋藤 勝巳	61	男	静岡県	5:52:04	0:55:27	325	2:41:08	358	3:36:35	358	2:15:29	378		334		60-64歳男子	36
378	65	馬屋原 宗一郎	40	男	大阪府	5:52:34	0:50:00	188	2:56:35	409	3:46:35	387	2:05:59	335		335		40-44歳男子	38
379	282	加納 英作	55	男	愛知県	5:52:48	0:55:40	328	2:44:31	372	3:40:11	367	2:12:37	371		336		55-59歳男子	67
380	230	福井 操志	53	男	滋賀県	5:53:46	1:07:49	431	2:40:27	355	3:48:16	393	2:05:30	330		337		50-54歳男子	69
381	291	新村 健太郎	56	男	愛知県	5:54:59	0:58:29	369	2:48:42	388	3:47:11	388	2:07:48	348		338		55-59歳男子	68
382	242	今枝 寛	54	男	愛知県	5:55:10	0:49:42	180	2:29:16	267	3:18:58	237	2:36:12	416		339		50-54歳男子	70
383	202	金長 則之	51	男	東京都	5:55:10	0:49:03	168	2:44:54	375	3:33:57	344	2:21:13	397		340		50-54歳男子	71
384	241	諸岡 知成	54	男	三重県	5:56:46	1:00:12	394	3:03:24	416	4:03:36	416	1:53:10	253		341		50-54歳男子	72
385	350	工藤 剛士	60	男	岐阜県	5:56:47	0:57:08	350	2:51:25	396	3:48:33	395	2:08:14	352		342		60-64歳男子	37
386	390	小谷内 正人	65	男	石川県	5:58:15	1:00:40	397	2:44:53	374	3:45:33	382	2:12:42	373		343		65-69歳男子	13
387	461	森 美樹	58	女	奈良県	5:58:59	0:52:37	262	2:53:00	401	3:45:37	383	2:13:22	374			44	55-59歳女子	10
388	273	安田 宗義	55	男	愛知県	5:59:04	0:55:17	320	2:55:49	404	3:51:06	401	2:07:58	349		344		55-59歳男子	69
389	92	宇佐美 祐次	44	男	愛知県	6:00:19	1:02:18	415	2:32:11	292	3:34:29	353	2:25:50	405		345		40-44歳男子	39
390	301	内田 龍夫	57	男	愛知県	6:01:01	0:51:44	239	2:42:36	363	3:34:20	350	2:26:41	407		346		55-59歳男子	70
391	372	小池 正彦	62	男	東京都	6:01:28	1:01:07	404	2:51:22	395	3:52:29	406	2:08:59	355		347		60-64歳男子	38
392	445	濱田 陽子	52	女	滋賀県	6:02:33	1:05:14	425	2:52:26	398	3:57:40	411	2:04:53	328			45	50-54歳女子	13
393	401	平松 賢一	67	男	長野県	6:03:39	0:50:04	190	3:02:22	414	3:52:26	405	2:11:13	368		348		65-69歳男子	14
394	85	松平 嘉人	43	男	兵庫県	6:04:40	0:54:52	314	2:51:05	394	3:45:57	384	2:18:43	389		349		40-44歳男子	40
395	161	佐藤 真吾	49	男	愛知県	6:05:17	0:58:08	366	2:56:05	406	3:54:13	408	2:11:04	367		350		45-49歳男子	61
396	454	石井 美代子	55	女	長野県	6:05:33	1:00:06	392	2:41:05	357	3:41:11	371	2:24:22	403			46	55-59歳女子	11
397	219	渡会 貞夫	52	男	愛知県	6:05:45	0:52:29	259	2:37:59	334	3:30:28	329	2:35:17	415		351		50-54歳男子	73
398	356	古澤 寛之	61	男	岐阜県	6:07:23	0:57:40	361	2:54:00	402	3:51:40	404	2:15:43	380		352		60-64歳男子	39
399	194	堀江 亮介	51	男	愛知県	6:08:10	0:49:02	165	2:35:54	316	3:24:56	291	2:43:14	418		353		50-54歳男子	74
400	411	前口 隆広	70	男	東京都	6:08:29	0:54:42	313	2:48:01	385	3:42:43	376	2:25:46	404		354		70-74歳男子	6
401	136	伊藤 直樹	47	男	愛知県	6:08:31	0:49:51	184	3:00:11	413	3:50:02	399	2:18:29	387		355		45-49歳男子	62
402	81	池垣 憲之介	43	男	静岡県	6:09:55	1:04:26	420	3:02:41	415	4:07:07	419	2:02:48	316		356		40-44歳男子	41
403	377	藤野 尚志	63	男	滋賀県	6:11:12	1:02:18	414	2:40:08	351	3:42:26	374	2:28:46	412		357		60-64歳男子	40
404	52	松原 卓也	38	男	大阪府	6:12:03	0:53:28	285	2:56:01	405	3:49:29	397	2:22:34	401		358		35-39歳男子	22
405	329	高嶋 啓介	59	男	静岡県	6:12:43	1:05:43	426	2:45:24	377	3:51:07	402	2:21:36	400		359		55-59歳男子	71
406	410	和田橋 明	70	男	東京都	6:12:50	0:57:33	358	2:56:30	408	3:54:03	407	2:18:47	390		360		70-74歳男子	7
407	400	山本 裕章	67	男	三重県	6:13:18	0:57:03	349	2:47:52	383	3:44:55	380	2:28:23	411		361		65-69歳男子	15
408	58	濵根 悠輔	39	男	大阪府	6:13:58	0:59:47	385	3:38:29	421	4:38:16	421	1:35:42	104		362		35-39歳男子	23
409	396	奥村 明彦	66	男	愛知県	6:15:47	1:02:00	410	2:57:14	410	3:59:14	412	2:16:33	383		363		65-69歳男子	16
410	32	草田 知典	34	男	静岡県	6:16:08	0:59:51	387	2:46:38	379	3:46:29	385	2:29:39	413		364		30-34歳男子	10
411	57	板倉 拓哉	39	男	愛知県	6:16:31	1:08:42	432	2:52:55	400	4:01:37	415	2:09:54	360	300	365		35-39歳男子	24
412	127	堀内 文雄	46	男	愛知県	6:18:32	0:55:15	319	3:04:08	417	3:59:23	413	2:18:39	388	30	366		45-49歳男子	63
413	290	久保 賢司	56	男	兵庫県	6:18:50	1:07:02	429	2:44:24	371	3:51:26	403	2:27:24	408		367		55-59歳男子	72
414	367	山中 和彦	62	男	兵庫県	6:19:08	0:59:17	376	2:55:43	403	3:55:00	409	2:24:08	402		368		60-64歳男子	41
415	173	松浦 弘充	50	男	埼玉県	6:19:46	0:57:31	356	2:49:52	391	3:47:23	391	2:32:23	414		369		50-54歳男子	75
416	406	河井 淳一	68	男	千葉県	6:23:51	0:56:22	335	2:48:18	387	3:44:40	379	2:39:11	417		370		65-69歳男子	17
417	118	村瀬 智洋	46	男	京都府	6:24:24	1:06:54	428	2:59:14	411	4:06:08	418	2:18:16	386		371		45-49歳男子	64
418	469	佐藤 妙子	67	女	愛知県	6:24:38	0:53:12	279	3:12:29	419	4:05:41	417	2:18:57	391			47	65-69歳女子	2
DNF	125	石原 幹大	46	男	愛知県		0:57:16	351	2:25:14	227	3:22:30	263						45-49歳男子	
DNF	308	宮内 泰之	57	男	東京都		1:04:36	422	2:38:51	341	3:43:27	378						55-59歳男子	
DNF	458	福王寺 千佳	56	女	愛知県		0:57:59	365	3:12:40	420	4:10:39	420						55-59歳女子	
DNF	66	橋本 悠樹	40	男	京都府		0:54:05	297										40-44歳男子	
DNF	87	鳥羽 佑典	43	男	愛知県		0:53:36	289							300			40-44歳男子	
DNF	140	鷲尾 尚士	47	男	兵庫県		0:51:56	244										45-49歳男子	
DNF	172	萩原 健司	50	男	愛知県		0:53:08	276							30			50-54歳男子	
DNF	185	河井 治大	50	男	愛知県		0:44:25	93										50-54歳男子	
DNF	209	高武 康介	52	男	愛知県		0:45:28	111										50-54歳男子	
DNF	216	木村 琢磨	52	男	埼玉県		0:40:16	35										50-54歳男子	
DNF	223	小川 智之	52	男	奈良県		0:49:13	171										50-54歳男子	
DNF	324	中池 芳和	58	男	三重県		1:03:20	417										55-59歳男子	
DNF	335	前田 剛宏	59	男	愛知県		0:49:12	169										55-59歳男子	
DNF	368	成宮 千浩	62	男	愛知県		0:59:32	379										60-64歳男子	
DNF	455	松井 亜希子	55	女	東京都		0:50:36	210							30			55-59歳女子	
SKIP	96	羽布津 恭平	44	男	東京都				2:39:39				1:52:20					40-44歳男子	
SKIP	200	朝倉 貴昭	51	男	岐阜県				2:24:39				1:59:23					50-54歳男子	
SKIP	221	上村 洋司	52	男	愛知県				2:32:02				2:32:22					50-54歳男子	
SKIP	344	中村 正信	60	男	愛知県				2:25:59				2:00:06					60-64歳男子	
DSQ	10	ムハッマド アリヤント	25	男	愛知県	6:01:01	1:01:40		3:23:42		4:25:22		1:35:39					25-29歳男子	
DNS	35	幾竹 新	34	男	大阪府													30-34歳男子	
DNS	122	平山 康行	46	男	愛知県													45-49歳男子	
DNS	123	高木 一将	46	男	千葉県													45-49歳男子	
DNS	142	岡田 崇	47	男	千葉県													45-49歳男子	
DNS	166	星野 良明	49	男	愛知県													45-49歳男子	
DNS	176	阿尾 充訓	50	男	愛知県													50-54歳男子	
DNS	197	大塚 貴生	51	男	埼玉県													50-54歳男子	
DNS	199	粕谷 宇史	51	男	東京都													50-54歳男子	
DNS	232	檜皮 憲孝	53	男	兵庫県													50-54歳男子	
DNS	238	神谷 俊男	53	男	静岡県													50-54歳男子	
DNS	251	仲田 昌純	54	男	埼玉県													50-54歳男子	
DNS	256	柴田 知彦	54	男	愛知県													50-54歳男子	
DNS	259	田口 光	54	男	愛知県													50-54歳男子	
DNS	269	浜地 晃	55	男	静岡県													55-59歳男子	
DNS	280	及部 豊幸	55	男	愛知県													55-59歳男子	
DNS	294	小笠原 成年	56	男	愛知県													55-59歳男子	
DNS	297	吉田 憲治	56	男	愛知県													55-59歳男子	
DNS	317	北川 貞大	58	男	京都府													55-59歳男子	
DNS	330	澤木 保	59	男	岐阜県													55-59歳男子	
DNS	341	宮田 大	59	男	東京都													55-59歳男子	
DNS	343	稲本 剛士	59	男	三重県													55-59歳男子	
DNS	373	津山 広和	62	男	愛知県													60-64歳男子	
DNS	376	辻 秀知	63	男	三重県													60-64歳男子	
DNS	384	池田 重宏	64	男	静岡県													60-64歳男子	
DNS	391	足立 峯幸	65	男	岐阜県													65-69歳男子	
DNS	415	矢田 秀昭	71	男	東京都													70-74歳男子	
DNS	416	星川 祐二	73	男	愛知県													70-74歳男子	
DNS	418	前田 乙乃	29	女	愛知県													25-29歳女子	
DNS	427	石田 侑里	34	女	静岡県													30-34歳女子	
DNS	456	立川 亜希子	56	女	愛知県													55-59歳女子	
DNS	467	丹 三枝子	62	女	神奈川県													60-64歳女子	
DNS	468	鬼塚 薫	66	女	東京都													65-69歳女子	
