総合順位	No.	氏名	フリガナ	年齢	性別	総合記録	スイムラップ	S順	T1ラップ	T1順	バイクラップ	B順	スプリット	通過	T2ラップ	T2順	ランラップ	R順	男女別順位	年代区分	年代順位	年齢順位
1	5198	遠藤 啓介	ｴﾝﾄﾞｳ ｹｲｽｹ	44	男	2:11:54	0:22:25	11	0:06:11	9	1:03:22	2	1:31:58	2	0:01:35	7	0:38:21	8	1	M40-44	1	1
2	7121	長辻 肇	ﾅｶﾞﾂｼﾞ ﾊｼﾞﾒ	53	男	2:12:50	0:23:54	25	0:06:06	7	1:01:41	1	1:31:41	1	0:01:59	24	0:39:10	14	2	M50-54	1	1
3	8149	土井 寛喜	ﾄﾞｲ ﾋﾛｷ	33	男	2:13:05	0:22:28	13	0:06:42	16	1:04:51	4	1:34:01	3	0:01:50	20	0:37:14	5	3	M30-34	1	1
4	5027	加藤 快清	ｶﾄｳ ｶｲｾｲ	20	男	2:16:38	0:24:05	28	0:05:59	5	1:09:19	11	1:39:23	4	0:01:40	13	0:35:35	2	4	M0-24	1	1
5	6033	関口 奨	ｾｷｸﾞﾁ ｼｮｳ	34	男	2:17:15	0:26:27	41	0:06:16	10	1:06:44	7	1:39:27	5	0:01:33	4	0:36:15	4	5	M30-34	2	1
6	8148	青木 波琉	ｱｵｷ ﾊﾙ	22	男	2:17:38	0:27:03	57	0:05:19	1	1:08:45	10	1:41:07	10	0:01:11	1	0:35:20	1	6	M0-24	2	1
7	5194	村田 睦月	ﾑﾗﾀ ﾑﾂｷ	18	男	2:20:39	0:20:09	3	0:06:32	14	1:13:59	44	1:40:40	8	0:02:07	35	0:37:52	6	7	M0-24	3	1
8	5195	高橋 光陽	ﾀｶﾊｼ ﾋﾅｶ	21	男	2:21:39	0:23:33	21	0:06:17	12	1:10:04	12	1:39:54	6	0:01:37	10	0:40:08	17	8	M0-24	4	1
9	5038	松谷 啓司	ﾏﾂﾔ ｹｲｼ	33	男	2:22:26	0:26:16	40	0:07:33	24	1:07:14	8	1:41:03	9	0:01:33	4	0:39:50	16	9	M30-34	3	2
10	5040	三浦 大空	ﾐｳﾗ ﾂﾊﾞｻ	20	男	2:23:13	0:24:04	27	0:06:47	17	1:14:54	53	1:45:45	20	0:01:35	7	0:35:53	3	10	M0-24	5	2
11	5062	太田 凱也	ｵｵﾀ ｶﾞｲﾔ	19	男	2:24:19	0:26:44	46	0:05:54	4	1:12:11	27	1:44:49	18	0:01:29	2	0:38:01	7	11	M0-24	6	1
12	5033	手塚 涼	ﾃﾂﾞｶ ﾘｮｳ	27	男	2:25:25	0:21:50	7	0:08:00	33	1:15:00	54	1:44:50	19	0:01:40	13	0:38:55	12	12	M25-29	1	1
13	5028	西詰 世彬	ﾆｼﾂﾞﾒ ｾﾗ	18	男	2:26:15	0:22:02	9	0:07:22	22	1:12:02	22	1:41:26	11	0:02:03	30	0:42:46	28	13	M0-24	7	2
14	5004	竹本 禄是	ﾀｹﾓﾄ ﾛｸﾖｼ	53	男	2:26:54	0:31:02	148	0:06:16	10	1:06:04	5	1:43:22	12	0:01:44	15	0:41:48	20	14	M50-54	2	2
15	9035	鈴木 颯太	ｽｽﾞｷ ｿｳﾀ	33	男	2:26:57	0:26:48	49	0:08:39	49	1:10:38	15	1:46:05	21	0:01:53	21	0:38:59	13	15	M30-34	4	3
16	5029	高梨 颯樹	ﾀｶﾅｼ ｻﾂｷ	21	男	2:27:53	0:23:19	18	0:07:34	26	1:13:12	38	1:44:05	16	0:01:38	11	0:42:10	24	16	M0-24	8	2
17	5030	井上 丈瑠	ｲﾉｳｴ ﾀｹﾙ	18	男	2:28:58	0:20:08	2	0:06:01	6	1:14:31	49	1:40:40	7	0:01:38	11	0:46:40	95	17	M0-24	9	3
18	5201	山口 翔平	ﾔﾏｸﾞﾁ ｼｮｳﾍｲ	19	男	2:29:39	0:23:36	22	0:06:38	15	1:13:40	41	1:43:54	15	0:01:44	15	0:44:01	42	18	M0-24	10	2
19	5001	山本 明宜	ﾔﾏﾓﾄ ｱｷﾖｼ	36	男	2:30:10	0:22:40	15	0:07:13	20	1:13:48	42	1:43:41	13	0:01:36	9	0:44:53	53	19	M35-39	1	1
20	5016	荒井 陸	ｱﾗｲ ｱﾂｼ	32	男	2:32:03	0:20:08	1	0:09:25	85	1:19:57	143	1:49:30	29	0:01:34	6	0:40:59	18	20	M30-34	5	1
21	5191	齋藤 宏光	ｻｲﾄｳ ﾋﾛﾐﾂ	46	男	2:32:39	0:22:42	16	0:07:21	21	1:13:50	43	1:43:53	14	0:02:50	119	0:45:56	72	21	M45-49	1	1
22	5050	深井 航貴	ﾌｶｲ ｺｳｷ	32	男	2:33:28	0:23:20	19	0:07:56	30	1:16:19	72	1:47:35	22	0:01:58	23	0:43:55	41	22	M30-34	6	2
23	5055	生井 和平	ﾅﾏｲ ｶｽﾞﾋﾗ	54	男	2:33:33	0:26:51	52	0:05:35	2	1:11:45	21	1:44:11	17	0:02:22	63	0:47:00	107	23	M50-54	3	1
24	5003	菅谷 勘佑	ｽｶﾞﾔ ｶﾝｽｹ	32	男	2:34:01	0:29:08	102	0:07:58	32	1:16:03	67	1:53:09	48	0:02:03	30	0:38:49	10	24	M30-34	7	3
25	7029	須原 康	ｽﾊﾗ ﾔｽｼ	49	男	2:35:00	0:28:46	91	0:07:56	30	1:11:31	19	1:48:13	25	0:02:04	32	0:44:43	51	25	M45-49	2	1
26	6111	白鳥 佑	ｼﾗﾄﾘ ﾕｳ	40	男	2:35:55	0:31:04	150	0:08:17	38	1:10:04	12	1:49:25	27	0:02:18	55	0:44:12	44	26	M40-44	2	1
27	6085	瀬戸 竜也	ｾﾄ ﾀﾂﾔ	38	男	2:36:03	0:32:51	205	0:10:17	142	1:04:50	3	1:47:58	24	0:03:01	149	0:45:04	55	27	M35-39	2	1
28	5196	高畠 隼斗	ﾀｶﾊﾞﾀｹ ﾊﾔﾄ	20	男	2:36:22	0:23:56	26	0:08:43	52	1:17:32	91	1:50:11	32	0:02:50	119	0:43:21	36	28	M0-24	11	3
29	5010	荒井 大樹	ｱﾗｲ ﾋﾛｷ	29	男	2:37:26	0:25:07	30	0:08:34	46	1:18:18	103	1:51:59	42	0:02:27	69	0:43:00	32	29	M25-29	2	1
30	6144	所 和仁	ﾄｺﾛ ｶｽﾞﾋﾄ	43	男	2:37:36	0:34:50	286	0:09:01	63	1:06:23	6	1:50:14	34	0:02:39	95	0:44:43	51	30	M40-44	3	1
31	8184	松尾 勝己	ﾏﾂｵ ｶﾂﾐ	55	男	2:37:38	0:27:29	60	0:07:45	28	1:12:39	31	1:47:53	23	0:02:17	51	0:47:28	119	31	M55-59	1	1
32	5045	隅田 勇平	ｽﾐﾀﾞ ﾕｳﾍｲ	46	男	2:37:43	0:30:35	139	0:08:53	55	1:11:44	20	1:51:12	37	0:02:14	45	0:44:17	45	32	M45-49	3	2
33	8139	白戸 彩子	ｼﾗﾄ ｱﾔｺ	58	女	2:37:46	0:27:27	11	0:07:36	3	1:18:28	6	1:53:31	4	0:02:23	10	0:41:52	4	1	F55-59	1	1
34	8152	山川 雅之	ﾔﾏｶﾜ ﾏｻﾕｷ	62	男	2:38:14	0:29:36	112	0:08:17	38	1:12:06	25	1:49:59	31	0:02:31	81	0:45:44	69	33	M60-64	1	1
35	9041	小川 勇士	ｵｶﾞﾜ ﾕｳｼ	30	男	2:38:42	0:25:54	38	0:10:44	170	1:19:35	131	1:56:13	70	0:03:17	208	0:39:12	15	34	M30-34	8	1
36	8191	佐々木 唯	ｻｻｷ ﾕｲ	40	女	2:38:45	0:31:41	19	0:08:31	9	1:17:12	4	1:57:24	6	0:02:29	12	0:38:52	1	2	F40-44	1	1
37	5197	高辻 禄太	ﾀｶﾂｼﾞ ﾛｸﾀ	20	男	2:39:14	0:25:31	33	0:08:42	51	1:16:16	70	1:50:29	35	0:02:32	83	0:46:13	81	35	M0-24	12	4
38	5002	高野 明	ﾀｶﾉ ｱｷﾗ	34	男	2:40:17	0:31:22	157	0:07:46	29	1:12:05	24	1:51:13	38	0:02:14	45	0:46:50	101	36	M30-34	9	2
39	9010	野口 真亜瑠	ﾉｸﾞﾁ ﾏｱﾙ	25	女	2:40:17	0:25:41	7	0:06:29	1	1:15:53	2	1:48:03	1	0:02:14	7	0:50:00	15	3	F25-29	1	1
40	6100	鎌田 雅士	ｶﾏﾀ ﾏｻｼ	39	男	2:40:24	0:30:36	140	0:08:57	59	1:12:03	23	1:51:36	40	0:02:12	43	0:46:36	93	37	M35-39	3	1
41	8183	野口 勇太	ﾉｸﾞﾁ ﾕｳﾀ	30	男	2:40:27	0:28:04	73	0:09:09	73	1:22:47	215	2:00:00	95	0:01:44	15	0:38:43	9	38	M30-34	10	2
42	9050	小柴 侑	ｺｼﾊﾞ ﾕｳ	42	男	2:40:36	0:26:02	39	0:09:00	62	1:15:09	55	1:50:11	33	0:03:14	198	0:47:11	110	39	M40-44	4	1
43	5023	福田 勇希	ﾌｸﾀﾞ ﾕｳｷ	32	男	2:40:40	0:23:10	17	0:07:23	23	1:22:04	200	1:52:37	46	0:01:49	19	0:46:14	82	40	M30-34	11	4
44	6117	森近 彰吾	ﾓﾘﾁｶ ｼｮｳｺﾞ	41	男	2:41:05	0:34:14	263	0:09:26	87	1:12:21	28	1:56:01	68	0:02:18	55	0:42:46	28	41	M40-44	5	1
45	6101	小林 崇志	ｺﾊﾞﾔｼ ﾀｶｼ	39	男	2:41:18	0:33:18	222	0:11:08	207	1:12:26	29	1:56:52	74	0:02:29	75	0:41:57	22	42	M35-39	4	2
46	5037	佐藤 勇輝	ｻﾄｳ ﾕｳｷ	39	男	2:41:39	0:27:44	65	0:10:48	179	1:16:48	79	1:55:20	63	0:03:05	170	0:43:14	33	43	M35-39	5	3
47	9054	小川 航史	ｵｶﾞﾜ ｺｳｼﾞ	28	男	2:41:40	0:33:47	244	0:09:05	67	1:08:16	9	1:51:08	36	0:03:02	154	0:47:30	121	44	M25-29	3	1
48	6009	石川 哲平	ｲｼｶﾜ ﾃｯﾍﾟｲ	32	男	2:41:48	0:28:42	89	0:08:09	35	1:16:51	82	1:53:42	50	0:02:47	111	0:45:19	62	45	M30-34	12	5
49	7147	石井 慶太	ｲｼｲ ｹｲﾀ	55	男	2:41:51	0:25:39	35	0:08:07	34	1:18:48	117	1:52:34	45	0:02:22	63	0:46:55	105	46	M55-59	2	2
50	5044	小玉 智之	ｺﾀﾞﾏ ｻﾄｼ	33	男	2:42:02	0:26:50	51	0:09:05	67	1:17:33	92	1:53:28	49	0:03:09	178	0:45:25	64	47	M30-34	13	4
51	8051	石橋 鈴	ｲｼﾊﾞｼ ﾘﾝ	19	女	2:42:09	0:25:18	5	0:07:28	2	1:16:24	3	1:49:10	3	0:01:51	1	0:51:08	20	4	F0-24	1	1
52	5053	筒井 貴之	ﾂﾂｲ ﾀｶﾕｷ	52	男	2:42:13	0:25:15	31	0:06:18	13	1:17:48	96	1:49:21	26	0:02:53	125	0:49:59	177	48	M50-54	4	1
53	6043	吉田 光太朗	ﾖｼﾀﾞ ｺｳﾀﾛｳ	35	男	2:42:29	0:32:34	192	0:09:23	83	1:10:31	14	1:52:28	43	0:02:29	75	0:47:32	122	49	M35-39	6	1
54	6135	小野 慎一郎	ｵﾉ ｼﾝｲﾁﾛｳ	42	男	2:42:36	0:27:58	70	0:08:58	60	1:14:35	51	1:51:31	39	0:02:47	111	0:48:18	139	50	M40-44	6	2
55	5146	保坂 圭祐	ﾎｻｶ ｹｲｽｹ	31	男	2:42:50	0:22:35	14	0:09:10	74	1:23:14	225	1:54:59	60	0:02:08	39	0:45:43	68	51	M30-34	14	1
56	6176	鈴江 英夫	ｽｽﾞｴ ﾋﾃﾞｵ	46	男	2:42:51	0:32:07	176	0:09:13	77	1:12:44	32	1:54:04	52	0:02:07	35	0:46:40	95	52	M45-49	4	3
57	8162	谷 豪知良	ﾀﾆ ﾀｹﾁﾖ	34	男	2:43:00	0:31:17	154	0:08:39	49	1:14:31	49	1:54:27	57	0:02:24	67	0:46:09	78	53	M30-34	15	3
58	8150	和田 倖歩	ﾜﾀﾞ ﾕｷﾎ	20	女	2:43:11	0:25:34	6	0:08:07	5	1:15:17	1	1:48:58	2	0:02:02	3	0:52:11	23	5	F0-24	2	1
59	5054	白石 敏雄	ｼﾗｲｼ ﾄｼｵ	55	男	2:43:19	0:25:43	36	0:09:46	104	1:18:44	112	1:54:13	53	0:03:56	323	0:45:10	57	54	M55-59	3	3
60	7159	日下 康成	ｸｻｶ ﾔｽﾅﾘ	56	男	2:43:20	0:27:54	68	0:08:29	45	1:16:33	75	1:52:56	47	0:02:56	132	0:47:28	119	55	M55-59	4	1
61	5041	菊池 赳夫	ｷｸﾁ ﾀｹｵ	43	男	2:43:22	0:26:59	55	0:09:36	93	1:12:50	34	1:49:25	28	0:02:42	100	0:51:15	203	56	M40-44	7	2
62	5163	ビニシウス アキオ	ﾋﾞﾆｼｳｽ ｱｷｵ	30	男	2:43:29	0:31:03	149	0:10:05	121	1:16:49	81	1:57:57	81	0:03:21	223	0:42:11	25	57	M30-34	16	3
63	6012	篠田 恭寛	ｼﾉﾀﾞ ﾀｶﾋﾛ	32	男	2:43:48	0:29:30	111	0:10:03	118	1:17:25	88	1:56:58	75	0:02:41	96	0:44:09	43	58	M30-34	17	6
64	5178	東 勝哉	ﾋｶﾞｼ ｶﾂﾔ	31	男	2:43:55	0:27:37	63	0:11:30	242	1:12:48	33	1:51:55	41	0:02:45	107	0:49:15	163	59	M30-34	18	2
65	7025	渡辺 淳	ﾜﾀﾅﾍﾞ ｼﾞｭﾝ	49	男	2:43:55	0:27:15	58	0:09:31	92	1:18:25	106	1:55:11	62	0:02:29	75	0:46:15	84	60	M45-49	5	2
66	5006	岸 智則	ｷｼ ﾄﾓﾉﾘ	43	男	2:44:04	0:30:30	136	0:08:48	54	1:18:43	111	1:58:01	82	0:02:35	90	0:43:28	37	61	M40-44	8	3
67	7022	塩入 賢治	ｼｵｲﾘ ｹﾝｼﾞ	48	男	2:44:10	0:31:01	147	0:10:43	168	1:13:37	40	1:55:21	64	0:03:40	280	0:45:09	56	62	M45-49	6	1
68	5032	田中 豊行	ﾀﾅｶ ﾄﾖﾕｷ	48	男	2:44:46	0:28:39	88	0:07:33	24	1:19:28	127	1:55:40	66	0:01:44	15	0:47:22	114	63	M45-49	7	2
69	5025	桑山 桂	ｸﾜﾔﾏ ｹｲ	33	女	2:45:07	0:23:29	1	0:09:02	13	1:27:24	24	1:59:55	9	0:01:55	2	0:43:17	5	6	F30-34	1	1
70	5056	古家 政吉	ﾌﾙﾔ ﾏｻﾖｼ	57	男	2:45:13	0:28:53	94	0:09:04	65	1:16:23	73	1:54:20	55	0:02:05	33	0:48:48	150	64	M55-59	5	1
71	5021	高橋 秀夫	ﾀｶﾊｼ ﾋﾃﾞｵ	30	男	2:45:33	0:28:55	97	0:09:51	110	1:18:20	104	1:57:06	76	0:02:00	27	0:46:27	90	65	M30-34	19	4
72	5130	滑川 諒	ﾅﾒﾘｶﾜ ﾘｮｳ	28	男	2:45:45	0:32:25	187	0:08:53	55	1:13:07	37	1:54:25	56	0:02:27	69	0:48:53	153	66	M25-29	4	2
73	7103	太田 誠利	ｵｵﾀ ﾏｺﾄ	53	男	2:46:42	0:28:08	75	0:11:27	236	1:19:32	130	1:59:07	88	0:03:04	166	0:44:31	48	67	M50-54	5	3
74	5102	笠島 大雅	ｶｻｼﾏ ﾀｲｶﾞ	26	男	2:46:52	0:23:32	20	0:08:09	35	1:25:30	283	1:57:11	78	0:03:11	189	0:46:30	91	68	M25-29	5	1
75	7199	影山 昭夫	ｶｹﾞﾔﾏ ｱｷｵ	59	男	2:47:04	0:26:46	48	0:07:37	27	1:28:05	343	2:02:28	128	0:01:54	22	0:42:42	27	69	M55-59	6	1
76	8155	新井 雄一	ｱﾗｲ ﾕｳｲﾁ	38	男	2:47:08	0:34:45	282	0:09:10	74	1:13:29	39	1:57:24	79	0:03:18	212	0:46:26	89	70	M35-39	7	2
77	5112	加藤 遼大	ｶﾄｳ ﾘｮｳﾀ	26	男	2:47:37	0:28:19	83	0:09:45	103	1:25:11	274	2:03:15	138	0:01:32	3	0:42:50	30	71	M25-29	6	2
78	7015	山本 和孝	ﾔﾏﾓﾄ ｶｽﾞﾀｶ	48	男	2:47:48	0:28:10	78	0:11:19	222	1:15:11	57	1:54:40	58	0:04:02	334	0:49:06	157	72	M45-49	8	3
79	5079	安藤 純輝	ｱﾝﾄﾞｳ ｼﾞｭﾝｷ	25	男	2:47:53	0:35:54	335	0:10:03	118	1:10:54	16	1:56:51	73	0:02:17	51	0:48:45	149	73	M25-29	7	1
80	5019	栗原 圭佑	ｸﾘﾊﾗ ｹｲｽｹ	30	男	2:48:05	0:29:11	103	0:07:10	19	1:18:23	105	1:54:44	59	0:02:14	45	0:51:07	201	74	M30-34	20	5
81	6098	坂本 洋樹	ｻｶﾓﾄ ﾋﾛｷ	39	男	2:48:09	0:33:03	212	0:10:47	177	1:19:59	144	2:03:49	147	0:02:21	62	0:41:59	23	75	M35-39	8	4
82	5067	大井 聖也	ｵｵｲ ｾｲﾔ	20	男	2:48:54	0:37:55	418	0:09:43	101	1:12:07	26	1:59:45	94	0:02:26	68	0:46:43	98	76	M0-24	13	5
83	6105	足立 誠	ｱﾀﾞﾁ ﾏｺﾄ	40	男	2:49:01	0:36:50	378	0:08:37	47	1:19:05	121	2:04:32	154	0:01:59	24	0:42:30	26	77	M40-44	9	2
84	7063	轟 啓介	ﾄﾄﾞﾛｷ ｹｲｽｹ	51	男	2:49:03	0:32:51	206	0:10:52	187	1:11:21	17	1:55:04	61	0:02:48	115	0:51:11	202	78	M50-54	6	1
85	5148	新倉 俊平	ﾆｲｸﾗ ｼｭﾝﾍﾟｲ	29	男	2:49:10	0:28:09	76	0:09:27	89	1:18:29	108	1:56:05	69	0:02:07	35	0:50:58	196	79	M25-29	8	2
86	9049	陣在 ほのか	ｼﾞﾝｻﾞｲ ﾎﾉｶ	27	女	2:49:12	0:31:49	21	0:09:00	11	1:23:40	14	2:04:29	12	0:03:00	21	0:41:43	3	7	F25-29	2	1
87	8154	ｶﾃｨｵ ﾀｲﾛﾝ	ｶﾃｨｵ ﾀｲﾛﾝ	26	男	2:49:18	0:36:39	373	0:12:42	358	1:12:34	30	2:01:55	113	0:02:45	107	0:44:38	49	80	M25-29	9	3
88	5090	今林 佑太	ｲﾏﾊﾞﾔｼ ﾕｳﾀ	25	男	2:49:36	0:30:28	135	0:11:31	244	1:22:46	214	2:04:45	160	0:02:01	28	0:42:50	30	81	M25-29	10	2
89	5015	坂本 征謙	ｻｶﾓﾄ ﾏｻﾉﾘ	54	男	2:49:37	0:27:54	69	0:10:24	148	1:20:12	148	1:58:30	84	0:02:57	135	0:48:10	134	82	M50-54	7	2
90	6182	木下 雄介	ｷﾉｼﾀ ﾕｳｽｹ	46	男	2:49:39	0:28:15	80	0:11:38	255	1:19:17	124	1:59:10	89	0:04:04	337	0:46:25	88	83	M45-49	9	4
91	5039	本間 貫禎	ﾎﾝﾏ ﾂﾗﾖｼ	56	男	2:49:46	0:26:29	43	0:08:59	61	1:14:06	46	1:49:34	30	0:03:38	277	0:56:34	335	84	M55-59	7	2
92	8073	吉本 舞	ﾖｼﾓﾄ ﾏｲ	32	女	2:49:49	0:25:02	4	0:08:59	10	1:26:22	22	2:00:23	10	0:02:30	13	0:46:56	10	8	F30-34	2	1
93	7086	助川 大	ｽｹｶﾞﾜ ﾀﾞｲ	52	男	2:49:53	0:28:07	74	0:10:55	193	1:16:56	83	1:55:58	67	0:04:16	372	0:49:39	171	85	M50-54	8	2
94	6136	熊野 善康	ｸﾏﾉ ﾖｼﾔｽ	43	男	2:50:18	0:29:42	114	0:12:05	303	1:14:53	52	1:56:40	71	0:03:18	212	0:50:20	186	86	M40-44	10	4
95	7108	大串 豊	ｵｵｸﾞｼ ﾕﾀｶ	53	男	2:50:31	0:29:43	115	0:11:53	277	1:16:48	79	1:58:24	83	0:03:44	291	0:48:23	144	87	M50-54	9	4
96	9004	永岡 紗弥	ﾅｶﾞｵｶ ｻﾔ	20	女	2:50:48	0:31:46	20	0:08:26	8	1:18:07	5	1:58:19	8	0:02:12	5	0:50:17	16	9	F0-24	3	2
97	5043	會澤 廉	ｱｲｻﾞﾜ ﾚﾝ	25	男	2:51:03	0:22:25	12	0:10:44	170	1:23:35	235	1:56:44	72	0:02:23	65	0:51:56	217	88	M25-29	11	3
98	9056	大橋 弘幸	ｵｵﾊｼ ﾋﾛﾕｷ	50	男	2:51:09	0:28:18	82	0:09:42	99	1:15:43	62	1:53:43	51	0:03:05	170	0:54:21	285	89	M50-54	10	1
99	6158	平野 喬博	ﾋﾗﾉ ﾀｶﾋﾛ	44	男	2:51:09	0:34:11	261	0:09:30	91	1:19:21	125	2:03:02	135	0:03:26	244	0:44:41	50	90	M40-44	11	2
100	7023	岡田 顕史	ｵｶﾀﾞ ｹﾝｼﾞ	48	男	2:51:25	0:31:36	165	0:10:08	129	1:20:35	159	2:02:19	124	0:02:59	141	0:46:07	75	91	M45-49	10	4
101	8160	吉川 潤也	ﾖｼｶﾜ ｼﾞｭﾝﾔ	45	男	2:51:26	0:32:07	177	0:14:50	500	1:14:10	47	2:01:07	105	0:03:44	291	0:46:35	92	92	M45-49	11	1
102	8054	本間 美優	ﾎﾝﾏ ﾐﾕｳ	24	女	2:51:29	0:24:47	3	0:10:30	24	1:18:38	7	1:53:55	5	0:02:51	20	0:54:43	32	10	F0-24	4	1
103	5138	里形 慧	ｻﾄｶﾞﾀ ｹｲ	29	男	2:51:35	0:31:55	171	0:09:19	82	1:15:54	66	1:57:08	77	0:02:01	28	0:52:26	232	93	M25-29	12	3
104	8060	鍵野 友莉夏	ｶｷﾞﾉ ﾕﾘｶ	27	女	2:51:39	0:34:34	31	0:10:11	21	1:20:00	8	2:04:45	14	0:02:11	4	0:44:43	6	11	F25-29	3	2
105	6071	井堀 寛生	ｲﾎﾘ ﾋﾛｷ	37	男	2:51:41	0:36:38	372	0:09:14	79	1:15:16	58	2:01:08	107	0:03:07	174	0:47:26	118	94	M35-39	9	1
106	8007	西村 世樹	ﾆｼﾑﾗ ｾｲｷ	60	男	2:51:52	0:33:25	224	0:09:06	70	1:21:07	172	2:03:38	145	0:02:07	35	0:46:07	75	95	M60-64	2	1
107	9005	西山 眞ﾉ介	ﾆｼﾔﾏ ｼﾝﾉｽｹ	24	男	2:52:07	0:30:00	125	0:10:05	121	1:20:53	164	2:00:58	104	0:03:50	308	0:47:19	112	96	M0-24	14	1
108	7138	浜野 雅之	ﾊﾏﾉ ﾏｻﾕｷ	54	男	2:52:08	0:33:42	239	0:09:04	65	1:17:30	90	2:00:16	98	0:02:17	51	0:49:35	168	97	M50-54	11	3
109	6099	古田 将孝	ﾌﾙﾀ ﾏｻﾀｶ	39	男	2:52:17	0:35:56	339	0:08:26	42	1:23:24	230	2:07:46	205	0:02:43	102	0:41:48	20	98	M35-39	10	5
110	6197	古田 泰友	ﾌﾙﾀ ﾔｽﾄﾓ	47	男	2:52:25	0:34:33	269	0:09:37	95	1:19:49	136	2:03:59	150	0:03:16	204	0:45:10	57	99	M45-49	12	1
111	5131	篠田 昌吾	ｼﾉﾀﾞ ｼｮｳｺﾞ	28	男	2:52:33	0:35:59	341	0:09:41	96	1:17:43	93	2:03:23	141	0:03:03	159	0:46:07	75	100	M25-29	13	3
112	7004	寺田 陽一	ﾃﾗﾀﾞ ﾖｳｲﾁ	47	男	2:52:58	0:32:42	199	0:10:07	128	1:19:39	133	2:02:28	127	0:03:53	316	0:46:37	94	101	M45-49	13	2
113	5061	渡部 景太	ﾜﾀﾅﾍﾞ ｹｲﾀ	19	男	2:52:59	0:26:59	54	0:11:26	230	1:23:40	237	2:02:05	119	0:02:16	49	0:48:38	146	102	M0-24	15	3
114	7070	吉田 雄介	ﾖｼﾀﾞ ﾕｳｽｹ	51	男	2:53:05	0:31:52	170	0:09:46	104	1:25:02	273	2:06:40	180	0:03:10	182	0:43:15	34	103	M50-54	12	2
115	6173	三須 隆之	ﾐｽ ﾀｶﾕｷ	45	男	2:53:13	0:29:17	105	0:09:49	108	1:23:11	223	2:02:17	122	0:04:06	346	0:46:50	101	104	M45-49	14	2
116	8061	山沢 紗羅	ﾔﾏｻﾜ ｻﾗ	27	女	2:53:18	0:28:12	12	0:09:17	15	1:27:18	23	2:04:47	15	0:02:12	5	0:46:19	8	12	F25-29	4	3
117	7164	田中 亮一	ﾀﾅｶ ﾘｮｳｲﾁ	56	男	2:53:20	0:29:37	113	0:10:23	147	1:17:44	94	1:57:44	80	0:03:13	193	0:52:23	228	105	M55-59	8	3
118	7040	伊藤 司	ｲﾄｳ ﾂｶｻ	49	男	2:53:21	0:31:10	152	0:12:32	341	1:15:40	61	1:59:22	92	0:03:39	278	0:50:20	186	106	M45-49	15	3
119	8100	加瀬 恵美	ｶｾ ｴﾐ	45	女	2:53:25	0:26:13	8	0:08:22	6	1:23:14	12	1:57:49	7	0:02:24	11	0:53:12	27	13	F45-49	1	1
120	5047	前田 桂典	ﾏｴﾀﾞ ｹｲｽｹ	37	男	2:53:31	0:28:24	84	0:11:53	277	1:20:53	164	2:01:10	108	0:03:20	220	0:49:01	155	107	M35-39	11	2
121	8012	皆川 健次	ﾐﾅｶﾜ ｹﾝｼﾞ	61	男	2:53:44	0:39:03	457	0:10:32	156	1:22:03	198	2:11:38	271	0:03:17	208	0:38:49	10	108	M60-64	3	1
122	7079	横山 功	ﾖｺﾔﾏ ｲｻｵ	51	男	2:54:01	0:29:04	100	0:12:28	334	1:20:26	155	2:01:58	114	0:03:19	218	0:48:44	148	109	M50-54	13	3
123	6057	大高 泰平	ｵｵﾀｶ ﾀｲﾍｲ	36	男	2:54:01	0:33:09	216	0:10:31	155	1:19:49	136	2:03:29	143	0:03:09	178	0:47:23	116	110	M35-39	12	2
124	7127	竹田 覚	ﾀｹﾀﾞ ｶｸ	54	男	2:54:02	0:41:26	507	0:08:23	41	1:20:04	146	2:09:53	234	0:02:23	65	0:41:46	19	111	M50-54	14	4
125	7033	澤村 龍世	ｻﾜﾑﾗ ﾘｭｳｾｲ	49	男	2:54:06	0:32:51	207	0:09:59	114	1:17:23	86	2:00:13	97	0:02:49	117	0:51:04	200	112	M45-49	16	4
126	5066	佐々木 心	ｻｻｷ ｼﾝ	20	男	2:54:20	0:31:25	161	0:12:49	370	1:19:01	120	2:03:15	138	0:03:13	193	0:47:52	128	113	M0-24	16	6
127	5008	野頭 雄一郎	ﾉﾄｳ ﾕｳｲﾁﾛｳ	43	男	2:54:33	0:29:54	120	0:08:53	55	1:26:16	297	2:05:03	163	0:03:15	199	0:46:15	84	114	M40-44	12	5
128	5091	村尾 隆徳	ﾑﾗｵ ﾀｶﾉﾘ	25	男	2:54:41	0:27:48	67	0:12:29	337	1:23:25	231	2:03:42	146	0:03:35	271	0:47:24	117	115	M25-29	14	4
129	6169	村田 響介	ﾑﾗﾀ ｷｮｳｽｹ	45	男	2:54:45	0:33:03	213	0:11:19	222	1:16:46	77	2:01:08	106	0:03:04	166	0:50:33	190	116	M45-49	17	3
130	9016	荻野 峻佑	ｵｷﾞﾉ ｼｭﾝｽｹ	38	男	2:54:54	0:35:56	339	0:09:52	111	1:21:43	188	2:07:31	198	0:03:30	254	0:43:53	40	117	M35-39	13	3
131	6094	佐倉 裕之	ｻｸﾗ ﾋﾛﾕｷ	38	男	2:55:09	0:38:48	450	0:10:27	150	1:15:22	59	2:04:37	156	0:03:44	291	0:46:48	100	118	M35-39	14	4
132	5017	竹広 幸司郎	ﾀｹﾋﾛ ｺｳｼﾛｳ	29	男	2:55:20	0:23:40	23	0:10:13	137	1:28:51	363	2:02:44	133	0:02:20	58	0:50:16	183	119	M25-29	15	4
133	7048	柿沼 宏軌	ｶｷﾇﾏ ﾋﾛﾐﾁ	50	男	2:55:24	0:32:01	173	0:10:10	131	1:16:47	78	1:58:58	87	0:03:28	249	0:52:58	246	120	M50-54	15	2
134	7100	天野 裕貴	ｱﾏﾉ ﾕｳｷ	53	男	2:55:40	0:33:13	219	0:11:07	205	1:19:37	132	2:03:57	149	0:02:30	79	0:49:13	161	121	M50-54	16	5
135	9057	Liabøtrø Ola	ﾘｱﾎﾞﾄろ ｵﾗ ﾘｱﾎﾞﾄﾛ	37	男	2:55:49	0:31:22	156	0:11:34	248	1:24:26	256	2:07:22	192	0:02:59	141	0:45:28	65	122	M35-39	15	3
136	8163	河合 俊行	ｶﾜｲ ﾄｼﾕｷ	39	男	2:55:57	0:34:56	290	0:10:50	181	1:15:50	64	2:01:36	110	0:03:18	212	0:51:03	199	123	M35-39	16	6
137	7132	玉川 博之	ﾀﾏｶﾞﾜ ﾋﾛﾕｷ	54	男	2:56:01	0:33:52	247	0:11:14	217	1:22:14	206	2:07:20	190	0:02:53	125	0:45:48	70	124	M50-54	17	5
138	7007	保立 義仁	ﾎﾀﾃ ﾖｼﾋﾄ	48	男	2:56:05	0:33:17	221	0:10:44	170	1:11:28	18	1:55:29	65	0:02:45	107	0:57:51	361	125	M45-49	18	5
139	5140	西原 大輝	ﾆｼﾊﾗ ﾋﾛｷ	29	男	2:56:07	0:29:16	104	0:11:47	268	1:22:01	196	2:03:04	137	0:02:12	43	0:50:51	194	126	M25-29	16	5
140	9011	朴 俊榮	ﾊﾟｸ ｼﾞｭﾝﾖﾝ	25	男	2:56:08	0:31:19	155	0:08:13	37	1:27:12	320	2:06:44	181	0:02:19	57	0:47:05	109	127	M25-29	17	5
141	5086	中庭 礼	ﾅｶﾆﾜ ﾚｲ	25	男	2:56:13	0:36:52	380	0:09:15	81	1:21:13	177	2:07:20	191	0:02:42	100	0:46:11	79	128	M25-29	18	6
142	7185	前田 洋一	ﾏｴﾀﾞ ﾖｳｲﾁ	58	男	2:56:13	0:28:12	79	0:10:06	126	1:22:12	204	2:00:30	100	0:04:07	348	0:51:36	212	129	M55-59	9	1
143	8086	藤岡 智子	ﾌｼﾞｵｶ ﾄﾓｺ	37	女	2:56:19	0:43:31	79	0:08:23	7	1:20:34	9	2:12:28	22	0:02:35	14	0:41:16	2	14	F35-39	1	1
144	7093	高野 由貴	ﾀｶﾉ ﾖｼﾀｶ	52	男	2:56:20	0:37:41	409	0:11:21	226	1:17:52	97	2:06:54	182	0:04:09	355	0:45:17	61	130	M50-54	18	3
145	7078	山脇 英樹	ﾔﾏﾜｷ ﾋﾃﾞｷ	51	男	2:56:21	0:35:27	313	0:11:36	251	1:20:19	151	2:07:22	195	0:02:56	132	0:46:03	73	131	M50-54	19	4
146	6116	木村 丈	ｷﾑﾗ ﾀｹｼ	41	男	2:56:25	0:35:20	308	0:10:55	193	1:18:44	112	2:04:59	162	0:03:51	313	0:47:35	123	132	M40-44	13	2
147	5184	山下 風太	ﾔﾏｼﾀ ﾌｳﾀ	31	男	2:56:26	0:33:39	234	0:11:59	289	1:20:58	169	2:06:36	179	0:04:37	409	0:45:13	59	133	M30-34	21	3
148	7179	三浦 裕	ﾐｳﾗ ﾕﾀｶ	58	男	2:56:30	0:25:46	37	0:09:13	77	1:27:01	316	2:02:00	115	0:04:33	405	0:49:57	175	134	M55-59	10	2
149	6146	伊豆田 一	ｲｽﾞﾀ ﾊｼﾞﾒ	43	男	2:56:31	0:30:59	144	0:10:15	138	1:18:00	99	1:59:14	90	0:03:13	193	0:54:04	273	135	M40-44	14	6
150	8058	多田 優希	ﾀﾀﾞ ﾕｳｷ	27	女	2:56:36	0:32:02	22	0:08:02	4	1:24:29	18	2:04:33	13	0:02:21	9	0:49:42	14	15	F25-29	5	4
151	5165	常世田 太郎	ﾄｺﾖﾀﾞ ﾀﾛｳ	30	男	2:56:37	0:28:54	95	0:10:58	198	1:21:57	195	2:01:49	112	0:03:10	182	0:51:38	213	136	M30-34	22	6
152	5076	國嶋 康介	ｸﾆｼﾏ ｺｳｽｹ	24	男	2:56:37	0:32:41	197	0:08:38	48	1:28:45	358	2:10:04	241	0:02:49	117	0:43:44	39	137	M0-24	17	2
153	7032	小林 宏次	ｺﾊﾞﾔｼ ｺｳｼﾞ	49	男	2:56:41	0:31:40	167	0:11:59	289	1:21:27	185	2:05:06	165	0:03:49	303	0:47:46	124	138	M45-49	19	5
154	6047	須藤 哲史	ｽﾄﾞｳ ｻﾄｼ	35	男	2:56:42	0:35:10	298	0:07:09	18	1:27:27	327	2:09:46	230	0:01:59	24	0:44:57	54	139	M35-39	17	2
155	5125	久保田 穂高	ｸﾎﾞﾀ ﾎﾀｶ	27	男	2:56:43	0:29:58	121	0:09:11	76	1:20:31	157	1:59:40	93	0:02:57	135	0:54:06	274	140	M25-29	19	2
156	9001	Shigeki Shimato	ｼﾏﾄ ｼｹﾞｷ	55	男	2:56:56	0:33:03	211	0:09:42	99	1:21:52	192	2:04:37	157	0:03:28	249	0:48:51	152	141	M55-59	11	4
157	8161	田中 宏樹	ﾀﾅｶ ﾋﾛｷ	50	男	2:56:58	0:29:58	123	0:11:22	228	1:21:15	180	2:02:35	131	0:03:08	175	0:51:15	203	142	M50-54	20	3
158	5035	木下 陸人	ｷﾉｼﾀ ﾘｸﾄ	26	男	2:57:16	0:32:09	179	0:10:02	116	1:18:11	102	2:00:22	99	0:03:01	149	0:53:53	270	143	M25-29	20	4
159	7181	鹿ノ子 直樹	ｶﾉｺ ﾅｵｷ	58	男	2:57:18	0:31:25	160	0:08:46	53	1:19:07	122	1:59:18	91	0:02:20	58	0:55:40	311	144	M55-59	12	3
160	6013	William Cheng	Cheng William	32	男	2:57:19	0:25:31	32	0:09:48	107	1:25:26	280	2:00:45	102	0:03:18	212	0:53:16	251	145	M30-34	23	7
161	5121	井口 純太	ｲｸﾞﾁ ｼﾞｭﾝﾀ	27	男	2:57:20	0:30:15	130	0:09:47	106	1:23:54	245	2:03:56	148	0:03:21	223	0:50:03	178	146	M25-29	21	3
162	5186	加藤 翼	ｶﾄｳ ﾂﾊﾞｻ	32	男	2:57:23	0:32:16	183	0:10:35	159	1:28:13	347	2:11:04	258	0:03:04	166	0:43:15	34	147	M30-34	24	8
163	7005	安川 義人	ﾔｽｶﾜ ﾖｼﾋﾄ	48	男	2:57:31	0:37:56	419	0:11:11	211	1:15:34	60	2:04:41	158	0:03:13	193	0:49:37	170	148	M45-49	20	6
164	7155	長谷部 篤司	ﾊｾﾍﾞ ｱﾂｼ	55	男	2:57:33	0:35:10	299	0:11:11	211	1:21:18	182	2:07:39	204	0:03:43	289	0:46:11	79	149	M55-59	13	5
165	7194	楠 丈弘	ｸｽﾉｷ ﾀｹﾋﾛ	59	男	2:57:44	0:32:48	203	0:12:40	355	1:16:37	76	2:02:05	117	0:04:21	378	0:51:18	205	150	M55-59	14	2
166	8185	林 大敬	ﾊﾔｼ ﾋﾛﾀｶ	44	男	2:57:49	0:37:10	392	0:09:50	109	1:17:24	87	2:04:24	153	0:03:11	189	0:50:14	182	151	M40-44	15	3
167	5104	古閑 爽太郎	ｺｶﾞ ｿｳﾀﾛｳ	26	男	2:57:50	0:34:43	280	0:10:28	153	1:18:51	118	2:04:02	151	0:03:15	199	0:50:33	190	152	M25-29	22	5
168	8198	徳田 浩明	ﾄｸﾀﾞ ﾋﾛｱｷ	38	男	2:58:26	0:35:31	316	0:12:00	291	1:15:09	55	2:02:40	132	0:06:14	534	0:49:32	167	153	M35-39	18	5
169	5014	平沼 雄大	ﾋﾗﾇﾏ ﾕｳﾀﾞｲ	45	男	2:58:30	0:28:58	98	0:10:44	170	1:25:49	291	2:05:31	170	0:03:46	297	0:49:13	161	154	M45-49	21	4
170	9028	宮崎 健太郎	ﾐﾔｻﾞｷ ｹﾝﾀﾛｳ	45	男	2:58:42	0:31:26	163	0:05:50	3	1:16:57	84	1:54:13	54	0:05:32	498	0:58:57	375	155	M45-49	22	5
171	5071	品田 滉人	ｼﾅﾀﾞ ﾋﾛﾄ	23	男	2:58:44	0:32:36	194	0:12:35	345	1:22:13	205	2:07:24	196	0:05:47	516	0:45:33	66	156	M0-24	18	1
172	7030	佐藤 秀樹	ｻﾄｳ ﾋﾃﾞｷ	49	男	2:58:50	0:39:58	481	0:10:58	198	1:16:16	70	2:07:12	187	0:04:21	378	0:47:17	111	157	M45-49	23	6
173	7115	静 丈太郎	ｼｽﾞｶ ｼﾞｮｳﾀﾛｳ	53	男	2:58:52	0:28:29	87	0:09:25	85	1:31:00	412	2:08:54	219	0:02:08	39	0:47:50	126	158	M50-54	21	6
174	5013	越川 進平	ｺｼｶﾜ ｼﾝﾍﾟｲ	32	男	2:59:02	0:22:16	10	0:09:05	67	1:21:08	173	1:52:29	44	0:02:29	75	1:04:04	459	159	M30-34	25	9
175	5073	Genis Pou Compte	Pou Compte Genis	23	男	2:59:06	0:28:55	96	0:10:27	150	1:25:42	289	2:05:04	164	0:02:14	45	0:51:48	216	160	M0-24	19	2
176	7067	染谷 要一	ｿﾒﾔ ﾖｳｲﾁ	51	男	2:59:10	0:30:02	127	0:09:58	113	1:23:03	220	2:03:03	136	0:02:33	86	0:53:34	260	161	M50-54	22	5
177	6170	森 康重	ﾓﾘ ﾔｽｼｹﾞ	45	男	2:59:11	0:34:05	255	0:09:36	93	1:25:21	278	2:09:02	220	0:02:47	111	0:47:22	114	162	M45-49	24	6
178	5153	大沢 尚輝	ｵｵｻﾞﾜ ﾅｵｷ	29	男	2:59:12	0:35:09	297	0:10:58	198	1:24:07	250	2:10:14	243	0:02:16	49	0:46:42	97	163	M25-29	23	6
179	5011	中泉 椋	ﾅｶｲｽﾞﾐ ﾑｸ	31	男	2:59:14	0:29:24	109	0:09:03	64	1:23:07	222	2:01:34	109	0:03:00	145	0:54:40	292	164	M30-34	26	4
180	7072	山田 大輔	ﾔﾏﾀﾞ ﾀﾞｲｽｹ	51	男	2:59:23	0:33:50	245	0:10:10	131	1:18:47	116	2:02:47	134	0:03:11	189	0:53:25	257	165	M50-54	23	6
181	5042	三輪 拓実	ﾐﾜ ﾀｸﾐ	31	男	2:59:32	0:22:00	8	0:11:18	220	1:33:48	466	2:07:06	186	0:02:58	138	0:49:28	166	166	M30-34	27	5
182	8178	都築 悠杜	ﾂﾂﾞｷ ﾕｳﾄ	19	男	2:59:45	0:37:07	390	0:11:11	211	1:19:56	141	2:08:14	210	0:03:23	237	0:48:08	133	167	M0-24	20	4
183	5063	加藤 樹弥	ｶﾄｳ ﾐｷﾔ	19	男	2:59:49	0:28:29	86	0:08:20	40	1:29:24	376	2:06:13	175	0:02:52	123	0:50:44	192	168	M0-24	21	5
184	6196	山崎 隆史	ﾔﾏｻﾞｷ ﾀｶｼ	47	男	3:00:01	0:32:18	186	0:12:07	306	1:20:29	156	2:04:54	161	0:02:56	132	0:52:11	224	169	M45-49	25	3
185	8158	酒井 健	ｻｶｲ ｹﾝ	57	男	3:00:06	0:35:01	293	0:11:29	239	1:21:09	175	2:07:39	203	0:03:03	159	0:49:24	165	170	M55-59	15	2
186	5193	橋本 和幸	ﾊｼﾓﾄ ｶｽﾞﾕｷ	48	男	3:00:12	0:28:17	81	0:13:21	415	1:27:09	319	2:08:47	217	0:03:34	266	0:47:51	127	171	M45-49	26	7
187	6187	内海 建司	ｳﾂﾐ ｹﾝｼﾞ	46	男	3:00:25	0:38:01	426	0:10:40	165	1:16:28	74	2:05:09	166	0:02:41	96	0:52:35	236	172	M45-49	27	5
188	8022	安田 顕	ﾔｽﾀﾞ ｹﾝ	62	男	3:00:37	0:32:05	175	0:14:14	472	1:16:03	67	2:02:22	125	0:04:57	440	0:53:18	253	173	M60-64	4	2
189	6067	村上 祐亮	ﾑﾗｶﾐ ﾕｳｽｹ	37	男	3:00:49	0:26:34	44		0		0		0		0	0:53:52	268	174	M35-39	19	4
190	7012	豊饒 拓馬	ﾎｳｼﾞｮｳ ﾀｸﾏ	48	男	3:00:52	0:35:14	302	0:10:36	160	1:18:45	114	2:04:35	155	0:02:33	86	0:53:44	265	175	M45-49	28	8
191	8025	日向野 良治	ﾋｶﾞﾉ ﾖｼﾊﾙ	62	男	3:00:54	0:36:45	375	0:09:43	101	1:18:46	115	2:05:14	167	0:02:20	58	0:53:20	254	176	M60-64	5	3
192	5052	吉野 公貴	ﾖｼﾉ ｺｳｷ	49	男	3:00:57	0:35:38	320	0:06:09	8	1:30:13	395	2:12:00	273	0:03:15	199	0:45:42	67	177	M45-49	29	7
193	5057	青野 力	ｱｵﾉ ﾂﾄﾑ	49	男	3:01:10	0:30:59	145	0:12:29	337	1:17:28	89	2:00:56	103	0:03:41	283	0:56:33	334	178	M45-49	30	8
194	6102	鈴木 伸顕	ｽｽﾞｷ ﾉﾌﾞｱｷ	39	男	3:01:11	0:38:21	439	0:12:59	387	1:18:32	109	2:09:52	232	0:04:56	439	0:46:23	87	179	M35-39	20	7
195	7095	高橋 進	ﾀｶﾊｼ ｽｽﾑ	52	男	3:01:13	0:34:16	265	0:14:21	478	1:19:50	138	2:08:27	214	0:04:30	393	0:48:16	138	180	M50-54	24	4
196	5005	黄田 立文	ｺｳﾀﾞ ﾘﾂﾌﾞﾝ	59	男	3:01:30	0:30:13	128	0:10:42	166	1:28:40	355	2:09:35	225	0:03:35	271	0:48:20	140	181	M55-59	16	3
197	6194	伊藤 裕亮	ｲﾄｳ ﾕｳｽｹ	47	男	3:01:41	0:29:58	122	0:11:22	228	1:20:59	170	2:02:19	123	0:02:58	138	0:56:24	330	182	M45-49	31	4
198	6141	熊城 翔太	ｸﾏｷ ｼｮｳﾀ	43	男	3:01:52	0:33:12	218	0:09:27	89	1:23:23	229	2:06:02	173	0:02:33	86	0:53:17	252	183	M40-44	16	7
199	7069	山下 伸二	ﾔﾏｼﾀ ｼﾝｼﾞ	51	男	3:01:52	0:37:56	420	0:10:43	168	1:21:14	179	2:09:53	233	0:03:03	159	0:48:56	154	184	M50-54	25	7
200	5164	代田 成史	ｼﾛﾀ ﾅﾙﾌﾐ	30	男	3:01:58	0:33:43	241	0:11:04	203	1:19:56	141	2:04:43	159	0:03:08	175	0:54:07	275	185	M30-34	28	7
201	5096	美濃 拓生	ﾐﾉ ﾀｸｵ	26	男	3:02:03	0:35:54	337	0:10:02	116	1:25:23	279	2:11:19	263	0:02:55	130	0:47:49	125	186	M25-29	24	6
202	8108	櫻井 美友貴	ｻｸﾗｲ ﾐﾕｷ	50	女	3:02:07	0:32:52	25	0:09:10	14	1:27:54	25	2:09:56	16	0:03:41	31	0:48:30	11	16	F50-54	1	1
203	8031	Peter Kilner	Kilner Peter	63	男	3:02:12	0:28:03	72	0:10:44	170	1:26:32	305	2:05:19	168	0:02:38	93	0:54:15	282	187	M60-64	6	1
204	7109	藤平 善大	ﾄｳﾍｲ ﾖｼﾋﾛ	53	男	3:02:12	0:32:55	209	0:10:05	121	1:19:26	126	2:02:26	126	0:04:04	337	0:55:42	314	188	M50-54	26	7
205	8048	笹原 明利	ｻｻﾊﾗ ｱｷﾄｼ	69	男	3:02:15	0:29:05	101	0:10:01	115	1:27:53	338	2:06:59	183	0:02:34	89	0:52:42	239	189	M65+	1	1
206	8059	香取 真奈	ｶﾄﾘ ﾏﾅ	27	女	3:02:19	0:29:13	13	0:09:01	12	1:23:46	15	2:02:00	11	0:03:53	36	0:56:26	34	17	F25-29	6	5
207	7111	林 秀和	ﾊﾔｼ ﾋﾃﾞｶｽﾞ	53	男	3:02:31	0:38:50	453	0:11:57	286	1:20:14	149	2:11:01	257	0:03:10	182	0:48:20	140	190	M50-54	27	8
208	5100	山口 優太	ﾔﾏｸﾞﾁ ﾕｳﾀ	26	男	3:02:39	0:32:40	195	0:12:58	383	1:21:23	184	2:07:01	184	0:03:34	266	0:52:04	219	191	M25-29	25	7
209	5075	田中 理久	ﾀﾅｶ ﾘｸ	24	男	3:02:40	0:37:57	421	0:11:39	257	1:15:52	65	2:05:28	169	0:02:28	71	0:54:44	294	192	M0-24	22	3
210	6108	銭 寅	ｾﾝ ｲﾝ	40	男	3:02:47	0:33:36	232	0:12:40	355	1:19:42	134	2:05:58	172	0:03:58	327	0:52:51	242	193	M40-44	17	3
211	9033	大西 健史	ｵｵﾆｼ ﾀｹｼ	53	男	3:03:10	0:31:47	169	0:11:20	224	1:24:30	258	2:07:37	201	0:03:03	159	0:52:30	234	194	M50-54	28	9
212	7145	加峰 裕昭	ｶﾌﾞ ﾋﾛｱｷ	55	男	3:03:12	0:38:15	435	0:08:27	43	1:23:41	239	2:10:23	245	0:02:17	51	0:50:32	189	195	M55-59	17	6
213	6109	近藤 和樹	ｺﾝﾄﾞｳ ｶｽﾞｷ	40	男	3:03:21	0:38:20	437	0:10:50	181	1:20:45	161	2:09:55	236	0:03:43	289	0:49:43	172	196	M40-44	18	4
214	6110	鈴木 秀鷹	ｽｽﾞｷ ﾋﾃﾞﾀｶ	40	男	3:03:29	0:33:37	233	0:11:03	202	1:21:45	189	2:06:25	176	0:03:42	288	0:53:22	255	197	M40-44	19	5
215	5101	石橋 旺河	ｲｼﾊﾞｼ ｵｳｶﾞ	26	男	3:03:48	0:37:11	393	0:10:27	150	1:21:06	171	2:08:44	216	0:03:33	262	0:51:31	210	198	M25-29	26	8
216	6132	不藤 潤	ﾌﾄﾞｳ ｼﾞｭﾝ	42	男	3:03:48	0:34:34	271	0:11:40	258	1:26:04	295	2:12:18	283	0:02:52	123	0:48:38	146	199	M40-44	20	3
217	6045	田中 広貴	ﾀﾅｶ ﾋﾛｷ	35	男	3:03:59	0:33:46	242	0:11:51	273	1:20:54	166	2:06:31	177	0:03:05	170	0:54:23	287	200	M35-39	21	3
218	7021	佐藤 之一	ｻﾄｳ ﾕｷｶｽﾞ	48	男	3:04:00	0:32:30	189	0:13:16	407	1:24:08	251	2:09:54	235	0:04:03	335	0:50:03	178	201	M45-49	32	9
219	7178	名倉 良雄	ﾅｸﾗ ﾖｼｵ	58	男	3:04:14	0:27:35	62	0:11:08	207	1:19:47	135	1:58:30	86	0:03:46	297	1:01:58	425	202	M55-59	18	4
220	7027	石田 嘉明	ｲｼﾀﾞ ﾖｼｱｷ	49	男	3:04:16	0:34:44	281	0:10:34	158	1:22:04	200	2:07:22	194	0:03:21	223	0:53:33	259	203	M45-49	33	9
221	6157	吉野 真記	ﾖｼﾉ ﾏｻｷ	44	男	3:04:24	0:35:49	329	0:13:21	415	1:22:02	197	2:11:12	261	0:02:54	128	0:50:18	184	204	M40-44	21	4
222	9045	内山 泰	ｳﾁﾔﾏ ﾔｽｼ	48	男	3:04:45	0:35:18	305	0:09:07	72	1:23:11	223	2:07:36	200	0:02:50	119	0:54:19	283	205	M45-49	34	10
223	7082	兼子 直人	ｶﾈｺ ﾅｵﾄ	51	男	3:04:58	0:34:17	266	0:11:47	268	1:14:00	45	2:00:04	96	0:05:05	459	0:59:49	387	206	M50-54	29	8
224	6119	牧元 直樹	ﾏｷﾓﾄ ﾅｵｷ	41	男	3:05:07	0:33:42	240	0:11:26	230	1:24:33	260	2:09:41	228	0:03:02	154	0:52:24	230	207	M40-44	22	3
225	5185	権 真一	ｺﾞﾝ ｼﾝｲﾁ	32	男	3:05:07	0:38:01	425	0:10:22	146	1:21:41	187	2:10:04	241	0:03:31	258	0:51:32	211	208	M30-34	29	10
226	8011	高橋 一徳	ﾀｶﾊｼ ｶｽﾞﾉﾘ	61	男	3:05:09	0:30:14	129	0:10:42	166	1:20:40	160	2:01:36	111	0:04:10	357	0:59:23	379	209	M60-64	7	2
227	6016	横渡 大輝	ﾖｺﾜﾀﾘ ﾀﾞｲｷ	33	男	3:05:22	0:37:04	387	0:11:26	230	1:25:47	290	2:14:17	305	0:03:04	166	0:48:01	131	210	M30-34	30	5
228	7142	佐藤 廉也	ｻﾄｳ ﾚﾝﾔ	54	男	3:05:35	0:32:18	185	0:13:22	417	1:20:54	166	2:06:34	178	0:03:30	254	0:55:31	307	211	M50-54	30	6
229	6161	渡辺 徹	ﾜﾀﾅﾍﾞ ﾄｵﾙ	44	男	3:05:45	0:36:13	353	0:10:10	131	1:25:53	292	2:12:16	281	0:02:30	79	0:50:59	197	212	M40-44	23	5
230	9063	近藤 大貴	ｺﾝﾄﾞｳ ﾀﾞｲｷ	33	男	3:05:46	0:36:33	367	0:11:55	282	1:26:19	298	2:14:47	312	0:05:44	514	0:45:15	60	213	M30-34	31	6
231	9002	宮 淳一	ﾐﾔ ｼﾞｭﾝｲﾁ	46	男	3:05:55	0:34:45	283	0:14:12	471	1:25:28	281	2:14:25	310	0:05:16	473	0:46:14	82	214	M45-49	35	6
232	5173	橋本 謙太郎	ﾊｼﾓﾄ ｹﾝﾀﾛｳ	31	男	3:05:56	0:33:40	237	0:12:51	374	1:23:01	219	2:09:32	224	0:04:00	329	0:52:24	230	215	M30-34	32	6
233	8085	中村 正美	ﾅｶﾑﾗ ﾏｻﾐ	36	女	3:06:02	0:39:55	66	0:11:13	27	1:24:54	20	2:16:02	28	0:03:44	32	0:46:16	7	18	F35-39	2	1
234	7011	甘粕 努	ｱﾏｶｽ ﾂﾄﾑ	48	男	3:06:04	0:29:18	106	0:11:26	230	1:26:38	308	2:07:22	192	0:02:54	128	0:55:48	316	216	M45-49	36	11
235	8171	吉野 信一	ﾖｼﾉ ｼﾝｲﾁ	57	男	3:06:14	0:37:28	403	0:10:53	189	1:22:18	207	2:10:39	249	0:02:44	106	0:52:51	242	217	M55-59	19	3
236	5169	樋口 駿太朗	ﾋｸﾞﾁ ｼｭﾝﾀﾛｳ	30	男	3:06:19	0:29:19	107	0:10:18	143	1:26:28	301	2:06:05	174	0:03:00	145	0:57:14	355	218	M30-34	33	8
237	7157	山口 圭二	ﾔﾏｸﾞﾁ ｹｲｼﾞ	56	男	3:06:20	0:38:46	449	0:13:24	420	1:19:55	140	2:12:05	276	0:04:29	389	0:49:46	173	219	M55-59	20	4
238	7010	竹林 照光	ﾀｹﾊﾞﾔｼ ﾃﾙﾐﾂ	48	男	3:06:23	0:34:12	262	0:09:54	112	1:24:09	252	2:08:15	211	0:05:01	452	0:53:07	249	220	M45-49	37	12
239	5139	蒔田 匠	ﾏｷﾀﾞ ﾀｸﾐ	29	男	3:06:38	0:34:57	291	0:11:29	239	1:24:28	257	2:10:54	253	0:02:59	141	0:52:45	240	221	M25-29	27	7
240	7035	ロブロ ニコラスタニスラス	ﾛﾌﾞﾛ ﾆｺﾗｽﾀﾆｽﾗｽ	49	男	3:06:40	0:34:55	289	0:09:41	96	1:24:31	259	2:09:07	222	0:03:05	170	0:54:28	289	222	M45-49	38	10
241	5114	上山 達也	ｶﾐﾔﾏ ﾀﾂﾔ	26	男	3:06:49	0:20:51	6	0:09:06	70	1:32:14	438	2:02:11	121	0:03:28	249	1:01:10	414	223	M25-29	28	9
242	8028	塚本 一三	ﾂｶﾓﾄ ｲﾁｿﾞｳ	63	男	3:06:58	0:37:02	385	0:12:19	322	1:27:45	334	2:17:06	340	0:05:23	481	0:44:29	47	224	M60-64	8	2
243	9040	内藤 秀治郎	ﾅｲﾄｳ ﾋﾃﾞｼﾞﾛｳ	57	男	3:07:05	0:37:06	389	0:10:11	134	1:24:16	254	2:11:33	269	0:03:25	240	0:52:07	221	225	M55-59	21	4
244	7060	佐藤 琢彦	ｻﾄｳ ﾀｸﾋｺ	51	男	3:07:19	0:34:06	259	0:11:40	258	1:29:06	367	2:14:52	315	0:03:37	275	0:48:50	151	226	M50-54	31	9
245	7198	宇山 直史	ｳﾔﾏ ﾅｵﾌﾐ	59	男	3:07:22	0:35:47	327	0:12:06	305	1:22:26	210	2:10:19	244	0:05:33	502	0:51:30	209	227	M55-59	22	4
246	5175	飯田 篤史	ｲｲﾀﾞ ｱﾂｼ	31	男	3:07:28	0:32:12	181	0:10:16	140	1:18:03	100	2:00:31	101	0:02:28	71	1:04:29	467	228	M30-34	34	7
247	7049	土井 達也	ﾄﾞｲ ﾀﾂﾔ	50	男	3:07:31	0:39:03	456	0:11:51	273	1:25:12	275	2:16:06	327	0:03:15	199	0:48:10	134	229	M50-54	32	4
248	7031	葛井 亮平	ｸｽﾞｲ ﾘｮｳﾍｲ	49	男	3:07:33	0:26:37	45	0:11:14	217	1:24:38	264	2:02:29	129	0:03:33	262	1:01:31	419	230	M45-49	39	11
249	9055	山田 直明	ﾔﾏﾀﾞ ﾅｵｱｷ	41	男	3:07:42	0:29:20	108	0:10:47	177	1:28:41	356	2:08:48	218	0:03:24	238	0:55:30	306	231	M40-44	24	4
250	5152	平岩 航太郎	ﾋﾗｲﾜ ｺｳﾀﾛｳ	29	男	3:08:19	0:39:27	463	0:10:45	175	1:30:06	391	2:20:18	389	0:02:11	42	0:45:50	71	232	M25-29	29	8
251	6051	辻野 智紀	ﾂｼﾞﾉ ﾄﾓｷ	35	男	3:08:33	0:31:13	153	0:11:41	261	1:26:20	299	2:09:14	223	0:03:34	266	0:55:45	315	233	M35-39	22	4
252	6112	丸井 真行	ﾏﾙｲ ﾏｲｸ	41	男	3:08:45	0:32:42	198	0:12:25	331	1:27:06	317	2:12:13	279	0:02:55	130	0:53:37	264	234	M40-44	25	5
253	8001	堀江 優之	ﾎﾘｴ ﾏｻｼ	60	男	3:08:51	0:26:27	42	0:10:37	163	1:24:56	271	2:02:00	115	0:02:28	71	1:04:23	465	235	M60-64	9	2
254	5183	力 令旺	ﾁｶﾗ ﾚｵ	31	男	3:08:52	0:39:53	477	0:10:21	145	1:21:56	194	2:12:10	278	0:02:43	102	0:53:59	272	236	M30-34	35	8
255	7167	三谷 岳人	ﾐﾀﾆ ﾀｹﾄ	57	男	3:08:56	0:36:07	348	0:11:43	264	1:21:13	177	2:09:03	221	0:03:16	204	0:56:37	339	237	M55-59	23	5
256	7083	黒澤 洋介	ｸﾛｻﾜ ﾖｳｽｹ	51	男	3:09:05	0:37:01	384	0:08:55	58	1:24:55	270	2:10:51	252	0:02:43	102	0:55:31	307	238	M50-54	33	10
257	6041	越智 総一郎	ｵﾁ ｿｳｲﾁﾛｳ	35	男	3:09:08	0:37:30	404	0:11:48	270	1:21:50	190	2:11:08	260	0:03:27	248	0:54:33	290	239	M35-39	23	5
258	5111	盛田 健斗	ﾓﾘﾀ ｹﾝﾄ	26	男	3:09:11	0:32:13	182	0:12:04	302	1:30:52	411	2:15:09	317	0:06:41	558	0:47:21	113	240	M25-29	30	10
259	8170	藤原 翔太	ﾌｼﾞﾜﾗ ｼｮｳﾀ	31	男	3:09:15	0:35:46	325	0:09:14	79	1:32:32	441	2:17:32	344	0:02:32	83	0:49:11	159	241	M30-34	36	9
260	6096	田邉 隆介	ﾀﾅﾍﾞ ﾘｭｳｽｹ	39	男	3:09:19	0:33:30	228	0:11:33	247	1:29:12	371	2:14:15	304	0:02:31	81	0:52:33	235	242	M35-39	24	8
261	8104	佐藤 咲子	ｻﾄｳ ｻｷｺ	48	女	3:09:24	0:41:45	70	0:09:18	16	1:21:14	11	2:12:17	21	0:02:15	8	0:54:52	33	19	F45-49	2	1
262	5107	三好 大晴	ﾐﾖｼ ﾀｲｾｲ	26	男	3:09:25	0:34:01	252	0:10:05	121	1:23:00	218	2:07:06	185	0:02:48	115	0:59:31	381	243	M25-29	31	11
263	8074	三好 友香	ﾐﾖｼ ﾕｶ	33	女	3:09:32	0:34:38	33	0:11:23	30	1:29:47	30	2:15:48	27	0:02:35	14	0:51:09	21	20	F30-34	3	2
264	7020	菊地 貞行	ｷｸﾁ ｻﾀﾞﾕｷ	48	男	3:09:53	0:37:21	395	0:11:43	264	1:21:52	192	2:10:56	255	0:04:44	424	0:54:13	281	244	M45-49	40	13
265	7122	中村 孔一	ﾅｶﾑﾗ ｺｳｲﾁ	53	男	3:09:56	0:27:27	59	0:14:28	487	1:28:31	352	2:10:26	246	0:05:34	503	0:53:56	271	245	M50-54	34	10
266	5020	中濱 誠司	ﾅｶﾊﾏ ｾｲｼﾞ	41	男	3:09:56	0:31:04	151	0:08:27	43	1:38:33	530	2:18:04	349	0:03:54	318	0:47:58	130	246	M40-44	26	6
267	5064	雨谷 陵太郎	ｱﾏｶﾞｲ ﾘｮｳﾀﾛｳ	19	男	3:09:57	0:32:03	174	0:12:12	308	1:22:59	217	2:07:14	188	0:04:04	337	0:58:39	372	247	M0-24	23	6
268	7042	根本内 鯛	ﾈﾓﾄｳﾁ ﾀｲ	49	男	3:10:02	0:31:41	168	0:10:58	198	1:19:54	139	2:02:33	130	0:03:53	316	1:03:36	446	248	M45-49	41	12
269	7085	眞野 薫	ﾏﾉ ｶｵﾙ	51	男	3:10:04	0:33:27	226	0:14:10	468	1:20:24	154	2:08:01	208	0:04:10	357	0:57:53	362	249	M50-54	35	11
270	5192	XIE JIALIANG	ｼｬ ｶﾘｮｳ	43	男	3:10:07	0:31:59	172	0:14:21	478	1:17:59	98	2:04:19	152	0:04:42	419	1:01:06	411	250	M40-44	27	8
271	5119	生方 颯汰	ｳﾌﾞｶﾀ ｿｳﾀ	27	男	3:10:10	0:28:27	85	0:11:18	220	1:30:46	403	2:10:31	247	0:03:40	280	0:55:59	318	251	M25-29	32	4
272	5068	渡邊 圭悟	ﾜﾀﾅﾍﾞ ｹｲｺﾞ	21	男	3:10:11	0:33:31	229	0:10:50	181	1:28:01	340	2:12:22	285	0:02:08	39	0:55:41	313	252	M0-24	24	3
273	5097	古賀 稜平	ｺｶﾞ ﾘｮｳﾍｲ	26	男	3:10:11	0:32:27	188	0:12:55	381	1:28:28	351	2:13:50	302	0:04:12	361	0:52:09	223	253	M25-29	33	12
274	6038	安藤 亮一	ｱﾝﾄﾞｳ ﾘｮｳｲﾁ	34	男	3:10:17	0:38:06	430	0:09:24	84	1:28:01	340	2:15:31	322	0:02:59	141	0:51:47	215	254	M30-34	37	4
275	6145	涌井 裕樹	ﾜｸｲ ﾕｳｷ	43	男	3:10:28	0:37:42	411	0:16:22	555	1:14:12	48	2:08:16	213	0:05:54	524	0:56:18	326	255	M40-44	28	9
276	5048	持丸 嘉昭	ﾓﾁﾏﾙ ﾖｼｱｷ	26	男	3:10:41	0:37:58	423	0:12:01	293	1:29:52	384	2:19:51	379	0:03:59	328	0:46:51	103	256	M25-29	34	13
277	7047	呂 玉杰	ﾛ ｷﾞｮｸｹﾂ	50	男	3:10:45	0:35:33	318	0:11:56	284	1:24:37	263	2:12:06	277	0:05:24	482	0:53:15	250	257	M50-54	36	5
278	8199	古田 周平	ﾌﾙﾀ ｼｭｳﾍｲ	52	男	3:10:50	0:36:50	379	0:12:20	323	1:24:34	262	2:13:44	300	0:05:01	452	0:52:05	220	258	M50-54	37	5
279	5127	西田 龍	ﾆｼﾀﾞ ﾘｭｳ	28	男	3:11:01	0:38:03	428	0:09:26	87	1:29:07	368	2:16:36	334	0:03:01	149	0:51:24	206	259	M25-29	35	4
280	5012	岩佐 周明	ｲﾜｻ ﾋﾛｱｷ	58	男	3:11:06	0:28:49	92	0:11:37	253	1:29:19	374	2:09:45	229	0:04:15	367	0:57:06	350	260	M55-59	24	5
281	5126	古川 航大	ﾌﾙｶﾜ ｺｳﾀﾞｲ	28	男	3:11:19	0:34:08	260	0:10:36	160	1:34:33	478	2:19:17	365	0:02:43	102	0:49:19	164	261	M25-29	36	5
282	8130	佐々木 祐実	ｻｻｷ ﾕﾐ	55	女	3:11:23	0:36:17	46	0:10:40	25	1:30:11	31	2:17:08	31	0:03:08	22	0:51:07	19	21	F55-59	2	1
283	8095	稲見 佳奈	ｲﾅﾐ ｶﾅ	43	女	3:11:30	0:33:04	27	0:13:17	52	1:25:34	21	2:11:55	19	0:05:50	71	0:53:45	29	22	F40-44	2	1
284	8040	村瀬 陽平	ﾑﾗｾ ﾖｳﾍｲ	65	男	3:11:42	0:35:24	311	0:13:03	391	1:23:53	244	2:12:20	284	0:03:21	223	0:56:01	320	262	M65+	2	1
285	6183	伊藤 隆文	ｲﾄｳ ﾀｶﾌﾐ	46	男	3:11:45	0:37:49	414	0:11:54	280	1:27:34	330	2:17:17	342	0:04:53	434	0:49:35	168	263	M45-49	42	7
286	5181	菊地 洸貴	ｷｸﾁ ｺｳｷ	31	男	3:11:48	0:24:44	29	0:10:46	176	1:26:38	308	2:02:08	120	0:03:10	182	1:06:30	495	264	M30-34	38	10
287	7034	榑林 圭介	ｸﾚﾊﾞﾔｼ ｹｲｽｹ	49	男	3:12:00	0:33:23	223	0:12:02	297	1:25:40	287	2:11:05	259	0:03:01	149	0:57:54	363	265	M45-49	43	13
288	9044	青木 実	ｱｵｷ ﾐﾉﾙ	24	男	3:12:04	0:30:23	133	0:12:21	326	1:31:00	412	2:13:44	301	0:06:12	533	0:52:08	222	266	M0-24	25	4
289	6029	先崎 裕二	ｾﾝｻﾞｷ ﾕｳｼﾞ	33	男	3:12:05	0:42:41	530	0:12:44	363	1:23:56	246	2:19:21	367	0:04:29	389	0:48:15	137	267	M30-34	39	7
290	8111	原 季実子	ﾊﾗ ｷﾐｺ	51	女	3:12:05	0:34:55	36	0:11:23	30	1:29:10	27	2:15:28	26	0:03:38	29	0:52:59	26	23	F50-54	2	1
291	8034	武田 豊三	ﾀｹﾀﾞ ﾄﾖﾐ	64	男	3:12:08	0:36:30	366	0:11:42	262	1:26:01	293	2:14:13	303	0:04:21	378	0:53:34	260	268	M60-64	10	1
292	5098	伊藤 俊輔	ｲﾄｳ ｼｭﾝｽｹ	26	男	3:12:10	0:33:33	231	0:11:26	230	1:29:48	379	2:14:47	313	0:05:24	482	0:51:59	218	269	M25-29	37	14
293	8069	大木 鮎	ｵｵｷ ｱﾕ	31	女	3:12:12	0:31:31	18	0:11:49	39	1:32:00	35	2:15:20	25	0:02:46	18	0:54:06	30	24	F30-34	4	1
294	7016	畑 英一郎	ﾊﾀ ｴｲｲﾁﾛｳ	48	男	3:12:21	0:38:36	446	0:12:38	349	1:20:15	150	2:11:29	267	0:03:11	189	0:57:41	360	270	M45-49	44	14
295	7124	石橋 秀規	ｲｼﾊﾞｼ ﾋﾃﾞｷ	54	男	3:12:25	0:38:21	440	0:13:27	425	1:23:22	227	2:15:10	318	0:03:39	278	0:53:36	263	271	M50-54	38	7
296	8014	広川 正彦	ﾋﾛｶﾜ ﾏｻﾋｺ	61	男	3:12:35	0:29:43	116	0:13:33	438	1:28:49	362	2:12:05	275	0:03:46	297	0:56:44	340	272	M60-64	11	3
297	9019	柏崎 一誠	ｶｼﾜｻﾞｷ ｲｯｾｲ	42	男	3:12:40	0:29:48	118	0:10:04	120	1:23:33	233	2:03:25	142	0:05:32	498	1:03:43	455	273	M40-44	29	4
298	7062	立沢 和宏	ﾀﾂｻﾞﾜ ｶｽﾞﾋﾛ	51	男	3:12:42	0:29:29	110	0:11:31	244	1:31:51	431	2:12:51	289	0:02:41	96	0:57:10	352	274	M50-54	39	12
299	6090	田口 雄太	ﾀｸﾞﾁ ﾕｳﾀ	38	男	3:12:48	0:35:50	330	0:12:48	369	1:30:49	408	2:19:27	370	0:03:16	204	0:50:05	180	275	M35-39	25	6
300	8019	今田 淳一	ｲﾏﾀﾞ ｼﾞｭﾝｲﾁ	61	男	3:12:50	0:36:09	350	0:14:23	482	1:19:31	129	2:10:03	240	0:04:29	389	0:58:18	367	276	M60-64	12	4
301	7126	丸山 慶太	ﾏﾙﾔﾏ ｹｲﾀ	54	男	3:12:53	0:34:15	264	0:13:22	417	1:23:22	227	2:10:59	256	0:04:43	422	0:57:11	354	277	M50-54	40	8
302	6078	和田 拓也	ﾜﾀﾞ ﾀｸﾔ	38	男	3:12:55	0:42:03	520	0:11:38	255	1:29:55	387	2:23:36	431	0:03:15	199	0:46:04	74	278	M35-39	26	7
303	7200	越川 慎一	ｺｼｶﾜ ｼﾝｲﾁ	59	男	3:13:00	0:36:47	376	0:10:12	135	1:28:01	340	2:15:00	316	0:02:20	58	0:55:40	311	279	M55-59	25	5
304	6103	吉田 一貴	ﾖｼﾀﾞ ｶｽﾞﾀｶ	39	男	3:13:07	0:39:04	458	0:12:18	318	1:27:07	318	2:18:29	359	0:06:31	550	0:48:07	132	280	M35-39	27	9
305	8120	府内 暁美	ﾌﾅｲ ｱｹﾐ	53	女	3:13:14	0:41:14	69	0:10:00	18	1:20:49	10	2:12:03	20	0:02:36	16	0:58:35	40	25	F50-54	3	1
306	5065	川原 太智	ｶﾜﾊﾗ ﾀｲﾁ	19	男	3:13:15	0:32:08	178	0:10:15	138	1:41:16	550	2:23:39	433	0:02:38	93	0:46:58	106	281	M0-24	26	7
307	5018	東 宏幸	ﾋｶﾞｼ ﾋﾛﾕｷ	59	男	3:13:18	0:28:10	77	0:12:01	293	1:28:05	343	2:08:16	212	0:04:01	332	1:01:01	410	282	M55-59	26	6
308	7064	山崎 満広	ﾔﾏｻﾞｷ ﾐﾂﾋﾛ	51	男	3:13:20	0:33:40	236	0:12:12	308	1:25:33	285	2:11:25	265	0:04:53	434	0:57:02	347	283	M50-54	41	13
309	5162	小池 朔太郎	ｺｲｹ ｻｸﾀﾛｳ	30	男	3:13:33	0:38:11	432	0:12:35	345	1:12:51	35	2:03:37	144	0:03:02	154	1:06:54	501	284	M30-34	40	9
310	6037	寒竹 真也	ｶﾝﾀｹ ｼﾝﾔ	34	男	3:13:33	0:37:58	422	0:10:36	160	1:24:54	268	2:13:28	299	0:03:30	254	0:56:35	336	285	M30-34	41	5
311	5143	田中 陸	ﾀﾅｶ ﾘｸ	29	男	3:13:46	0:46:03	570	0:10:50	181	1:23:31	232	2:20:24	390	0:03:28	249	0:49:54	174	286	M25-29	38	9
312	5022	後藤 智子	ｺﾞﾄｳ ﾄﾓｺ	32	女	3:13:52	0:24:10	2	0:11:15	28	1:34:49	42	2:10:14	17	0:03:21	25	1:00:17	47	26	F30-34	5	2
313	6138	大迫 明善	ｵｵｻｺ ｱｷﾖｼ	43	男	3:13:54	0:42:03	519	0:13:26	421	1:28:06	346	2:23:35	428	0:04:04	337	0:46:15	84	287	M40-44	30	10
314	6030	佐藤 亮	ｻﾄｳ ﾘｮｳ	34	男	3:13:56	0:35:52	333	0:10:53	189	1:26:37	307	2:13:22	297	0:03:41	283	0:56:53	344	288	M30-34	42	6
315	6018	布澤 隼司	ﾌｻﾞﾜ ｼｭﾝｼﾞ	33	男	3:14:00	0:36:02	344	0:12:52	375	1:23:59	247	2:12:53	291	0:04:10	357	0:56:57	346	289	M30-34	43	8
316	9053	石原 坦	ｲｼﾊﾗ ﾋﾛｼ	51	男	3:14:01	0:34:06	258	0:12:28	334	1:33:11	454	2:19:45	377	0:04:08	352	0:50:08	181	290	M50-54	42	14
317	6023	上四元 優也	ｶﾐﾖﾂﾓﾄ ﾕｳﾔ	33	男	3:14:04	0:38:06	431	0:11:34	248	1:22:38	212	2:12:18	282	0:03:09	178	0:58:37	371	291	M30-34	44	9
318	7134	千葉 俊之	ﾁﾊﾞ ﾄｼﾕｷ	54	男	3:14:05	0:35:16	303	0:13:11	401	1:21:30	186	2:09:57	237	0:05:37	505	0:58:31	370	292	M50-54	43	9
319	6048	大曽根 友樹	ｵｵｿﾈ ﾄﾓｷ	35	男	3:14:06	0:41:13	502	0:10:12	135	1:23:48	241	2:15:13	319	0:06:33	552	0:52:20	227	293	M35-39	28	6
320	6015	大島 隆裕	ｵｵｼﾏ ﾀｶﾋﾛ	33	男	3:14:16	0:35:34	319	0:12:03	298	1:28:46	359	2:16:23	329	0:02:28	71	0:55:25	303	294	M30-34	45	10
321	6177	砂山 志郎	ｽﾅﾔﾏ ｼﾛｳ	46	男	3:14:17	0:35:27	314	0:10:50	181	1:25:15	277	2:11:32	268	0:04:36	408	0:58:09	364	295	M45-49	45	8
322	7017	佐々木 学	ｻｻｷ ﾏﾅﾌﾞ	48	男	3:14:26	0:35:32	317	0:10:50	181	1:32:03	436	2:18:25	357	0:03:03	159	0:52:58	246	296	M45-49	46	15
323	9042	加茂 裕子	ｶﾓ ﾕｳｺ	47	女	3:14:37	0:36:59	49	0:13:18	53	1:24:18	17	2:14:35	24	0:06:30	73	0:53:32	28	27	F45-49	3	1
324	6147	河野 悠	ｺｳﾉ ﾕｳ	43	男	3:14:53	0:35:12	301	0:10:33	157	1:25:01	272	2:10:46	250	0:04:32	401	0:59:35	382	297	M40-44	31	11
325	6166	柴田 有史	ｼﾊﾞﾀ ｱﾘﾌﾐ	45	男	3:15:04	0:33:46	242	0:13:32	435	1:23:36	236	2:10:54	254	0:03:21	223	1:00:49	407	298	M45-49	47	7
326	6079	加納 宏明	ｶﾉｳ ﾋﾛｱｷ	38	男	3:15:07	0:36:26	364	0:15:34	538	1:32:53	449	2:24:53	451	0:04:53	434	0:45:21	63	299	M35-39	29	8
327	7130	板倉 大輔	ｲﾀｸﾗ ﾀﾞｲｽｹ	54	男	3:15:26	0:34:17	267	0:14:29	489	1:23:03	220	2:11:49	272	0:04:16	372	0:59:21	377	300	M50-54	44	10
328	6164	高野 義記	ﾀｶﾉ ﾖｼﾉﾘ	44	男	3:15:34	0:33:32	230	0:12:17	316	1:31:29	424	2:17:18	343	0:03:56	323	0:54:20	284	301	M40-44	32	6
329	6019	小池 悠輔	ｺｲｹ ﾕｳｽｹ	33	男	3:15:37	0:32:35	193	0:14:52	504	1:30:46	403	2:18:13	351	0:03:13	193	0:54:11	278	302	M30-34	46	11
330	7158	瀬古澤 直人	ｾｺｻﾞﾜ ﾅｵﾋﾄ	56	男	3:15:45	0:26:49	50	0:10:55	193	1:20:46	162	1:58:30	84	0:03:25	240	1:13:50	556	303	M55-59	27	5
331	9036	小林 ｼｭﾝｽｹ	ｺﾊﾞﾔｼ ｼｭﾝｽｹ	60	男	3:15:51	0:35:24	310	0:09:41	96	1:22:47	215	2:07:52	207	0:04:13	363	1:03:46	457	304	M60-64	13	3
332	7106	秋本 洋	ｱｷﾓﾄ ﾖｳ	53	男	3:15:51	0:36:00	343	0:13:23	419	1:29:38	377	2:19:01	363	0:03:21	223	0:53:29	258	305	M50-54	45	11
333	5145	横倉 幹大	ﾖｺｸﾗ ﾐｷﾋﾛ	29	男	3:15:52	0:36:24	361		0		0		0		0	0:47:57	129	306	M25-29	39	10
334	8097	下倉 美穂	ｼﾓｸﾗ ﾐﾎ	44	女	3:15:53	0:34:52	35	0:13:00	49	1:33:27	39	2:21:19	36	0:04:09	42	0:50:25	17	28	F40-44	3	1
335	8003	真鍋 和哉	ﾏﾅﾍﾞ ｶｽﾞﾔ	60	男	3:15:55	0:35:51	331	0:12:17	316	1:20:23	153	2:08:31	215	0:05:08	463	1:02:16	431	307	M60-64	14	4
336	9032	石川 哲史	ｲｼｶﾜ ｻﾄｼ	59	男	3:16:07	0:36:55	382	0:14:58	510	1:30:09	394	2:22:02	406	0:05:03	456	0:49:02	156	308	M55-59	28	7
337	9006	ｷｬﾊﾟｰ ﾏｲｹﾙ	ｷｬﾊﾟｰ ﾏｲｹﾙ	27	男	3:16:08	0:26:54	53	0:11:36	251	1:35:48	495	2:14:18	307	0:06:43	559	0:55:07	300	309	M25-29	40	5
338	8128	村上 ゆう子	ﾑﾗｶﾐ ﾕｳｺ	55	女	3:16:12	0:36:10	44	0:11:35	35	1:32:16	36	2:20:01	35	0:05:19	64	0:50:52	18	29	F55-59	3	2
339	7189	中林 朋広	ﾅｶﾊﾞﾔｼ ﾄﾓﾋﾛ	59	男	3:16:13	0:47:53	588	0:12:18	318	1:16:15	69	2:16:26	330	0:05:39	508	0:54:08	276	310	M55-59	29	8
340	7107	永田 光一	ﾅｶﾞﾀ ｺｳｲﾁ	53	男	3:16:21	0:38:21	438	0:15:01	512	1:26:34	306	2:19:56	383	0:03:49	303	0:52:36	237	311	M50-54	46	12
341	6137	河本 茂樹	ｶﾜﾓﾄ ｼｹﾞｷ	43	男	3:16:22	0:39:54	478	0:10:25	149	1:31:17	418	2:21:36	402	0:04:27	387	0:50:19	185	312	M40-44	33	12
342	6192	浦 慶介	ｳﾗ ｹｲｽｹ	47	男	3:16:24	0:34:21	268	0:12:14	312	1:26:30	304	2:13:05	294	0:03:24	238	0:59:55	390	313	M45-49	48	5
343	7002	山西 裕	ﾔﾏﾆｼ ﾕﾀｶ	47	男	3:16:29	0:34:37	274	0:11:35	250	1:21:20	183	2:07:32	199	0:03:55	320	1:05:02	472	314	M45-49	49	6
344	6022	小田 武春	ｵﾀﾞ ﾀｹﾊﾙ	33	男	3:16:42	0:48:02	592	0:16:04	546	1:19:29	128	2:23:35	430	0:04:38	411	0:48:29	145	315	M30-34	47	12
345	7188	今若 恒幸	ｲﾏﾜｶ ﾂﾈﾕｷ	58	男	3:16:43	0:32:11	180	0:14:00	459	1:23:47	240	2:09:58	238	0:06:14	534	1:00:31	400	316	M55-59	30	6
346	8125	尾崎 理恵	ｵｻﾞｷ ﾘｴ	54	女	3:16:45	0:36:00	40	0:10:18	22	1:24:35	19	2:10:53	18	0:04:01	39	1:01:51	55	30	F50-54	4	1
347	8027	網井 雅昭	ｱﾐｲ ﾏｻｱｷ	62	男	3:16:48	0:39:27	464	0:12:39	352	1:30:08	393	2:22:14	408	0:03:46	297	0:50:48	193	317	M60-64	15	4
348	7018	柴垣 勇己	ｼﾊﾞｶﾞｷ ﾕｳｷ	48	男	3:16:58	0:35:46	326	0:13:16	407	1:27:53	338	2:16:55	336	0:04:04	337	0:55:59	318	318	M45-49	50	16
349	6159	飯島 寛己	ｲｲｼﾞﾏ ﾋﾛｷ	44	男	3:17:04	0:34:33	270	0:13:05	393	1:28:54	364	2:16:32	332	0:04:57	440	0:55:35	309	319	M40-44	34	7
350	7174	北 雅友	ｷﾀ ﾏｻﾕｷ	57	男	3:17:19	0:42:11	525	0:15:22	527	1:15:45	63	2:13:18	295	0:07:40	575	0:56:21	329	320	M55-59	31	6
351	9013	佐坂 真一	ｻｻｶ ｼﾝｲﾁ	51	男	3:17:27	0:35:18	304	0:11:27	236	1:20:52	163	2:07:37	202	0:06:38	557	1:03:12	438	321	M50-54	47	15
352	8053	伊藤 遥薫	ｲﾄｳ ﾊﾙｶ	24	女	3:17:32	0:34:49	34	0:10:19	23	1:30:59	32	2:16:07	29	0:04:11	43	0:57:14	37	31	F0-24	5	2
353	7152	大島 宗平	ｵｵｼﾏ ｼｭｳﾍｲ	55	男	3:17:45	0:27:02	56	0:10:53	189	1:34:57	488	2:12:52	290	0:03:08	175	1:01:45	424	322	M55-59	32	7
354	6004	佐藤 大義	ｻﾄｳ ﾀｲｷﾞ	32	男	3:17:51	0:33:39	235		0		0		0		0	1:02:03	429	323	M30-34	48	11
355	8071	渡辺 真梨奈	ﾜﾀﾅﾍﾞ ﾏﾘﾅ	31	女	3:17:52	0:45:33	82	0:12:44	45	1:29:29	29	2:27:46	54	0:03:47	33	0:46:19	8	32	F30-34	6	2
356	6123	広根 大資	ﾋﾛﾈ ﾀﾞｲｽｹ	42	男	3:17:54	0:34:38	277	0:12:53	377	1:29:01	366	2:16:32	333	0:03:50	308	0:57:32	357	324	M40-44	35	5
357	6077	原田 宗明	ﾊﾗﾀﾞ ﾋﾛｱｷ	37	男	3:17:57	0:50:36	603	0:11:57	286	1:27:14	321	2:29:47	497	0:03:44	291	0:44:26	46	325	M35-39	30	5
358	6060	片野 一磨	ｶﾀﾉ ｶｽﾞﾏ	36	男	3:17:59	0:31:00	146	0:11:42	262	1:40:18	545	2:23:00	416	0:02:36	91	0:52:23	228	326	M35-39	31	3
359	5088	山川 優也	ﾔﾏｶﾜ ﾕｳﾔ	25	男	3:18:03	0:35:11	300	0:10:06	126	1:39:02	536	2:24:19	442	0:02:05	33	0:51:39	214	327	M25-29	41	7
360	6017	加藤 勝洋	ｶﾄｳ ｶﾂﾋﾛ	33	男	3:18:03	0:32:43	201	0:13:37	441	1:33:43	463	2:20:03	385	0:04:14	364	0:53:46	267	328	M30-34	49	13
361	6010	遠藤 慧	ｴﾝﾄﾞｳ ｹｲ	32	男	3:18:06	0:44:04	545	0:14:09	467	1:21:08	173	2:19:21	368	0:04:33	405	0:54:12	279	329	M30-34	50	12
362	8159	河田 祐希	ｶﾜﾀ ﾕｳｷ	41	男	3:18:09	0:33:17	220	0:14:34	490	1:30:05	390	2:17:56	347	0:04:53	434	0:55:20	302	330	M40-44	36	7
363	5172	道上 雅大	ﾐﾁｶﾞﾐ ﾏｻﾋﾛ	31	男	3:18:11	0:30:53	142	0:12:42	358	1:34:51	482	2:18:26	358	0:03:10	182	0:56:35	336	331	M30-34	51	11
364	6055	又川 和樹	ﾏﾀｶﾞﾜ ｶｽﾞｷ	36	男	3:18:14	0:41:26	508	0:12:01	293	1:27:18	324	2:20:45	395	0:02:47	111	0:54:42	293	332	M35-39	32	4
365	7001	佐々木 智哉	ｻｻｷ ﾄﾓﾔ	47	男	3:18:16	0:38:35	445	0:12:46	366	1:26:28	301	2:17:49	346	0:05:13	469	0:55:14	301	333	M45-49	51	7
366	7058	鈴木 澄人	ｽｽﾞｷ ｽﾐﾄ	51	男	3:18:30	0:36:24	360	0:10:56	197	1:20:31	157	2:07:51	206	0:03:02	154	1:07:37	508	334	M50-54	48	16
367	6084	神宿 正旭	ｶﾐﾔﾄﾞ ﾏｻｱｷ	38	男	3:18:45	0:34:50	287	0:10:54	192	1:28:34	354	2:14:18	308	0:04:31	398	0:59:56	391	335	M35-39	33	9
368	5177	松元 大輝	ﾏﾂﾓﾄ ﾋﾛｷ	31	男	3:18:50	0:30:47	141	0:13:17	411	1:29:16	373	2:13:20	296	0:05:31	496	0:59:59	392	336	M30-34	52	12
369	6049	佐藤 俊介	ｻﾄｳ ｼｭﾝｽｹ	35	男	3:19:15	0:33:29	227	0:15:23	529	1:38:01	527	2:26:53	472	0:05:29	493	0:46:53	104	337	M35-39	34	7
370	9052	森 拓人	ﾓﾘ ﾀｸﾄ	29	男	3:19:16	0:47:15	583	0:10:05	121	1:26:57	315	2:24:17	441	0:03:33	262	0:51:26	207	338	M25-29	42	11
371	9039	渡瀬 亮平	ﾜﾀｾ ﾘｮｳﾍｲ	45	男	3:19:19	0:34:04	254	0:12:15	313	1:29:48	379	2:16:07	328	0:03:18	212	0:59:54	388	339	M45-49	52	8
372	8167	日比野 祐哉	ﾋﾋﾞﾉ ﾕｳﾔ	29	男	3:19:25	0:34:37	275	0:12:50	371	1:33:11	454	2:20:38	394	0:06:02	528	0:52:45	240	340	M25-29	43	12
373	6175	佐藤 幸太	ｻﾄｳ ｺｳﾀ	45	男	3:19:27	0:31:26	162	0:12:56	382	1:34:03	470	2:18:25	355	0:04:27	387	0:56:35	336	341	M45-49	53	9
374	7075	金長 則之	ｷﾝﾁｮｳ ﾉﾘﾕｷ	51	男	3:19:30	0:30:17	131	0:13:30	429	1:26:13	296	2:10:00	239	0:03:22	234	1:06:08	489	342	M50-54	49	17
375	6059	熊谷 健太朗	ｸﾏｶﾞｲ ｹﾝﾀﾛｳ	36	男	3:19:32	0:28:51	93	0:11:58	288	1:34:39	480	2:15:28	321	0:02:45	107	1:01:19	417	343	M35-39	35	5
376	7172	吉田 昌弘	ﾖｼﾀﾞ ﾏｻﾋﾛ	57	男	3:19:36	0:39:47	473	0:13:26	421	1:27:20	325	2:20:33	393	0:05:11	466	0:53:52	268	344	M55-59	33	7
377	8024	ペクター ケネス	ﾍﾟｸﾀｰ ｹﾈｽ	62	男	3:19:42	0:34:37	276	0:15:21	525	1:29:08	369	2:19:06	364	0:07:35	572	0:53:01	248	345	M60-64	16	5
378	8067	風間 南実	ｶｻﾞﾏ ﾐﾅﾐ	30	女	3:19:44	0:32:25	23	0:14:38	68	1:29:08	26	2:16:11	30	0:03:10	24	1:00:23	48	33	F30-34	7	1
379	8179	溝渕 学	ﾐｿﾞﾌﾞﾁ ﾏﾅﾌﾞ	38	男	3:19:46	0:38:18	436	0:13:42	447	1:24:03	249	2:16:03	326	0:06:37	556	0:57:06	350	346	M35-39	36	10
380	6064	亀谷 晃希	ｶﾒﾀﾆ ｺｳｷ	36	男	3:19:47	0:47:24	585	0:11:48	270	1:19:08	123	2:18:20	354	0:04:34	407	0:56:53	344	347	M35-39	37	6
381	7146	坂入 美可雄	ｻｶｲﾘ ﾐｶｵ	55	男	3:19:47	0:28:02	71	0:12:32	341	1:26:52	314	2:07:26	197	0:04:07	348	1:08:14	515	348	M55-59	34	8
382	9018	島田 一輝	ｼﾏﾀﾞ ｶｽﾞｷ	20	男	3:19:48	0:42:11	523	0:13:08	397	1:36:47	511	2:32:06	519	0:04:08	352	0:43:34	38	349	M0-24	27	7
383	5155	河部 丈司	ｶﾜﾍﾞ ｼﾞｮｳｼﾞ	29	男	3:19:58	0:40:15	484	0:15:26	530	1:22:36	211	2:18:17	353	0:04:19	376	0:57:22	356	350	M25-29	44	13
384	7102	細野 和杉	ﾎｿﾉ ｶｽﾞｽｷﾞ	53	男	3:20:16	0:56:37	618	0:11:04	203	1:18:35	110	2:26:16	463	0:05:40	510	0:48:20	140	351	M50-54	50	13
385	8172	義田 陽菜子	ﾖｼﾀﾞ ﾋﾅｺ	31	女	3:20:19	0:38:30	61	0:11:53	40	1:24:03	16	2:14:26	23	0:04:43	56	1:01:10	52	34	F30-34	8	3
386	6160	伊藤 尚浩	ｲﾄｳ ﾅｵﾋﾛ	44	男	3:20:27	0:35:44	324	0:12:38	349	1:24:33	260	2:12:55	292	0:04:10	357	1:03:22	440	352	M40-44	37	8
387	9029	周防 和彦	ｽｵｳ ｶｽﾞﾋｺ	52	男	3:20:31	0:25:35	34	0:12:28	334	1:24:02	248	2:02:05	118	0:03:01	149	1:15:25	564	353	M50-54	51	6
388	7043	平生 純一郎	ﾋﾗｵ ｼﾞｭﾝｲﾁﾛｳ	49	男	3:20:35	0:34:37	273	0:12:52	375	1:22:19	208	2:09:48	231	0:03:50	308	1:06:57	502	354	M45-49	54	14
389	5200	山崎 亮	ﾔﾏｻﾞｷ ﾘｮｳ	42	男	3:20:35	0:27:33	61	0:13:56	456	1:30:45	402	2:12:14	280	0:03:48	301	1:04:33	468	355	M40-44	38	6
390	6002	播谷 泰紀	ﾊﾘﾔ ﾀｲｷ	32	男	3:20:38	0:35:54	334	0:12:20	323	1:22:19	208	2:10:33	248	0:03:49	303	1:06:16	491	356	M30-34	53	13
391	5141	佐藤 修作	ｻﾄｳ ｼｭｳｻｸ	29	男	3:20:39	0:38:22	441	0:10:30	154	1:35:18	490	2:24:10	439	0:03:52	315	0:52:37	238	357	M25-29	45	14
392	7139	藤本 善樹	ﾌｼﾞﾓﾄ ﾖｼｷ	54	男	3:20:46	0:40:34	493	0:12:44	363	1:31:59	435	2:25:17	455	0:03:02	154	0:52:27	233	358	M50-54	52	11
393	6153	内山 誓一郎	ｳﾁﾔﾏ ｾｲｲﾁﾛｳ	43	男	3:20:51	0:31:23	158	0:13:04	392	1:23:34	234	2:08:01	209	0:02:53	125	1:09:57	533	359	M40-44	39	13
394	8105	松下 麻紗子	ﾏﾂｼﾀ ﾏｻｺ	48	女	3:20:57	0:34:19	29	0:12:57	48	1:36:11	44	2:23:27	41	0:05:33	67	0:51:57	22	35	F45-49	4	2
395	6075	登坂 貴幸	ﾄｻｶ ﾀｶﾕｷ	37	男	3:21:12	0:35:44	323	0:11:26	230	1:24:23	255	2:11:33	270	0:03:17	208	1:06:22	492	360	M35-39	38	6
396	8168	加藤 悠馬	ｶﾄｳ ﾕｳﾏ	33	男	3:21:13	0:33:10	217	0:11:54	280	1:33:02	452	2:18:06	350	0:03:54	318	0:59:13	376	361	M30-34	54	14
397	5160	林 航太朗	ﾊﾔｼ ｺｳﾀﾛｳ	30	男	3:21:13	0:30:33	138	0:15:20	524	1:34:03	470	2:19:56	382	0:03:37	275	0:57:40	359	362	M30-34	55	10
398	5124	千葉 洋祐	ﾁﾊﾞ ﾖｳｽｹ	27	男	3:21:21	0:38:49	452	0:15:18	522	1:25:29	282	2:19:36	373	0:04:59	448	0:56:46	341	363	M25-29	46	6
399	5128	金田 瑞生	ｶﾈﾀ ﾐｽﾞｷ	28	男	3:21:27	0:36:14	354	0:17:28	575	1:36:20	503	2:30:02	500	0:04:41	417	0:46:44	99	364	M25-29	47	6
400	6154	細田 淑樹	ﾎｿﾀﾞ ﾖｼｷ	43	男	3:21:41	0:36:55	383	0:13:02	390	1:29:56	388	2:19:53	380	0:05:00	451	0:56:48	343	365	M40-44	40	14
401	9062	山田 真平	ﾔﾏﾀﾞ ｼﾝﾍﾟｲ	42	男	3:21:44	0:35:05	295	0:13:06	395	1:41:06	548	2:29:17	488	0:04:14	364	0:48:13	136	366	M40-44	41	7
402	6042	中谷 隼	ﾅｶﾀﾆ ｼｭﾝ	35	男	3:21:50	0:38:28	442	0:13:31	431	1:26:03	294	2:18:02	348	0:03:00	145	1:00:48	406	367	M35-39	39	8
403	7140	Yoshihara Kevin	ﾖｼﾊﾗ ｹﾋﾞﾝ	54	男	3:22:02	0:30:00	126	0:12:47	367	1:26:51	313	2:09:38	227	0:04:58	443	1:07:26	505	368	M50-54	53	12
404	8032	加野 浩之	ｶﾉ ﾋﾛﾕｷ	64	男	3:22:06	0:37:28	402	0:11:07	205	1:27:28	329	2:16:03	325	0:03:20	220	1:02:43	432	369	M60-64	17	2
405	7105	石崎 晴巨	ｲｼｻﾞｷ ﾊﾙｵ	53	男	3:22:11	0:35:59	342	0:13:07	396	1:34:35	479	2:23:41	434	0:03:34	266	0:54:56	298	370	M50-54	54	14
406	5106	藤本 晃基	ﾌｼﾞﾓﾄ ｺｳｷ	26	男	3:22:21	0:45:09	557	0:15:04	516	1:20:04	146	2:20:17	387	0:04:59	448	0:57:05	349	371	M25-29	48	15
407	7074	重田 貴司	ｼｹﾞﾀ ﾀｶｼ	51	男	3:22:22	0:32:16	184	0:12:16	315	1:45:25	575	2:29:57	499	0:05:21	479	0:47:04	108	372	M50-54	55	18
408	7046	遠藤 尚	ｴﾝﾄﾞｳ ｼｮｳ	50	男	3:22:24	0:40:29	492	0:10:09	130	1:27:51	337	2:18:29	360	0:03:33	262	1:00:22	397	373	M50-54	56	6
409	5142	小林 竜樹	ｺﾊﾞﾔｼ ﾘｭｳｷ	29	男	3:22:29	0:30:22	132		0		0		0		0		0	374	M25-29	49	15
410	7013	蓮田 朋大	ﾊｽﾀﾞ ﾄﾓﾋﾛ	48	男	3:22:30	0:39:34	468	0:12:23	328	1:31:02	416	2:22:59	414	0:03:28	249	0:56:03	321	375	M45-49	55	17
411	6005	村上 悟	ﾑﾗｶﾐ ｻﾄﾙ	32	男	3:22:32	0:31:29	164	0:10:52	187	1:27:15	323	2:09:36	226	0:04:42	419	1:08:14	515	376	M30-34	56	14
412	5092	柘野 翔大	ﾂｹﾞﾉ ｼｮｳﾀﾞｲ	25	男	3:22:35	0:45:23	562	0:13:47	449	1:28:19	349	2:27:29	476	0:04:05	343	0:51:01	198	377	M25-29	50	8
413	6163	山本 将之	ﾔﾏﾓﾄ ﾏｻﾕｷ	44	男	3:22:35	0:41:33	510	0:12:36	347	1:28:56	365	2:23:05	419	0:04:04	337	0:55:26	305	378	M40-44	42	9
414	6140	石川 毅	ｲｼｶﾜ ﾀｹｼ	43	男	3:22:43	0:41:32	509	0:14:04	463	1:28:46	359	2:24:22	444	0:05:24	482	0:52:57	244	379	M40-44	43	15
415	7092	雨宮 幸弘	ｱﾒﾐﾔ ﾕｷﾋﾛ	52	男	3:22:44	0:29:58	124	0:12:03	298	1:21:17	181	2:03:18	140	0:03:31	258	1:15:55	565	380	M50-54	57	7
416	5080	田渕 健太朗	ﾀﾌﾞﾁ ｹﾝﾀﾛｳ	25	男	3:22:56	0:42:43	532	0:11:09	209	1:31:18	419	2:25:10	453	0:04:01	332	0:53:45	266	381	M25-29	51	9
417	8110	鈴木 ゆかり	ｽｽﾞｷ ﾕｶﾘ	51	女	3:23:00	0:38:42	63	0:11:32	34	1:33:14	37	2:23:28	42	0:04:52	58	0:54:40	31	36	F50-54	5	2
418	6151	梅津 祐希	ｳﾒﾂ ﾕｳｷ	43	男	3:23:13	0:43:03	536	0:17:23	574	1:12:59	36	2:13:25	298	0:06:06	530	1:03:42	454	382	M40-44	44	16
419	8127	濱野 かおり	ﾊﾏﾉ ｶｵﾘ	54	女	3:23:30	0:42:23	75	0:11:38	36	1:23:20	13	2:17:21	32	0:04:14	44	1:01:55	56	37	F50-54	6	2
420	8056	望月 里彩	ﾓﾁﾂﾞｷ ﾘｻ	25	女	3:23:35	0:47:10	83	0:12:32	43	1:31:50	33	2:31:32	57	0:02:47	19	0:49:16	13	38	F25-29	7	2
421	8057	小柳 舞夏	ｺﾔﾅｷﾞ ﾏｲｶ	26	女	3:23:52	0:40:57	68	0:10:00	18	1:38:01	51	2:28:58	55	0:02:40	17	0:52:14	24	39	F25-29	8	1
422	7098	青木 佳史	ｱｵｷ ﾖｼﾌﾐ	52	男	3:23:55	0:40:27	489	0:14:18	476	1:17:17	85	2:12:02	274	0:04:26	385	1:07:27	506	383	M50-54	58	8
423	9031	若林 英紀	ﾜｶﾊﾞﾔｼ ﾋﾃﾞﾉﾘ	49	男	3:24:04	0:30:31	137	0:12:23	328	1:31:56	434	2:14:50	314	0:03:21	223	1:05:53	483	384	M45-49	56	15
424	7009	浅海 敬介	ｱｻﾐ ｹｲｽｹ	48	男	3:24:05	0:35:20	306	0:15:48	544	1:39:14	538	2:30:22	503	0:03:45	295	0:49:58	176	385	M45-49	57	18
425	5187	三浦 尚	ﾐｳﾗ ﾀｶｼ	32	男	3:24:06	0:48:17	595	0:14:46	495	1:25:40	287	2:28:43	481	0:03:57	325	0:51:26	207	386	M30-34	57	15
426	5009	松尾 慎太郎	ﾏﾂｵ ｼﾝﾀﾛｳ	34	男	3:24:11	0:26:45	47	0:12:26	332	1:40:12	544	2:19:23	369	0:03:41	283	1:01:07	412	387	M30-34	58	7
427	6127	楠木 崇嗣	ｸｽﾉｷ ﾀｶｼ	42	男	3:24:24	0:37:34	405	0:11:16	219	1:31:42	427	2:20:32	391	0:03:25	240	1:00:27	399	388	M40-44	45	8
428	5144	長谷川 有	ﾊｾｶﾞﾜ ﾀﾓﾂ	29	男	3:24:34	0:35:21	309	0:11:28	238	1:33:20	456	2:20:09	386	0:04:47	425	0:59:38	383	389	M25-29	52	16
429	5199	二階堂 和也	ﾆｶｲﾄﾞｳ ｶｽﾞﾔ	47	男	3:24:47	0:35:00	292	0:11:20	224	1:33:43	463	2:20:03	384	0:04:50	428	0:59:54	388	390	M45-49	58	8
430	8180	大森 潤	ｵｵﾓﾘ ｼﾞｭﾝ	58	男	3:25:02	0:37:22	396	0:12:33	344	1:20:56	168	2:10:51	251	0:04:09	355	1:10:02	535	391	M55-59	35	7
431	6178	岡本 憲征	ｵｶﾓﾄ ﾉﾘﾕｷ	46	男	3:25:07	0:35:52	332	0:11:43	264	1:23:51	242	2:11:26	266	0:04:00	329	1:09:41	528	392	M45-49	59	9
432	7143	長山 成行	ﾅｶﾞﾔﾏ ﾅﾙﾕｷ	55	男	3:25:08	0:32:32	191	0:12:30	340	1:27:36	331	2:12:38	288	0:04:55	438	1:07:35	507	393	M55-59	36	9
433	7150	大塚 五郎右エ門	ｵｵﾂｶ ｺﾞﾛｳｴﾓﾝ	55	男	3:25:11	0:34:06	257	0:17:22	573	1:25:31	284	2:16:59	337	0:04:38	411	1:03:34	443	394	M55-59	37	10
434	8037	金子 道浩	ｶﾈｺ ﾐﾁﾋﾛ	64	男	3:25:18	0:36:36	369	0:15:05	517	1:31:28	421	2:23:09	421	0:03:41	283	0:58:28	369	395	M60-64	18	3
435	7116	加藤 肇	ｶﾄｳ ﾊｼﾞﾒ	53	男	3:25:28	0:33:08	215	0:12:53	377	1:25:14	276	2:11:15	262	0:04:12	361	1:10:01	534	396	M50-54	59	15
436	8107	鷹橋 梢	ﾀｶﾊｼ ｺｽﾞｴ	49	女	3:25:34	0:27:13	10	0:11:04	26	1:43:43	68	2:22:00	38	0:04:30	50	0:59:04	43	40	F45-49	5	1
437	6082	太田 康裕	ｵｵﾀ ﾔｽﾋﾛ	38	男	3:25:37	0:37:51	416	0:15:46	543	1:24:54	268	2:18:31	361	0:03:26	244	1:03:40	453	397	M35-39	40	11
438	7084	福田 崇之	ﾌｸﾀﾞ ﾀｶﾕｷ	51	男	3:25:45	0:36:12	352	0:13:45	448	1:34:46	481	2:24:43	448	0:06:08	532	0:54:54	296	398	M50-54	60	19
439	5161	諸星 敬史	ﾓﾛﾎｼ ｱﾂｼ	30	男	3:25:47	0:41:00	501	0:16:50	565	1:19:00	119	2:16:50	335	0:05:54	524	1:03:03	436	399	M30-34	59	11
440	7050	伊藤 忠	ｲﾄｳ ﾀﾀﾞｼ	50	男	3:25:48	0:44:28	546	0:15:32	533	1:31:00	412	2:31:00	509	0:05:38	507	0:49:10	158	400	M50-54	61	7
441	8196	額田 蓮	ﾇｶﾀﾞ ﾚﾝ	26	男	3:25:50	0:33:59	250	0:12:00	291	1:33:30	459	2:19:29	371	0:04:15	367	1:02:06	430	401	M25-29	53	16
442	5149	長谷部 友樹	ﾊｾﾍﾞ ﾄﾓｷ	29	男	3:25:54	0:37:49	413	0:15:22	527	1:33:38	461	2:26:49	470	0:04:19	376	0:54:46	295	402	M25-29	54	17
443	8182	田村 一央	ﾀﾑﾗ ｶｽﾞﾁｶ	55	男	3:26:19	0:32:40	196	0:15:33	536	1:38:37	531	2:26:50	471	0:03:09	178	0:56:20	328	403	M55-59	38	11
444	8164	福地 亮介	ﾌｸﾁ ﾘｮｳｽｹ	30	男	3:26:20	0:38:35	444	0:14:53	506	1:30:51	409	2:24:19	443	0:04:51	431	0:57:10	352	404	M30-34	60	12
445	7094	吉見 哲朗	ﾖｼﾐ ﾃﾂﾛｳ	52	男	3:26:29	0:34:38	278	0:14:46	495	1:27:40	333	2:17:04	338	0:06:29	547	1:02:56	434	405	M50-54	62	9
446	8089	野口 美甫	ﾉｸﾞﾁ ﾐﾎ	41	女	3:26:29	0:36:22	47	0:11:18	29	1:34:12	41	2:21:52	37	0:04:02	40	1:00:35	49	41	F40-44	4	1
447	5089	イグスチラナンアリ スダナ	ｲｸﾞｽﾁﾗﾅﾝｱﾘﾂﾘｽﾈ ｽﾀﾞﾅ	25	男	3:26:36	0:40:27	488	0:13:17	411	1:30:51	409	2:24:35	445	0:03:16	204	0:58:45	373	406	M25-29	55	10
448	6172	梅澤 研介	ｳﾒｻﾞﾜ ｹﾝｽｹ	45	男	3:26:38	0:38:48	451	0:12:03	298	1:38:17	529	2:29:08	485	0:03:55	320	0:53:35	262	407	M45-49	60	10
449	7193	矢野 大輔	ﾔﾉ ﾀﾞｲｽｹ	59	男	3:26:39	0:40:43	497	0:14:21	478	1:24:46	266	2:19:50	378	0:06:32	551	1:00:17	396	408	M55-59	39	9
450	7038	山脇 豊	ﾔﾏﾜｷ ﾕﾀｶ	49	男	3:26:42	0:33:40	237	0:14:10	468	1:27:46	336	2:15:36	323	0:04:32	401	1:06:34	496	409	M45-49	61	16
451	8002	末吉 衛	ｽｴﾖｼ ﾏﾓﾙ	60	男	3:26:44	0:37:49	412	0:13:16	407	1:20:19	151	2:11:24	264	0:03:51	313	1:11:29	550	410	M60-64	19	5
452	6066	角屋 翔太	ｶﾄﾞﾔ ｼｮｳﾀ	37	男	3:26:49	0:34:42	279	0:11:09	209	1:28:26	350	2:14:17	305	0:04:50	428	1:07:42	509	411	M35-39	41	7
453	5099	山本 悠太	ﾔﾏﾓﾄ ﾕｳﾀ	26	男	3:26:55	0:37:10	391	0:12:53	377	1:32:37	443	2:22:40	411	0:03:03	159	1:01:12	416	412	M25-29	56	17
454	7055	多田 和洋	ﾀﾀﾞ ｶｽﾞﾋﾛ	50	男	3:26:56	0:41:23	506	0:12:43	360	1:29:41	378	2:23:47	435	0:04:58	443	0:58:11	365	413	M50-54	63	8
455	6011	青木 勇歩	ｱｵｷ ﾕｳﾎ	32	男	3:27:01	0:45:35	565	0:10:37	163	1:37:38	522	2:33:50	531	0:02:50	119	0:50:21	188	414	M30-34	61	16
456	5115	西山 大翔	ﾆｼﾔﾏ ﾋﾛﾄ	27	男	3:27:10	0:37:25	401	0:12:05	303	1:32:36	442	2:22:06	407	0:04:22	382	1:00:42	404	415	M25-29	57	7
457	6131	古川 力丈	ｺｶﾞﾜ ﾘｷﾀｹ	42	男	3:27:12	0:45:18	560	0:12:09	307	1:33:51	467	2:31:18	513	0:03:35	271	0:52:19	226	416	M40-44	46	9
458	7169	松富 毅	ﾏﾂﾄﾐ ﾀｹｼ	57	男	3:27:24	0:46:31	573	0:16:05	547	1:22:11	203	2:24:47	449	0:06:07	531	0:56:30	333	417	M55-59	40	8
459	8129	犬塚 裕美	ｲﾇﾂﾞｶ ﾋﾛﾐ	55	女	3:27:27	0:35:55	38	0:13:26	55	1:29:27	28	2:18:48	34	0:04:16	45	1:04:23	62	42	F55-59	4	3
460	5179	福本 尚之	ﾌｸﾓﾄ ﾅｵﾕｷ	31	男	3:27:34	0:46:56	579	0:11:40	258	1:27:39	332	2:26:15	462	0:03:03	159	0:58:16	366	418	M30-34	62	13
461	8175	辰巳 紘奨	ﾀﾂﾐ ｺｳｽｹ	29	男	3:27:41	0:33:56	249	0:15:42	540	1:30:00	389	2:19:38	374	0:07:56	580	1:00:07	394	419	M25-29	58	18
462	8165	塩田 和之	ｼｵﾀ ｶｽﾞﾕｷ	71	男	3:27:52	0:37:41	409	0:12:39	352	1:22:06	202	2:12:26	286	0:04:15	367	1:11:11	546	420	M65+	3	1
463	7076	大上 良介	ｵｵｳｴ ﾘｮｳｽｹ	51	男	3:27:53	0:40:35	494	0:15:00	511	1:22:39	213	2:18:14	352	0:05:11	466	1:04:28	466	421	M50-54	64	20
464	9024	野木 洋平	ﾉｷﾞ ﾖｳﾍｲ	53	男	3:27:54	0:36:35	368	0:12:43	360	1:23:17	226	2:12:35	287	0:05:03	456	1:10:16	537	422	M50-54	65	16
465	7091	黒木 琢磨	ｸﾛｷ ﾀｸﾏ	52	男	3:28:08	0:37:23	398	0:13:14	405	1:44:56	573	2:35:33	538	0:04:14	364	0:48:21	143	423	M50-54	66	10
466	7171	芝崎 誉	ｼﾊﾞｻｷ ﾎﾏﾚ	57	男	3:28:10	0:38:51	454	0:12:45	365	1:31:51	431	2:23:27	426	0:03:32	261	1:01:11	415	424	M55-59	41	9
467	6088	岡本 龍平	ｵｶﾓﾄ ﾘｭｳﾍｲ	38	男	3:28:12	0:44:49	551	0:13:13	403	1:23:52	243	2:21:54	405	0:04:58	443	1:01:20	418	425	M35-39	42	12
468	8146	渡辺 公子	ﾜﾀﾅﾍﾞ ｷﾐｺ	65	女	3:28:20	0:31:27	17	0:15:54	80	1:36:55	47	2:24:16	45	0:05:11	62	0:58:53	42	43	F65+	1	1
469	6025	友利 隼人	ﾄﾓﾘ ﾊﾔﾄ	33	男	3:28:21	0:35:26	312	0:14:46	495	1:31:28	421	2:21:40	403	0:04:59	448	1:01:42	423	426	M30-34	63	15
470	9026	佐々木 礼	ｻｻｷ ﾚｲ	51	男	3:28:31	0:46:34	574	0:14:26	483	1:22:03	198	2:23:03	418	0:04:43	422	1:00:45	405	427	M50-54	67	21
471	5150	春日 大輝	ｶｽｶﾞ ﾀﾞｲｷ	29	男	3:28:33	0:35:20	307	0:16:16	549	1:31:48	429	2:23:24	424	0:04:16	372	1:00:53	409	428	M25-29	59	19
472	7117	小田 圭二	ｵﾀﾞ ｹｲｼﾞ	53	男	3:28:44	0:35:54	335	0:13:49	452	1:29:49	381	2:19:32	372	0:03:34	266	1:05:38	479	429	M50-54	68	17
473	5116	ヴィセンテ レスターヒル	ヴｨｾﾝﾃ ﾚｽﾀｰﾋﾙ	27	男	3:28:45	0:49:47	599	0:17:14	570	1:24:13	253	2:31:14	511	0:06:35	554	0:50:56	195	430	M25-29	60	8
474	7041	塚田 哲	ﾂｶﾀﾞ ﾏｻﾙ	49	男	3:29:01	0:32:31	190	0:14:50	500	1:35:39	493	2:23:00	415	0:05:29	493	1:00:32	401	431	M45-49	62	17
475	7071	古屋 泰造	ﾌﾙﾔ ﾀｲｿﾞｳ	51	男	3:29:01	0:39:37	470	0:11:43	264	1:28:33	353	2:19:53	381	0:03:26	244	1:05:42	480	432	M50-54	69	22
476	5188	中島 健太	ﾅｶｼﾞﾏ ｹﾝﾀ	32	男	3:29:02	0:39:30	466	0:14:54	509	1:26:41	310	2:21:05	398	0:03:40	280	1:04:17	462	433	M30-34	64	17
477	7177	朝倉 茂行	ｱｻｸﾗ ｼｹﾞﾕｷ	57	男	3:29:04	0:40:15	486	0:15:21	525	1:26:48	312	2:22:24	410	0:04:40	415	1:02:00	426	434	M55-59	42	10
478	6118	坂東 雅史	ﾊﾞﾝﾄﾞｳ ﾏｻｼ	41	男	3:29:27	0:45:34	564	0:12:15	313	1:28:42	357	2:26:31	466	0:03:31	258	0:59:25	380	435	M40-44	47	8
479	5072	小川 航	ｵｶﾞﾜ ﾜﾀﾙ	23	男	3:29:59	0:38:01	427	0:11:55	282	1:31:55	433	2:21:51	404	0:04:31	398	1:03:37	448	436	M0-24	28	3
480	8064	松本 瞳美	ﾏﾂﾓﾄ ﾋﾄﾐ	29	女	3:30:02	0:34:32	30	0:12:07	41	1:36:29	45	2:23:08	39	0:03:51	35	1:03:03	60	44	F25-29	9	1
481	8049	大戸井 隆	ｵｵﾄｲ ﾀｶｼ	72	男	3:30:04	0:20:35	5	0:16:18	552	1:44:29	570	2:21:22	400	0:05:07	461	1:03:35	444	437	M65+	4	1
482	8033	石崎 雅人	ｲｼｻﾞｷ ﾏｻﾋﾄ	64	男	3:30:20	0:36:37	370	0:11:53	277	1:30:47	405	2:19:17	366	0:04:58	443	1:06:05	487	438	M60-64	20	4
483	6191	大塚 和明	ｵｵﾂｶ ｶｽﾞｱｷ	47	男	3:30:27	0:47:43	587	0:13:31	431	1:27:27	327	2:28:41	480	0:05:17	474	0:56:29	331	439	M45-49	63	9
484	5069	新原 光太郎	ｼﾝﾊﾞﾗ ｺｳﾀﾛｳ	22	男	3:30:30	0:56:20	616	0:13:52	454	1:27:45	334	2:37:57	546	0:03:22	234	0:49:11	159	440	M0-24	29	2
485	6065	Antonin Joly	Joly Antonin	36	男	3:30:42	0:33:53	248	0:14:26	483	1:39:40	542	2:27:59	477	0:06:25	545	0:56:18	326	441	M35-39	43	7
486	7141	徳永 日呂伸	ﾄｸﾅｶﾞ ﾋﾛﾉﾌﾞ	54	男	3:30:43	0:43:14	538	0:13:59	458	1:18:06	101	2:15:19	320	0:03:41	283	1:11:43	551	442	M50-54	70	13
487	7053	久村 修一	ｸﾑﾗ ｼｭｳｲﾁ	50	男	3:31:11	0:45:10	558	0:13:57	457	1:30:42	401	2:29:49	498	0:05:19	476	0:56:03	321	443	M50-54	71	9
488	6165	小林 謙士	ｺﾊﾞﾔｼ ｹﾝｼﾞ	44	男	3:31:21	0:27:48	66	0:16:30	558	1:28:46	359	2:13:04	293	0:06:56	565	1:11:21	548	444	M40-44	48	10
489	8035	寺田 孝雄	ﾃﾗﾀﾞ ﾀｶｵ	64	男	3:31:22	0:39:28	465	0:13:41	445	1:37:01	515	2:30:10	501	0:04:25	383	0:56:47	342	445	M60-64	21	5
490	8131	並木 典子	ﾅﾐｷ ﾉﾘｺ	56	女	3:31:27	0:38:06	57	0:20:51	89	1:39:00	54	2:37:57	71	0:04:30	50	0:49:00	12	45	F55-59	5	1
491	7056	渡辺 正之	ﾜﾀﾅﾍﾞ ﾀﾀﾞｼ	50	男	3:31:32	0:45:12	559	0:13:15	406	1:36:20	503	2:34:47	532	0:04:30	393	0:52:15	225	446	M50-54	72	10
492	9058	鶴岡 委美	ﾂﾙｵｶ ﾄﾓﾐ	47	女	3:31:40	0:29:41	14	0:11:29	33	1:42:49	65	2:23:59	43	0:03:32	27	1:04:09	61	46	F45-49	6	2
493	7190	小島 大輔	ｺｼﾞﾏ ﾀﾞｲｽｹ	59	男	3:31:51	0:39:49	476	0:13:28	426	1:32:23	440	2:25:40	458	0:03:18	212	1:02:53	433	447	M55-59	43	10
494	8176	春木 啓佑	ﾊﾙｷ ｹｲｽｹ	35	男	3:31:55	0:29:47	117	0:14:26	483	1:36:50	513	2:21:03	397	0:02:57	135	1:07:55	512	448	M35-39	44	9
495	6093	増島 泰	ﾏｽｼﾞﾏ ﾔｽｼ	38	男	3:32:14	0:37:39	407	0:10:48	179	1:35:21	491	2:23:48	436	0:03:36	274	1:04:50	471	449	M35-39	45	13
496	8010	日向 浩二	ﾋﾅﾀ ｺｳｼﾞ	61	男	3:32:25	0:43:32	541	0:12:26	332	1:18:26	107	2:14:24	309	0:03:49	303	1:14:12	557	450	M60-64	22	5
497	9048	遠藤 慎一	ｴﾝﾄﾞｳ ｼﾝｲﾁ	41	男	3:32:25	0:41:55	518	0:13:09	399	1:30:47	405	2:25:51	460	0:03:25	240	1:03:09	437	451	M40-44	49	9
498	8153	中川 敦司	ﾅｶｶﾞﾜ ｱﾂｼ	47	男	3:32:42	0:39:10	459	0:12:40	355	1:34:17	475	2:26:07	461	0:02:58	138	1:03:37	448	452	M45-49	64	10
499	8052	高橋 憧子	ﾀｶﾊｼ ﾄｳｺ	24	女	3:32:44	0:34:38	32	0:11:27	32	1:41:37	61	2:27:42	53	0:05:03	61	0:59:59	46	47	F0-24	6	3
500	7039	川内 英二	ｶﾜｳﾁ ｴｲｼﾞ	49	男	3:32:47	0:40:02	482	0:13:26	421	1:37:18	518	2:30:46	507	0:07:06	568	0:54:55	297	453	M45-49	65	18
501	7057	藤井 光	ﾌｼﾞｲ ﾋｶﾙ	50	男	3:32:48	0:51:58	606	0:12:32	341	1:27:14	321	2:31:44	516	0:03:26	244	0:57:38	358	454	M50-54	73	11
502	7054	安住 修	ｱｽﾞﾐ ｵｻﾑ	50	男	3:32:52	0:51:40	604	0:12:01	293	1:29:53	385	2:33:34	529	0:06:21	540	0:52:57	244	455	M50-54	74	12
503	8123	長妻 千夏	ﾅｶﾞﾂﾏ ﾁﾅﾂ	54	女	3:32:52	0:35:31	37	0:11:41	37	1:38:44	52	2:25:56	48	0:04:24	47	1:02:32	58	48	F50-54	7	3
504	6068	宗像 篤史	ﾑﾅｶﾀ ｱﾂｼ	37	男	3:33:06	0:46:54	577	0:14:53	506	1:30:32	399	2:32:19	520	0:05:08	463	0:55:39	310	456	M35-39	46	8
505	7187	田中 総介	ﾀﾅｶ ｿｳｽｹ	58	男	3:33:16	0:32:59	210	0:13:31	431	1:42:42	560	2:29:12	486	0:09:06	590	0:54:58	299	457	M55-59	44	8
506	7163	佐々木 貴俊	ｻｻｷ ﾀｶﾄｼ	56	男	3:33:18	0:37:35	406	0:13:31	431	1:35:52	497	2:26:58	473	0:02:41	96	1:03:39	452	458	M55-59	45	6
507	6095	李 殷在	ﾘ ｳﾝｼﾞｪ	38	男	3:33:21	0:46:48	576	0:11:50	272	1:30:48	407	2:29:26	491	0:03:17	208	1:00:38	402	459	M35-39	47	14
508	7180	堀口 和哉	ﾎﾘｸﾞﾁ ｶｽﾞﾔ	58	男	3:33:23	0:46:41	575	0:11:37	253	1:24:42	265	2:23:00	416	0:04:30	393	1:05:53	483	460	M55-59	46	9
509	6087	小川 新人	ｵｶﾞﾜ ｱﾗﾄ	38	男	3:33:29	0:36:26	363	0:12:50	371	1:34:14	474	2:23:30	427	0:03:21	223	1:06:38	498	461	M35-39	48	15
510	6171	河田 哲	ｶﾜﾀﾞ ｻﾄｼ	45	男	3:33:40	0:45:46	568	0:13:16	407	1:32:55	450	2:31:57	518	0:03:21	223	0:58:22	368	462	M45-49	66	11
511	8200	斉藤 正樹	ｻｲﾄｳ ﾏｻｷ	62	男	3:33:46	0:34:45	285	0:18:37	591	1:37:54	524	2:31:16	512	0:06:20	539	0:56:10	325	463	M60-64	23	6
512	8144	寺田 啓美	ﾃﾗﾀﾞ ﾋﾛﾐ	61	女	3:33:47	0:37:40	54	0:14:12	63	1:33:24	38	2:25:16	46	0:05:30	66	1:03:01	59	49	F60-64	1	1
513	8036	平田 知己	ﾋﾗﾀ ﾄﾓﾐ	64	男	3:34:10	0:37:41	408	0:12:18	318	1:33:36	460	2:23:35	428	0:05:27	487	1:05:08	473	464	M60-64	24	6
514	7165	高橋 功樹	ﾀｶﾊｼ ｺｳｷ	57	男	3:34:12	0:40:49	498	0:12:50	371	1:31:00	412	2:24:39	447	0:04:06	346	1:05:27	475	465	M55-59	47	11
515	6174	奥野 貴之	ｵｸﾉ ﾀｶﾕｷ	45	男	3:34:47	0:36:12	351	0:16:16	549	1:32:40	446	2:25:08	452	0:05:49	518	1:03:50	458	466	M45-49	67	12
516	7129	桶谷 真一	ｵｹﾀﾆ ｼﾝｲﾁ	54	男	3:34:51	0:38:05	429	0:14:05	464	1:29:11	370	2:21:21	399	0:06:29	547	1:07:01	503	467	M50-54	75	14
517	7118	原口 貴彰	ﾊﾗｸﾞﾁ ﾀｶｱｷ	53	男	3:35:03	0:33:52	246	0:16:26	557	1:36:41	509	2:26:59	474	0:08:23	584	0:59:41	385	468	M50-54	76	18
518	6185	林 曜	ﾊﾔｼ ﾖｳ	46	男	3:35:07	0:48:15	594	0:13:30	429	1:33:54	468	2:35:39	539	0:03:21	223	0:56:07	324	469	M45-49	68	10
519	6058	大場 矢登	ｵｵﾊﾞ ﾅｵﾄ	36	男	3:35:28	0:40:28	490	0:15:08	519	1:37:34	520	2:33:10	527	0:06:15	536	0:56:03	321	470	M35-39	49	8
520	8023	高橋 清政	ﾀｶﾊｼ ｷﾖﾏｻ	62	男	3:35:29	0:34:54	288	0:13:28	426	1:31:23	420	2:19:45	376	0:04:58	443	1:10:46	542	471	M60-64	25	7
521	6014	今野 裕貴	ｺﾝﾉ ﾋﾛｷ	33	男	3:35:34	0:36:49	377	0:11:12	215	1:17:47	95	2:05:48	171	0:06:33	552	1:23:13	578	472	M30-34	65	16
522	8112	勝野 峰子	ｶﾂﾉ ﾐﾈｺ	51	女	3:36:07	0:40:33	67	0:13:56	60	1:37:51	50	2:32:20	60	0:03:08	22	1:00:39	51	50	F50-54	8	3
523	9043	丸山 幸次郎	ﾏﾙﾔﾏ ｺｳｼﾞﾛｳ	52	男	3:36:10	0:33:06	214	0:11:51	273	1:41:40	551	2:26:37	468	0:03:30	254	1:06:03	486	473	M50-54	77	11
524	6180	遠藤 貢太	ｴﾝﾄﾞｳ ｺｳﾀ	46	男	3:36:24	0:44:40	549	0:18:03	585	1:19:59	144	2:22:42	412	0:05:30	495	1:08:12	514	474	M45-49	69	11
525	5117	北陽 健太	ﾎｸﾖｳ ｹﾝﾀ	27	男	3:36:34	0:28:46	90	0:12:13	311	1:41:15	549	2:22:14	409	0:02:32	83	1:11:48	552	475	M25-29	61	9
526	6181	内田 芳裕	ｳﾁﾀﾞ ﾖｼﾋﾛ	46	男	3:36:35	0:45:02	554	0:14:16	475	1:30:23	397	2:29:41	495	0:05:17	474	1:01:37	420	476	M45-49	70	12
527	8020	岡田 成隆	ｵｶﾀﾞ ﾅﾙﾀｶ	62	男	3:36:36	0:41:46	514	0:13:01	389	1:37:35	521	2:32:22	521	0:07:45	576	0:56:29	331	477	M60-64	26	8
528	7089	藤井 国丸	ﾌｼﾞｲ ｸﾆﾏﾙ	52	男	3:36:51	0:35:56	338	0:12:38	349	1:37:46	523	2:26:20	464	0:04:39	414	1:05:52	482	478	M50-54	78	12
529	6148	扇谷 卓見	ｵｵｷﾞﾔ ﾀｸﾐ	43	男	3:36:54	0:36:02	345	0:12:58	383	1:34:24	476	2:23:24	425	0:04:15	367	1:09:15	526	479	M40-44	50	17
530	8166	渋谷 翔	ｼﾌﾞﾔ ｼｮｳ	29	男	3:37:11	0:43:54	544	0:14:50	500	1:33:05	453	2:31:49	517	0:05:42	511	0:59:40	384	480	M25-29	62	20
531	8195	野尻 真子	ﾉｼﾞﾘ ﾏｺ	30	女	3:37:11	0:29:44	15	0:15:47	78	1:45:12	71	2:30:43	56	0:07:39	83	0:58:49	41	51	F30-34	9	2
532	8193	水沼 能嵩	ﾐｽﾞﾇﾏ ﾖｼﾀｶ	29	男	3:37:12	0:34:35	272	0:10:55	193	1:30:30	398	2:16:00	324	0:22:22	601	0:58:50	374	481	M25-29	63	21
533	5082	吉木 直	ﾖｼｷ ﾅｵ	25	男	3:37:19	0:37:50	415		0		0		0		0	1:03:35	444	482	M25-29	64	11
534	8044	飯高 政浩	ｲｲﾀﾞｶ ﾏｻﾋﾛ	66	男	3:37:25	0:36:14	355	0:15:32	533	1:31:31	425	2:23:17	423	0:05:08	463	1:09:00	523	483	M65+	5	1
535	7096	鏡堂 隆夫	ｶｶﾞﾐﾄﾞｳ ﾀｶｵ	52	男	3:37:31	0:44:50	552	0:14:19	477	1:29:19	374	2:28:28	479	0:05:27	487	1:03:36	446	484	M50-54	79	13
536	5105	猪俣 陽夏澄	ｲﾉﾏﾀ ﾋﾅﾄ	26	男	3:37:37	0:40:41	495	0:11:51	273	1:31:38	426	2:24:10	440	0:03:00	145	1:10:27	540	485	M25-29	65	18
537	8018	麻生 次郎	ｱｿｳ ｼﾞﾛｳ	61	男	3:37:38	0:39:47	474	0:12:58	383	1:30:07	392	2:22:52	413	0:04:00	329	1:10:46	542	486	M60-64	27	6
538	5189	小倉 恵太	ｵｸﾞﾗ ｹｲﾀ	32	男	3:37:44	0:35:07	296	0:14:15	474	1:46:01	579	2:35:23	536	0:05:19	476	0:57:02	347	487	M30-34	66	18
539	8090	安生 さくら	ｱﾝｾｲ ｻｸﾗ	42	女	3:37:53	0:38:15	59	0:11:41	37	1:36:32	46	2:26:28	51	0:03:40	30	1:07:45	65	52	F40-44	5	1
540	5158	松島 亮輔	ﾏﾂｼﾏ ﾘｮｳｽｹ	30	男	3:38:04	0:43:44	542	0:13:28	426	1:28:14	348	2:25:26	456	0:03:57	325	1:08:41	519	488	M30-34	67	13
541	6162	猿田 晋也	ｻﾙﾀ ｼﾝﾔ	44	男	3:38:12	0:40:08	483	0:10:18	143	1:26:47	311	2:17:13	341	0:03:49	303	1:17:10	567	489	M40-44	51	11
542	6120	川内 佳恭	ｶﾜｳﾁ ﾖｼﾕｷ	41	男	3:38:30	0:39:49	475	0:13:10	400	1:36:23	505	2:29:22	490	0:05:25	486	1:03:43	455	490	M40-44	52	10
543	9047	穂積 和希	ﾎﾂﾞﾐ ｶｽﾞｷ	24	男	3:38:30	0:39:14	460	0:15:33	536	1:44:29	570	2:39:16	553	0:05:52	522	0:53:22	255	491	M0-24	30	5
544	5134	佐野 健斗	ｻﾉ ｹﾝﾄ	28	男	3:38:38	0:45:04	555	0:14:02	461	1:21:11	176	2:20:17	388	0:05:02	454	1:13:19	555	492	M25-29	66	7
545	7090	近野 陽一	ｺﾝﾉ ﾖｳｲﾁ	52	男	3:38:55	0:37:51	417	0:14:07	466	1:36:03	500	2:28:01	478	0:04:41	417	1:06:13	490	493	M50-54	80	14
546	7113	中川 博雄	ﾅｶｶﾞﾜ ﾋﾛﾀｹ	53	男	3:39:07	0:36:22	359	0:18:52	593	1:44:33	572	2:39:47	554	0:04:42	419	0:54:38	291	494	M50-54	81	19
547	6050	大西 健太	ｵｵﾆｼ ｹﾝﾀ	35	男	3:39:14	0:42:19	526	0:11:11	211	1:38:56	534	2:32:26	522	0:03:10	182	1:03:38	450	495	M35-39	50	10
548	6143	石井 寧	ｲｼｲ ﾔｽｼ	43	男	3:39:18	0:42:26	529	0:12:12	308	1:34:53	484	2:29:31	493	0:03:50	308	1:05:57	485	496	M40-44	53	18
549	8096	岩田 ゆみ	ｲﾜﾀ ﾕﾐ	44	女	3:39:31	0:37:12	50	0:15:02	75	1:31:50	33	2:24:04	44	0:05:48	69	1:09:39	71	53	F40-44	6	2
550	6063	小林 裕武	ｺﾊﾞﾔｼ ﾋﾛﾑ	36	男	3:39:55	0:36:08	349	0:13:51	453	1:39:07	537	2:29:06	484	0:05:14	470	1:05:35	477	497	M35-39	51	9
551	7037	弓削田 修	ﾕｹﾞﾀ ｵｻﾑ	49	男	3:39:59	0:38:45	448	0:13:47	449	1:32:07	437	2:24:39	446	0:05:27	487	1:09:53	532	498	M45-49	71	19
552	8091	常盤 由起	ﾄｷﾜ ﾕｷ	42	女	3:40:13	0:37:22	52	0:13:48	57	1:45:43	72	2:36:53	67	0:05:19	64	0:58:01	38	54	F40-44	7	2
553	6056	潮崎 健	ｼｵｻﾞｷ ﾀｹｼ	36	男	3:40:15	0:46:09	571	0:13:13	403	1:43:31	564	2:42:53	569	0:03:10	182	0:54:12	279	499	M35-39	52	10
554	8080	山岡 知奈	ﾔﾏｵｶ ﾊﾙﾅ	34	女	3:40:16	0:36:09	43	0:12:09	42	1:46:22	76	2:34:40	64	0:05:42	68	0:59:54	45	55	F30-34	10	1
555	6133	岸本 有之	ｷｼﾓﾄ ｱﾘﾕｷ	42	男	3:40:19	0:40:29	491	0:12:39	352	1:27:24	326	2:20:32	392	0:05:06	460	1:14:41	560	500	M40-44	54	10
556	7097	今村 雅幸	ｲﾏﾑﾗ ﾏｻﾕｷ	52	男	3:40:34	0:47:35	586	0:14:27	486	1:33:26	457	2:35:28	537	0:05:24	482	0:59:42	386	501	M50-54	82	15
557	6097	緒方 和平	ｵｶﾞﾀ ｶｽﾞﾍｲ	39	男	3:40:40	0:40:15	485	0:13:08	397	1:32:15	439	2:25:38	457	0:08:55	588	1:06:07	488	502	M35-39	53	10
558	6130	大野 拓也	ｵｵﾉ ﾀｸﾔ	42	男	3:40:55	0:35:30	315	0:14:22	481	1:29:49	381	2:19:41	375	0:05:50	519	1:15:24	563	503	M40-44	55	11
559	7137	福田 恵太郎	ﾌｸﾀﾞ ｹｲﾀﾛｳ	54	男	3:40:57	0:41:35	511	0:13:55	455	1:34:56	487	2:30:26	504	0:05:02	454	1:05:29	476	504	M50-54	83	15
560	6189	佐藤 茂則	ｻﾄｳ ｼｹﾞﾉﾘ	46	男	3:41:02	0:23:50	24	0:12:53	377	1:40:22	546	2:17:05	339	0:05:27	487	1:18:30	573	505	M45-49	72	13
561	6114	金子 潤	ｶﾈｺ ｼﾞｭﾝ	41	男	3:41:07	0:42:05	521	0:13:05	393	1:45:53	577	2:41:03	560	0:05:43	513	0:54:21	285	506	M40-44	56	11
562	7052	長谷川 忠宏	ﾊｾｶﾞﾜ ﾀﾀﾞﾋﾛ	50	男	3:41:22	0:41:13	503	0:17:33	577	1:30:34	400	2:29:20	489	0:07:21	569	1:04:41	469	507	M50-54	84	13
563	8174	滝澤 勝彦	ﾀｷｻﾞﾜ ｶﾂﾋｺ	38	男	3:41:29	0:35:41	322	0:12:47	367	1:32:58	451	2:21:26	401	0:05:47	516	1:14:16	558	508	M35-39	54	16
564	7081	深町 明人	ﾌｶﾏﾁ ｱｷﾄ	51	男	3:41:32	0:42:11	524	0:14:39	492	1:34:54	485	2:31:44	515	0:06:46	560	1:03:02	435	509	M50-54	85	23
565	7161	北村 昌博	ｷﾀﾑﾗ ﾏｻﾋﾛ	56	男	3:41:33	0:38:12	434	0:16:31	560	1:35:53	498	2:30:36	506	0:04:21	378	1:06:36	497	510	M55-59	48	7
566	6052	福井 敬太	ﾌｸｲ ｹｲﾀ	35	男	3:41:50	0:35:49	328	0:17:11	569	1:33:27	458	2:26:27	465	0:06:52	562	1:08:31	517	511	M35-39	55	11
567	8137	一ノ関 亜紀	ｲﾁﾉｾｷ ｱｷ	58	女	3:41:55	0:36:04	41	0:14:59	73	1:41:35	60	2:32:38	61	0:07:06	80	1:02:11	57	56	F55-59	6	2
568	8079	原 マリン	ﾊﾗ ﾏﾘﾝ	34	女	3:42:01	0:36:58	48	0:13:56	60	1:45:47	73	2:36:41	66	0:04:00	38	1:01:20	53	57	F30-34	11	2
569	6139	松村 大輔	ﾏﾂﾑﾗ ﾀﾞｲｽｹ	43	男	3:42:27	0:44:30	547	0:13:17	411	1:29:14	372	2:27:01	475	0:04:03	335	1:11:23	549	512	M40-44	57	19
570	6167	赤沼 隼	ｱｶﾇﾏ ｼﾞｭﾝ	45	男	3:42:29	0:40:58	500	0:16:59	566	1:34:59	489	2:32:56	525	0:06:19	538	1:03:14	439	513	M45-49	73	13
571	5108	金子 祐輔	ｶﾈｺ ﾕｳｽｹ	26	男	3:42:47	0:32:54	208	0:20:09	601	1:35:49	496	2:28:52	482	0:12:18	598	1:01:37	420	514	M25-29	67	19
572	6168	柏木 裕次	ｶｼﾜｷﾞ ﾕｳｼﾞ	45	男	3:42:48	0:34:00	251	0:17:16	571	1:34:28	477	2:25:44	459	0:06:55	564	1:10:09	536	515	M45-49	74	14
573	8133	椎名 康子	ｼｲﾅ ﾔｽｺ	56	女	3:42:50	0:32:58	26	0:14:43	70	1:39:24	55	2:27:05	52	0:06:24	72	1:09:21	68	58	F55-59	7	2
574	8141	金高 純子	ｶﾈﾀｶ ｼﾞｭﾝｺ	61	女	3:43:07	0:38:02	56	0:13:53	58	1:34:07	40	2:26:02	49	0:03:36	28	1:13:29	75	59	F60-64	2	2
575	5095	渋谷 隆太	ｼﾌﾞﾔ ﾘｭｳﾀ	26	男	3:43:12	0:39:20	461	0:16:16	549	1:35:59	499	2:31:35	514	0:07:28	571	1:04:09	461	516	M25-29	68	20
576	7008	鈴木 裕介	ｽｽﾞｷ ﾕｳｽｹ	48	男	3:43:18	0:36:25	362	0:14:05	464	1:30:19	396	2:20:49	396	0:04:50	428	1:17:39	569	517	M45-49	75	19
577	5132	藤原 稜也	ﾌｼﾞﾜﾗ ﾘｮｳﾔ	28	男	3:43:36	0:39:33	467	0:14:40	493	1:34:52	483	2:29:05	483	0:04:40	415	1:09:51	531	518	M25-29	69	8
578	5123	福浦 大智	ﾌｸｳﾗ ﾀﾞｲﾁ	27	男	3:43:39	0:41:37	512	0:14:52	504	1:34:02	469	2:30:31	505	0:03:45	295	1:09:23	527	519	M25-29	70	10
579	5081	海老野 圭利	ｴﾋﾞﾉ ｹｲﾄ	25	男	3:43:49	0:41:54	516		0		0		0		0	1:04:47	470	520	M25-29	71	12
580	8134	小林 弘子	ｺﾊﾞﾔｼ ﾋﾛｺ	57	女	3:43:59	0:29:48	16	0:13:15	51	1:43:03	67	2:26:06	50	0:04:44	57	1:13:09	74	60	F55-59	8	1
581	7080	伊藤 久泰	ｲﾄｳ ﾋｻﾔｽ	51	男	3:44:07	0:39:44	471	0:12:58	383	1:45:44	576	2:38:26	548	0:04:32	401	1:01:09	413	521	M50-54	86	24
582	7186	遠藤 浩	ｴﾝﾄﾞｳ ﾋﾛｼ	58	男	3:44:23	0:32:50	204	0:14:53	506	1:41:49	552	2:29:32	494	0:05:52	522	1:08:59	522	522	M55-59	49	10
583	8119	岡崎 暢子	ｵｶｻﾞｷ ﾉﾌﾞｺ	53	女	3:44:44	0:37:15	51	0:13:59	62	1:41:04	58	2:32:18	59	0:06:52	77	1:05:34	64	61	F50-54	9	2
584	7044	古沢 元揮	ﾌﾙｻﾜ ﾓﾄｷ	50	男	3:44:50	0:41:18	505	0:11:30	242	1:23:40	237	2:16:28	331	0:04:05	343	1:24:17	586	523	M50-54	87	14
585	9015	足立 大晟	ｱﾀﾞﾁ ﾀｲｾｲ	27	男	3:44:59	0:39:24	462	0:18:01	583	1:48:53	589	2:46:18	583	0:04:15	367	0:54:26	288	524	M25-29	72	11
586	5049	杉山 翔一	ｽｷﾞﾔﾏ ｼｮｳｲﾁ	33	男	3:45:02	0:34:45	283	0:13:39	442	1:35:43	494	2:24:07	438	0:08:51	587	1:12:04	554	525	M30-34	68	17
587	8021	秋葉 安也	ｱｷﾊﾞ ﾔｽﾅﾘ	62	男	3:45:03	0:35:04	294	0:17:52	579	1:33:46	465	2:26:42	469	0:07:57	582	1:10:24	539	526	M60-64	28	9
588	9038	小海 信哉	ｺｶｲ ﾉﾌﾞﾔ	54	男	3:45:10	0:46:55	578	0:14:51	503	1:31:50	430	2:33:36	530	0:07:56	580	1:03:38	450	527	M50-54	88	16
589	6020	後藤 拓也	ｺﾞﾄｳ ﾀｸﾔ	33	男	3:45:11	0:37:24	400	0:15:27	531	1:31:11	417	2:24:02	437	0:06:24	542	1:14:45	561	528	M30-34	69	18
590	6086	川勝 正之	ｶﾜｶﾂ ﾏｻﾕｷ	38	男	3:45:29	0:41:39	513	0:13:39	442	1:29:54	386	2:25:12	454	0:05:07	461	1:15:10	562	529	M35-39	56	17
591	8084	田中 麻梨亜	ﾀﾅｶ ﾏﾘｱ	36	女	3:45:50	0:35:58	39	0:14:36	67	1:46:42	77	2:37:16	69	0:07:09	81	1:01:25	54	62	F35-39	3	2
592	5171	栗原 佳輝	ｸﾘﾊﾗ ﾖｼｷ	31	男	3:46:22	0:56:24	617	0:15:18	522	1:34:55	486	2:46:37	585	0:03:48	301	0:55:57	317	530	M30-34	70	14
593	8142	秋葉 巳恵子	ｱｷﾊﾞ ﾐｴｺ	61	女	3:46:48	0:38:07	58	0:16:36	82	1:40:43	57	2:35:26	65	0:06:55	78	1:04:27	63	63	F60-64	3	3
594	7160	佐久間 雄二	ｻｸﾏ ﾕｳｼﾞ	56	男	3:47:23	0:32:48	202	0:14:47	498	1:38:57	535	2:26:32	467	0:06:30	549	1:14:21	559	531	M55-59	50	8
595	8173	鈴木 ちづる	ｽｽﾞｷ ﾁﾂﾞﾙ	29	女	3:48:06	0:38:59	64	0:14:25	65	1:38:45	53	2:32:09	58	0:04:40	54	1:11:17	72	64	F25-29	10	2
596	6186	後藤 浩文	ｺﾞﾄｳ ﾋﾛﾌﾐ	46	男	3:48:28	0:36:05	347	0:16:20	553	1:26:22	300	2:18:47	362	0:06:28	546	1:23:13	578	532	M45-49	76	14
597	5077	山本 純平	ﾔﾏﾓﾄ ｼﾞｭﾝﾍﾟｲ	24	男	3:48:53	0:44:55	553	0:12:24	330	1:42:58	561	2:40:17	556	0:04:18	375	1:04:18	463	533	M0-24	31	6
598	5137	山本 堅心	ﾔﾏﾓﾄ ｹﾝｼﾝ	28	男	3:48:53	0:36:20	356	0:20:58	604	1:39:22	540	2:36:40	542	0:07:55	579	1:04:18	463	534	M25-29	73	9
599	8013	谷口 徹也	ﾀﾆｸﾞﾁ ﾃﾂﾔ	61	男	3:49:01	0:45:23	561	0:13:34	440	1:37:01	515	2:35:58	541	0:05:39	508	1:07:24	504	535	M60-64	29	7
600	6006	藤田 海斗	ﾌｼﾞﾀ ｶｲﾄ	32	男	3:49:05	0:42:42	531	0:14:14	472	1:32:46	447	2:29:42	496	0:02:37	92	1:16:46	566	536	M30-34	71	19
601	8026	橋本 宗明	ﾊｼﾓﾄ ﾋﾛｱｷ	62	男	3:49:18	0:47:23	584	0:15:30	532	1:42:34	559	2:45:27	580	0:04:30	393	0:59:21	377	537	M60-64	30	10
602	6083	佐藤 朋央	ｻﾄｳ ﾄﾓﾋﾛ	38	男	3:49:21	0:45:04	555	0:15:02	515	1:43:08	562	2:43:14	570	0:06:04	529	1:00:03	393	538	M35-39	57	18
603	8109	加藤 直子	ｶﾄｳ ﾅｵｺ	50	女	3:49:34	0:36:11	45	0:20:02	88	1:46:03	74	2:42:16	75	0:09:06	86	0:58:12	39	65	F50-54	10	2
604	5174	石橋 謙太朗	ｲｼﾊﾞｼ ｹﾝﾀﾛｳ	31	男	3:49:51	0:38:12	433	0:22:02	608	1:48:36	588	2:48:50	591	0:06:53	563	0:54:08	276	539	M30-34	72	15
605	5113	彼島 勇斗	ｶﾉｼﾏ ﾊﾔﾄ	26	男	3:50:10	0:36:21	357	0:17:30	576	1:39:31	541	2:33:22	528	0:16:25	600	1:00:23	398	540	M25-29	74	21
606	9061	高野 里奈	ﾀｶﾉ ﾘﾅ	33	女	3:50:11	0:48:06	84	0:14:35	66	1:46:03	74	2:48:44	80	0:04:30	50	0:56:57	36	66	F30-34	12	3
607	7125	山口 成年	ﾔﾏｸﾞﾁ ﾅﾘﾄｼ	54	男	3:50:37	0:38:00	424	0:14:03	462	1:25:37	286	2:17:40	345	0:06:36	555	1:26:21	595	541	M50-54	89	17
608	8094	かん いつしん	ｶﾝ ｲﾂｼﾝ	43	女	3:50:47	0:56:51	92	0:13:55	59	1:39:57	56	2:50:43	82	0:07:18	82	0:52:46	25	67	F40-44	8	2
609	5034	小林 重東	ｺﾊﾞﾔｼ ｼｹﾞﾊﾙ	68	男	3:50:49	0:29:01	99	0:16:40	563	1:37:27	519	2:23:08	420	0:04:07	348	1:23:34	582	542	M65+	6	1
610	6069	松本 大地	ﾏﾂﾓﾄ ﾀｲﾁ	37	男	3:50:56	0:34:06	256	0:16:37	562	1:42:00	555	2:32:43	524	0:06:57	566	1:11:16	547	543	M35-39	58	9
611	5083	藤原 尚哉	ﾌｼﾞﾜﾗ ﾅｵﾔ	25	男	3:51:06	0:54:19	612	0:12:29	337	1:36:34	507	2:43:22	572	0:05:42	511	1:02:02	427	544	M25-29	75	13
612	5109	小山 凱	ｺﾔﾏ ｶｲ	26	男	3:51:23	0:51:48	605	0:14:10	468	1:36:49	512	2:42:47	568	0:05:14	470	1:03:22	440	545	M25-29	76	22
613	7026	若月 大輔	ﾜｶﾂｷ ﾀﾞｲｽｹ	49	男	3:51:40	0:42:50	535	0:15:15	520	1:44:12	567	2:42:17	565	0:05:57	526	1:03:26	442	546	M45-49	77	20
614	9003	堀添 祐樹	ﾎﾘｿﾞｴ ﾕｳｷ	41	男	3:52:04	0:37:23	397	0:18:05	586	1:54:47	598	2:50:15	593	0:06:24	542	0:55:25	303	547	M40-44	58	12
615	6155	蓮見 悠一郎	ﾊｽﾐ ﾕｳｲﾁﾛｳ	43	男	3:52:12	0:34:04	253	0:12:22	327	1:36:51	514	2:23:17	422	0:04:07	348	1:24:48	590	548	M40-44	59	20
616	8115	濱田 安祐美	ﾊﾏﾀﾞ ｱﾕﾐ	51	女	3:52:12	0:42:54	77	0:16:44	83	1:45:05	70	2:44:43	77	0:06:51	75	1:00:38	50	68	F50-54	11	4
617	9007	菅原 俊	ｽｶﾞﾜﾗ ｼｭﾝ	59	男	3:52:15	0:40:18	487	0:19:43	599	1:32:39	445	2:32:40	523	0:09:53	593	1:09:42	529	549	M55-59	51	11
618	7045	緒方 慎之介	ｵｶﾞﾀ ｼﾝﾉｽｹ	50	男	3:52:30	0:42:47	533	0:14:28	487	1:41:52	553	2:39:07	551	0:04:37	409	1:08:46	520	550	M50-54	90	15
619	5176	小堺 優也	ｺｻｶｲ ﾕｳﾔ	31	男	3:52:42	0:47:56	589	0:12:36	347	1:45:05	574	2:45:37	581	0:05:27	487	1:01:38	422	551	M30-34	73	16
620	8140	椿 加津代	ﾂﾊﾞｷ ｶﾂﾖ	59	女	3:52:50	0:44:10	81	0:15:48	79	1:49:14	82	2:49:12	81	0:06:51	75	0:56:47	35	69	F55-59	9	1
621	6200	山田 治郎	ﾔﾏﾀﾞ ｼﾞﾛｳ	47	男	3:52:55	0:38:30	443	0:17:52	579	1:43:40	565	2:40:02	555	0:10:51	597	1:02:02	427	552	M45-49	78	11
622	6150	松田 大舗	ﾏﾂﾀﾞ ﾀﾞｲｽｹ	43	男	3:52:59	0:37:02	385	0:11:32	246	1:29:51	383	2:18:25	356	0:04:25	383	1:30:09	599	553	M40-44	60	21
623	7112	吉村 英明	ﾖｼﾑﾗ ﾋﾃﾞｱｷ	53	男	3:53:10	0:42:26	528	0:15:36	539	1:37:54	524	2:35:56	540	0:07:26	570	1:09:48	530	554	M50-54	91	20
624	5036	加藤 環	ｶﾄｳ ﾀﾏｷ	25	女	3:53:12	0:26:42	9	0:09:25	17	1:42:39	64	2:18:46	33	0:04:21	46	1:30:05	87	70	F25-29	11	3
625	9046	遠藤 裕也	ｴﾝﾄﾞｳ ﾕｳﾔ	36	男	3:53:26	0:36:43	374	0:16:22	555	1:31:47	428	2:24:52	450	0:05:03	456	1:23:31	581	555	M35-39	59	11
626	6036	山城 泰介	ﾔﾏｼﾛ ﾀｲｽｹ	34	男	3:53:35	0:41:15	504	0:16:40	563	1:46:31	582	2:44:26	577	0:08:18	583	1:00:51	408	556	M30-34	74	8
627	9034	中川 いち朗	ﾅｶｶﾞﾜ ｲﾁﾛｳ	64	男	3:53:38	0:43:24	540	0:21:22	605	1:38:49	532	2:43:35	573	0:09:54	594	1:00:09	395	557	M60-64	31	7
628	7195	小泉 力	ｺｲｽﾞﾐ ﾁｶﾗ	59	男	3:53:46	0:39:35	469	0:17:16	571	1:41:53	554	2:38:44	549	0:06:59	567	1:08:03	513	558	M55-59	52	12
629	9008	菊地 とも	ｷｸﾁ ﾄﾓ	29	男	3:54:06	0:45:33	563	0:15:01	512	1:37:08	517	2:37:42	543	0:04:26	385	1:11:58	553	559	M25-29	77	22
630	8083	松本 絵理	ﾏﾂﾓﾄ ｴﾘ	36	女	3:54:27	0:42:06	73	0:12:51	46	1:42:28	63	2:37:25	70	0:05:00	60	1:12:02	73	71	F35-39	4	3
631	7173	大嶋 浩太郎	ｵｵｼﾏ ｺｳﾀﾛｳ	57	男	3:54:29	0:50:27	601	0:15:54	545	1:34:04	472	2:40:25	559	0:05:32	498	1:08:32	518	560	M55-59	53	12
632	9020	中尾 竜也	ﾅｶｵ ﾀﾂﾔ	25	男	3:55:32	0:46:12	572	0:11:56	284	1:46:30	581	2:44:38	578	0:05:19	476	1:05:35	477	561	M25-29	78	14
633	8106	花岡 和美	ﾊﾅｵｶ ｶｽﾞﾐ	49	女	3:55:53	0:48:43	86	0:13:34	56	1:49:18	83	2:51:35	83	0:04:28	49	0:59:50	44	72	F45-49	7	2
634	9051	友田 一輝	ﾄﾓﾀﾞ ｶｽﾞｷ	28	男	3:57:03	0:48:02	591	0:12:03	298	1:44:15	568	2:44:20	576	0:06:21	540	1:06:22	492	562	M25-29	79	10
635	8047	平野 順一	ﾋﾗﾉ ｼﾞｭﾝｲﾁ	67	男	3:57:06	0:47:02	580	0:11:21	226	1:32:37	443	2:31:00	510	0:04:08	352	1:21:58	575	563	M65+	7	1
636	8113	浅見 美香	ｱｻﾐ ﾐｶ	51	女	3:57:10	0:50:09	88		0		0		0		0	1:08:04	66	73	F50-54	12	5
637	7088	向山 剛史	ﾑｶｲﾔﾏ ﾀｹﾌﾐ	52	男	3:57:34	0:33:26	225	0:18:02	584	1:43:26	563	2:34:54	533	0:16:01	599	1:06:39	499	564	M50-54	92	16
638	9012	本村 李音	ﾓﾄﾑﾗ ﾘｵ	22	女	3:57:37	0:38:28	60	0:10:07	20	1:34:51	43	2:23:26	40	0:04:06	41	1:30:05	87	74	F0-24	7	1
639	7144	楢原 義人	ﾅﾗﾊﾗ ﾖｼﾄ	55	男	3:57:45	0:47:57	590	0:19:32	597	1:31:28	421	2:38:57	550	0:07:46	577	1:11:02	545	565	M55-59	54	12
640	8117	沓川 忍	ｸﾂｶﾜ ｼﾉﾌﾞ	53	女	3:57:53	0:33:33	28	0:14:40	69	1:37:34	49	2:25:47	47	0:04:53	59	1:27:13	85	75	F50-54	13	3
641	8102	小林 里奈	ｺﾊﾞﾔｼ ﾘﾅ	46	女	3:58:35	0:50:08	87	0:13:21	54	1:41:45	62	2:45:14	78	0:03:58	37	1:09:23	69	76	F45-49	8	1
642	6113	池田 翔	ｲｹﾀﾞ ｼｮｳ	41	男	3:58:39	0:36:37	371	0:17:01	568	1:35:36	492	2:29:14	487	0:06:24	542	1:23:01	577	566	M40-44	61	13
643	9021	藤原 大輔	ﾌｼﾞﾜﾗ ﾀﾞｲｽｹ	35	男	3:58:46	0:40:41	496	0:13:32	435	1:49:29	590	2:43:42	574	0:05:50	519	1:09:14	525	567	M35-39	60	12
644	5170	伊藤 嘉玖	ｲﾄｳ ﾖｼﾋｻ	30	男	3:59:12	0:39:44	472		0		0		0		0	1:05:46	481	568	M30-34	75	14
645	8016	田村 茂之	ﾀﾑﾗ ｼｹﾞﾕｷ	61	男	3:59:56	0:52:19	607	0:16:30	558	1:38:51	533	2:47:40	588	0:05:32	498	1:06:44	500	569	M60-64	32	8
646	7061	伊藤 龍太郎	ｲﾄｳ ﾘｭｳﾀﾛｳ	51	男	3:59:58	0:37:24	399	0:18:25	588	1:33:42	462	2:29:31	492	0:05:21	479	1:25:06	591	570	M50-54	93	25
647	8087	戸谷 牧子	ﾄﾔ ﾏｷｺ	38	女	4:00:08	0:42:50	76	0:15:23	77	1:43:02	66	2:41:15	73	0:03:47	33	1:15:06	78	77	F35-39	5	1
648	9037	吉井 存	ﾖｼｲ ｱﾘ	51	男	4:00:42	0:47:13	582	0:20:46	603	1:36:16	501	2:44:15	575	0:08:37	586	1:07:50	511	571	M50-54	94	26
649	7154	黒岩 信行	ｸﾛｲﾜ ﾉﾌﾞﾕｷ	55	男	4:01:00	0:45:41	566	0:21:31	606	1:38:05	528	2:45:17	579	0:06:49	561	1:08:54	521	572	M55-59	55	13
650	6199	小泉 卓真	ｺｲｽﾞﾐ ﾀｸﾏ	47	男	4:01:16	0:43:15	539	0:19:29	596	1:28:05	343	2:30:49	508	0:05:11	466	1:25:16	593	573	M45-49	79	12
651	8004	西村 裕史	ﾆｼﾑﾗ ﾋﾛｼ	60	男	4:01:20	0:45:48	569	0:15:06	518	1:34:07	473	2:35:01	534	0:08:26	585	1:17:53	570	574	M60-64	33	6
652	6142	許 悦鋒	ｷｮ ｴﾂﾎｳ	43	男	4:01:24	0:42:09	522	0:18:50	592	1:42:18	557	2:43:17	571	0:09:03	589	1:09:04	524	575	M40-44	62	22
653	8192	上 遼太郎	ｶﾐ ﾘｮｳﾀﾛｳ	28	男	4:02:02	0:43:50	543	0:16:05	547	1:57:24	600	2:57:19	602	0:04:05	343	1:00:38	402	576	M25-29	80	11
654	8156	戸塚 直道	ﾄﾂｶ ﾅｵﾐﾁ	34	男	4:02:02	0:37:04	388	0:10:16	140	2:04:39	602	2:51:59	596	0:05:59	527	1:04:04	459	577	M30-34	76	9
655	8187	ﾎﾞｸﾞﾀﾞﾉヴｧ ﾃﾁｱﾅ	ﾎﾞｸﾞﾀﾞﾉヴｧ ﾃﾁｱﾅ	47	女	4:02:28	0:37:39	53	0:12:56	47	1:51:40	85	2:42:15	74	0:04:25	48	1:15:48	79	78	F45-49	9	3
656	5118	西田 寿一也	ﾆｼﾀﾞ ｼﾞｭｲﾔ	27	男	4:02:40	0:47:05	581	0:12:20	323	1:48:08	587	2:47:33	587	0:04:30	393	1:10:37	541	578	M25-29	81	12
657	6024	大西 啓悟	ｵｵﾆｼ ｹｲｺﾞ	33	男	4:03:03	0:54:36	613	0:15:15	520	1:40:33	547	2:50:24	594	0:04:51	431	1:07:48	510	579	M30-34	77	19
658	7151	林 厚見	ﾊﾔｼ ｱﾂﾐ	55	男	4:03:17	0:35:38	321	0:19:20	595	1:47:12	583	2:42:10	564	0:10:48	596	1:10:19	538	580	M55-59	56	14
659	8136	加藤 めぐみ	ｶﾄｳ ﾒｸﾞﾐ	57	女	4:03:20	0:37:46	55	0:19:11	86	1:37:24	48	2:34:21	63	0:09:58	87	1:19:01	81	79	F55-59	10	2
660	5103	鶴田 晃弘	ﾂﾙﾀ ｱｷﾋﾛ	26	男	4:03:55	0:38:56	455	0:14:49	499	1:36:27	506	2:30:12	502	0:09:20	591	1:24:23	588	581	M25-29	82	23
661	7175	Gauchan SaradKumar	ｺﾞｳﾁｬﾝ ｻﾗﾄﾞｳｸﾏﾙ	57	男	4:04:08	0:44:40	548	0:14:42	494	1:55:01	599	2:54:23	599	0:03:21	223	1:06:24	494	582	M55-59	57	13
662	9060	高野 楓馬	ﾀｶﾉ ﾌｳﾏ	32	男	4:04:13	0:48:05	593	0:14:37	491	1:46:02	580	2:48:44	590	0:04:32	401	1:10:57	544	583	M30-34	78	20
663	8093	池谷 福美	ｲｹｶﾞﾔ ﾌｸﾐ	42	女	4:05:03	0:38:40	62	0:13:01	50	1:47:17	78	2:38:58	72	0:04:42	55	1:21:23	82	80	F40-44	9	3
664	8081	町田 絵里	ﾏﾁﾀﾞ ｴﾘ	35	女	4:05:07	0:48:43	85	0:23:20	93	1:41:28	59	2:53:31	84	0:03:23	26	1:08:13	67	81	F35-39	6	1
665	8077	渡辺 佑紀	ﾜﾀﾅﾍﾞ ﾕｷ	33	女	4:05:13	0:36:07	42	0:16:28	81	1:44:19	69	2:36:54	68	0:14:45	88	1:13:34	76	82	F30-34	13	4
666	8197	森光 章	ﾓﾘﾐﾂ ｱｷﾗ	55	男	4:05:50	0:31:23	158	0:12:59	387	1:39:16	539	2:23:38	432	0:05:31	496	1:36:41	602	584	M55-59	58	15
667	6152	佐々木 剛	ｻｻｷ ﾀｹｼ	43	男	4:06:06	0:53:49	611	0:15:44	541	1:32:51	448	2:42:24	567	0:05:15	472	1:18:27	572	585	M40-44	63	23
668	5182	井上 勇人	ｲﾉｳｴ ﾕｳﾄ	31	男	4:06:34	0:52:37	609	0:13:32	435	1:50:07	592	2:56:16	600	0:04:57	440	1:05:21	474	586	M30-34	79	17
669	9023	恒川 翔	ﾂﾈｶﾜ ｼｮｳ	26	男	4:07:20	0:55:23	614	0:11:13	216	1:26:28	301	2:33:04	526	0:04:51	431	1:29:25	598	587	M25-29	83	24
670	7104	伊藤 吉賢	ｲﾄｳ ﾖｼﾀｶ	53	男	4:09:41	0:44:46	550	0:13:26	421	1:44:06	566	2:42:18	566	0:04:47	425	1:22:36	576	588	M50-54	95	21
671	6198	高橋 信貴	ﾀｶﾊｼ ﾉﾌﾞﾀｶ	47	男	4:10:01	0:36:55	381	0:16:20	553	1:52:37	596	2:45:52	582	0:05:28	492	1:18:41	574	589	M45-49	80	13
672	6031	竹野 光紀	ﾀｹﾉ ｺｳｷ	34	男	4:10:30	0:45:44	567	0:14:01	460	1:47:46	584	2:47:31	586	0:04:38	411	1:18:21	571	590	M30-34	80	10
673	8147	滝沢 見世子	ﾀｷｻﾞﾜ ﾐﾖｺ	74	女	4:10:32	0:32:45	24	0:12:38	44	1:48:24	80	2:33:47	62	0:04:37	53	1:32:08	89	83	F65+	2	1
674	6040	石塚 健朗	ｲｼﾂﾞｶ ﾀｹﾛｳ	35	男	4:10:55	0:42:23	527	0:13:20	414	1:42:11	556	2:37:54	544	0:03:55	320	1:29:06	597	591	M35-39	61	13
675	7066	皆倉 寿文	ｶｲｸﾗ ﾄｼﾌﾐ	51	男	4:11:30	0:37:20	394	0:21:56	607	1:39:54	543	2:39:10	552	0:07:37	574	1:24:43	589	592	M50-54	96	27
676	6126	森 喜一朗	ﾓﾘ ｷｲﾁﾛｳ	42	男	4:11:35	0:49:30	597	0:15:44	541	1:36:34	507	2:41:48	563	0:06:17	537	1:23:30	580	593	M40-44	64	12
677	5157	リ セイコウ	ﾘ ｾｲｺｳ	30	男	4:11:57	0:39:56	480	0:17:00	567	1:44:18	569	2:41:14	562	0:05:35	504	1:25:08	592	594	M30-34	81	15
678	5110	多辺田 凜太朗	ﾀﾍﾞﾀ ﾘﾝﾀﾛｳ	26	男	4:13:43	0:36:21	358	0:17:51	578	1:52:16	594	2:46:28	584	0:03:20	220	1:23:55	585	595	M25-29	84	25
679	6121	高橋 和宏	ﾀｶﾊｼ ｶｽﾞﾋﾛ	41	男	4:14:00	0:43:10	537	0:17:58	581	1:36:46	510	2:37:54	545	0:07:36	573	1:28:30	596	596	M40-44	65	14
680	8072	大橋 梨乃	ｵｵﾊｼ ﾘﾉ	31	女	4:14:27	0:42:15	74	0:14:47	72	1:47:40	79	2:44:42	76	0:08:07	84	1:21:38	83	84	F30-34	14	4
681	8065	神山 玲実	ｶﾐﾔﾏ ﾚﾐ	30	女	4:16:15	0:41:49	71	0:22:18	92	1:54:00	87	2:58:07	88	0:08:43	85	1:09:25	70	85	F30-34	15	3
682	6021	福本 舜介	ﾌｸﾓﾄ ｼｭﾝｽｹ	33	男	4:16:46	0:42:49	534	0:15:32	533	1:49:55	591	2:48:16	589	0:04:49	427	1:23:41	583	597	M30-34	82	20
683	6104	角井 宏行	ｶｸｲ ﾋﾛﾕｷ	39	男	4:17:24	0:49:02	596	0:15:01	512	1:36:19	502	2:40:22	557	0:04:31	398	1:32:31	601	598	M35-39	62	11
684	8041	山下 達	ﾔﾏｼﾀ ﾀﾂﾙ	65	男	4:19:31	0:38:43	447	0:19:44	600	1:53:16	597	2:51:43	595	0:10:13	595	1:17:35	568	599	M65+	8	2
685	8122	野口 智帆	ﾉｸﾞﾁ ﾁﾎ	53	女	4:19:52	0:52:31	90	0:14:43	70	1:50:52	84	2:58:06	87	0:07:04	79	1:14:42	77	86	F50-54	14	4
686	8116	佐久保 明美	ｻｸﾎﾞ ｱｹﾐ	53	女	4:19:52	0:39:06	65	0:20:53	90	1:57:00	88	2:56:59	86	0:06:48	74	1:16:05	80	87	F50-54	15	5
687	7131	新川 義忠	ｼﾝｶﾜ ﾖｼﾀﾀﾞ	54	男	4:19:53	0:30:58	143	0:16:36	561	1:50:44	593	2:38:18	547	0:09:34	592	1:32:01	600	600	M50-54	97	18
688	8190	阿曽 史也	ｱｿ ﾌﾐﾔ	36	男	4:20:29	0:52:36	608	0:12:18	318	1:47:57	585	2:52:51	597	0:03:19	218	1:24:19	587	601	M35-39	63	12
689	8135	福吉 成美	ﾌｸﾖｼ ﾅﾙﾐ	57	女	4:21:15	0:41:55	72	0:15:05	76	1:49:04	81	2:46:04	79	0:05:48	69	1:29:23	86	88	F55-59	11	3
690	6107	千葉 知裕	ﾁﾊﾞ ﾄﾓﾋﾛ	40	男	4:21:16	0:58:29	620	0:13:47	449	1:37:55	526	2:50:11	592	0:05:37	505	1:25:28	594	602	M40-44	66	6
691	5058	才野 博士	ｻｲﾉ ﾋﾛｼ	54	男	4:22:15	0:30:25	134	0:18:59	594	1:45:57	578	2:35:21	535	0:04:29	389	1:42:25	604	603	M50-54	98	19
692	6188	野口 亮	ﾉｸﾞﾁ ﾘｮｳ	46	男	4:23:16	0:50:29	602	0:20:43	602	1:42:33	558	2:53:45	598	0:05:44	514	1:23:47	584	604	M45-49	81	15
693	8066	疇地 優香	ｱｾﾞﾁ ﾕｳｶ	30	女	4:23:17	0:43:04	78	0:17:55	85	1:53:23	86	2:54:22	85	0:05:17	63	1:23:38	84	89	F30-34	16	4
694	8186	松本 潤一	ﾏﾂﾓﾄ ｼﾞｭﾝｲﾁ	56	男	4:23:51	0:36:27	365	0:11:29	239	1:52:26	595	2:40:22	558	0:03:22	234	1:40:07	603	605	M55-59	59	9
TOV	5122	平野 智大	ﾋﾗﾉ ﾄﾓﾋﾛ		男	4:37:34	0:40:50	499	0:18:00	582	1:58:04	601	2:56:54	601	0:07:46	577	1:32:54	0		M25-29		
TOV	9030	藤本 貴久	ﾌｼﾞﾓﾄ ﾀｶﾋｻ		男	4:32:24	0:39:55	479	0:13:12	402	1:47:57	585	2:41:04	561	0:05:51	521	1:45:29	0		M50-54		
TOV	5120	足立 夏輝	ｱﾀﾞﾁ ﾅﾂｷ		男	4:51:24	0:55:32	615	0:18:36	590	2:07:04	0	3:21:12	0	0:13:20	0	1:16:52	0		M25-29		
TOV	5166	中峰 康汰	ﾅｶﾐﾈ ｺｳﾀ		男	4:04:58	0:57:54	619	0:13:39	442	1:49:09	0	3:00:42	0	0:04:46	0	0:59:30	0		M30-34		
TOV	6035	宇都 魁斗	ｳﾄ ｶｲﾄ		男	3:50:52	0:50:05	600	0:18:25	588	1:52:37	0	3:01:07	0	0:07:53	0	0:41:52	0		M30-34		
TOV	7068	鎗田 哲夫	ﾔﾘﾀ ﾃﾂｵ		男	4:44:37	0:49:39	598	0:19:37	598	2:06:37	0	3:15:53	0	0:06:24	0	1:22:20	0		M50-54		
TOV	8015	西林 英樹	ﾆｼﾊﾞﾔｼ ﾋﾃﾞｷ		男	4:27:59	0:53:09	610	0:18:09	587	1:51:53	0	3:03:11	0	0:06:11	0	1:18:37	0		M60-64		
TOV	6034	于 冬暉	ｳ ﾄｳｷ		男	4:35:06	1:07:50	0	0:16:41	0	1:46:13	0	3:10:44	0	0:05:45	0	1:18:37	0		M30-34		
TOV	6149	三上 傑	ﾐｶﾐ ｽｸﾞﾙ		男	4:05:16	1:02:10	0	0:11:49	0	1:28:36	0	2:42:35	0	0:03:56	0	1:18:45	0		M40-44		
TOV	7191	小堺 剛司	ｺｻｶｲ ﾀｹｼ		男	4:04:29	1:02:18	0	0:13:23	0	1:50:37	0	3:06:18	0	0:03:52	0	0:54:19	0		M55-59		
TOV	8177	樫村 滋	ｶｼﾑﾗ ｼｹﾞﾙ		男	4:24:39	1:02:34	0	0:14:23	0	1:48:54	0	3:05:51	0	0:02:57	0	1:15:51	0		M40-44		
TOV	9059	笠井 基生	ｶｻｲ ﾓﾄｷ		男		1:03:23	0		0		0		0		0		0		M30-34		
SKP	5026	江盛 容平	ｴﾓﾘ ﾖｳﾍｲ		男			0	10:01:42	0	1:31:50	0		0	0:04:19	0	0:55:28	0		M45-49		
SKP	6061	濱田 智嗣	ﾊﾏﾀﾞ ﾄﾓﾂｸﾞ		男			0	10:02:16	0	1:47:26	0		0	0:10:43	0	0:54:46	0		M35-39		
SKP	6072	岩崎 薫	ｲﾜｻｷ ｶｵﾙ		男			0	10:05:59	0	1:26:51	0		0	0:05:51	0	1:09:15	0		M35-39		
SKP	6128	高橋 勇人	ﾀｶﾊｼ ﾕｳﾄ		男			0	10:03:20	0	1:35:21	0		0		0		0		M40-44		
SKP	7166	星野 昌史	ﾎｼﾉ ﾏｻﾌﾐ		男			0	10:08:16	0	1:50:47	0		0	0:09:30	0	1:32:05	0		M55-59		
SKP	8194	釜坂 聖	ｶﾏｻｶ ﾋｼﾞﾘ		男			0	10:15:46	0	1:44:39	0		0	0:08:11	0	0:58:50	0		M30-34		
DSQ	7036	水嶋 洋一	ﾐｽﾞｼﾏ ﾖｳｲﾁ		男	3:19:28	0:36:04	346	0:13:41	445	1:24:50	267	2:14:35	311		0		0		M45-49		
DNF	7183	井上 幸太郎	ｲﾉｳｴ ｺｳﾀﾛｳ		男		0:32:43	200	0:12:43	360	1:21:51	191	2:07:17	189	0:03:50	308		0		M55-59		
DNF	7136	槌谷 渉	ﾂﾁﾔ ﾜﾀﾙ		男		0:29:52	119	0:13:33	438		0		0		0		0		M50-54		
DNF	5087	上熊須 和騎	ｶﾐｸﾏｽ ｶｽﾞｷ		男		0:41:47	515		0		0		0		0		0		M25-29		
DNF	5167	奥村 昭徳	ｵｸﾑﾗ ｱｷﾉﾘ		男		0:41:54	516		0		0		0		0		0		M30-34		
DNF	6046	水谷 聡	ﾐｽﾞﾀﾆ ｻﾄｼ		男		0:31:37	166		0		0		0		0		0		M35-39		
DNF	6053	任 ウェイ	ﾚﾝ ｳｪｲ		男		0:27:41	64		0		0		0		0		0		M35-39		
DNF	8045	徳倉 基宏	ﾄｸｸﾗ ﾓﾄﾋﾛ		男		0:20:30	4		0		0		0		0		0		M65+		
DNF	5078	Muhammad ER Rahman	ER Rahman Muhammad		男			0		0		0		0		0		0		M0-24		
DNF	5135	大前 良介	ｵｵﾏｴ ﾘｮｳｽｹ		男			0		0		0		0		0		0		M25-29		
DNF	6001	保坂 泰裕	ﾎｻｶ ﾔｽﾋﾛ		男			0		0		0		0		0		0		M30-34		
DNF	6026	今井 信太郎	ｲﾏｲ ｼﾝﾀﾛｳ		男			0		0		0		0		0		0		M30-34		
DNF	6073	渋谷 律	ｼﾌﾞﾀﾆ ﾘﾂ		男			0		0		0		0		0		0		M35-39		
DNF	6195	二宮 英樹	ﾆﾉﾐﾔ ﾋﾃﾞｷ		男			0		0		0		0		0		0		M45-49		
DNF	7059	巴 浩一	ﾄﾓｴ ｺｳｲﾁ		男			0		0		0		0		0		0		M50-54		
DNF	7133	中村 崇	ﾅｶﾑﾗ ﾀｶｼ		男			0		0		0		0		0		0		M50-54		
DNF	7135	篠原 毅	ｼﾉﾊﾗ ﾀｹｼ		男			0		0		0		0		0		0		M50-54		
DNF	8050	安田 章	ﾔｽﾀﾞ ｱｷﾗ		男			0		0		0		0		0		0		M65+		
DNF	8169	川戸 尋士	ｶﾜﾄ ﾋﾛｼ		男			0		0		0		0		0		0		M35-39		
DNF	9014	遠矢 勇輝	ﾄｵﾔ ﾕｳｷ		男			0		0		0		0		0		0		M25-29		
DNS	5007	米山 久	ﾖﾈﾔﾏ ﾋｻｼ		男			0		0		0		0		0		0		M55-59		
DNS	5024	中山 茂	ﾅｶﾔﾏ ｼｹﾞﾙ		男			0		0		0		0		0		0		M55-59		
DNS	5031	石川 幹温	ｲｼｶﾜ ﾐｷﾊﾙ		男			0		0		0		0		0		0		M0-24		
DNS	5046	田中 真吾	ﾀﾅｶ ｼﾝｺﾞ		男			0		0		0		0		0		0		M30-34		
DNS	5051	小口 裕也	ｺｸﾞﾁ ﾕｳﾔ		男			0		0		0		0		0		0		M45-49		
DNS	5059	千葉 悠貴	ﾁﾊﾞ ﾕｳｷ		男			0		0		0		0		0		0		M0-24		
DNS	5060	熊代 悠己	ｸﾏｼﾛ ﾕｳｷ		男			0		0		0		0		0		0		M0-24		
DNS	5070	志田 遥飛	ｼﾀﾞ ﾊﾙﾋ		男			0		0		0		0		0		0		M0-24		
DNS	5074	西脇 大地	ﾆｼﾜｷ ﾀﾞｲﾁ		男			0		0		0		0		0		0		M0-24		
DNS	5084	亀田 啓太	ｶﾒﾀﾞ ｹｲﾀ		男			0		0		0		0		0		0		M25-29		
DNS	5085	アギラー クライノロアレス	ｱｷﾞﾗｰ ｸﾗｲﾉﾛｱﾚｽ		男			0		0		0		0		0		0		M25-29		
DNS	5093	水田 修都	ﾐｽﾞﾀ ｼｭｳﾄ		男			0		0		0		0		0		0		M25-29		
DNS	5094	大槻 友樹	ｵｵﾂｷ ﾄﾓｷ		男			0		0		0		0		0		0		M25-29		
DNS	5129	辻本 幸平	ﾂｼﾞﾓﾄ ｺｳﾍｲ		男			0		0		0		0		0		0		M25-29		
DNS	5133	奥谷 太翔	ｵｸﾀﾆ ﾀｹﾙ		男			0		0		0		0		0		0		M25-29		
DNS	5136	小榑 俊也	ｺｸﾞﾚ ｼｭﾝﾔ		男			0		0		0		0		0		0		M25-29		
DNS	5147	福田 駿	ﾌｸﾀﾞ ｼｭﾝ		男			0		0		0		0		0		0		M25-29		
DNS	5151	永倉 響	ﾅｶﾞｸﾗ ﾋﾋﾞｷ		男			0		0		0		0		0		0		M25-29		
DNS	5154	片山 優翔	ｶﾀﾔﾏ ﾕｳﾄ		男			0		0		0		0		0		0		M25-29		
DNS	5156	Ashane Francis	Francis Ashane		男			0		0		0		0		0		0		M25-29		
DNS	5159	ハミッシュ オーバートン	ｵｰﾊﾞｰﾄﾝ ﾊﾐｯｼｭ		男			0		0		0		0		0		0		M30-34		
DNS	5168	西川 和宏	ﾆｼｶﾜ ｶｽﾞﾋﾛ		男			0		0		0		0		0		0		M30-34		
DNS	5180	岸本 雅史	ｷｼﾓﾄ ﾏｻｼ		男			0		0		0		0		0		0		M30-34		
DNS	5190	細川 泰輝	ﾎｿｶﾜ ﾀｲｷ		男			0		0		0		0		0		0		M30-34		
DNS	6003	永江 広明	ﾅｶﾞｴ ﾋﾛｱｷ		男			0		0		0		0		0		0		M30-34		
DNS	6008	小坂 拓也	ｺｻｶ ﾀｸﾔ		男			0		0		0		0		0		0		M30-34		
DNS	6027	細川 直寛	ﾎｿｶﾜ ﾅｵﾋﾛ		男			0		0		0		0		0		0		M30-34		
DNS	6028	瀧口 暉己	ﾀｷｸﾞﾁ ﾃﾙｷ		男			0		0		0		0		0		0		M30-34		
DNS	6032	亀山 直人	ｶﾒﾔﾏ ﾅｵﾄ		男			0		0		0		0		0		0		M30-34		
DNS	6039	James Sinclair	Sinclair James		男			0		0		0		0		0		0		M30-34		
DNS	6044	斎藤 洸一	ｻｲﾄｳ ｺｳｲﾁ		男			0		0		0		0		0		0		M35-39		
DNS	6054	越中谷 俊樹	ｴｯﾁｭｳﾔ ﾄｼｷ		男			0		0		0		0		0		0		M35-39		
DNS	6062	中川 敬介	ﾅｶｶﾞﾜ ｹｲｽｹ		男			0		0		0		0		0		0		M35-39		
DNS	6070	吉澤 健太	ﾖｼｻﾞﾜ ｹﾝﾀ		男			0		0		0		0		0		0		M35-39		
DNS	6074	八木 翼	ﾔｷﾞ ﾂﾊﾞｻ		男			0		0		0		0		0		0		M35-39		
DNS	6076	BOWLES ASHLEY	ﾎﾞｳﾙｽﾞ ｱｯｼｭﾘ		男			0		0		0		0		0		0		M35-39		
DNS	6080	稲垣 大輔	ｲﾅｶﾞｷ ﾀﾞｲｽｹ		男			0		0		0		0		0		0		M35-39		
DNS	6081	干山 峻	ﾎｼﾔﾏ ｼｭﾝ		男			0		0		0		0		0		0		M35-39		
DNS	6089	金子 直道	ｶﾈｺ ﾅｵﾐﾁ		男			0		0		0		0		0		0		M35-39		
DNS	6091	井口 龍太	ｲｸﾞﾁ ﾘｭｳﾀ		男			0		0		0		0		0		0		M35-39		
DNS	6092	宮坂 鷹秀	ﾐﾔｻｶ ﾀｶﾋﾃﾞ		男			0		0		0		0		0		0		M35-39		
DNS	6106	松元 亮	ﾏﾂﾓﾄ ﾘｮｳ		男			0		0		0		0		0		0		M40-44		
DNS	6115	那須 剛	ﾅｽ ｺﾞｳ		男			0		0		0		0		0		0		M40-44		
DNS	6122	吉本 芳彦	ﾖｼﾓﾄ ﾖｼﾋｺ		男			0		0		0		0		0		0		M40-44		
DNS	6124	石川 智康	ｲｼｶﾜ ﾄﾓﾔｽ		男			0		0		0		0		0		0		M40-44		
DNS	6125	三木谷 智	ﾐｷﾔ ｻﾄｼ		男			0		0		0		0		0		0		M40-44		
DNS	6129	茂木 英昭	ﾓｷﾞ ﾋﾃﾞｱｷ		男			0		0		0		0		0		0		M40-44		
DNS	6134	元井 朗	ﾓﾄｲ ｱｷﾗ		男			0		0		0		0		0		0		M40-44		
DNS	6156	高岡 裕	ﾀｶｵｶ ﾕﾀｶ		男			0		0		0		0		0		0		M40-44		
DNS	6179	福田 哲也	ﾌｸﾀﾞ ﾃﾂﾔ		男			0		0		0		0		0		0		M45-49		
DNS	6184	伊藤 竜広	ｲﾄｳ ﾀﾂﾋﾛ		男			0		0		0		0		0		0		M45-49		
DNS	6190	坂本 洋	ｻｶﾓﾄ ﾖｳ		男			0		0		0		0		0		0		M45-49		
DNS	6193	藤本 悠介	ﾌｼﾞﾓﾄ ﾕｳｽｹ		男			0		0		0		0		0		0		M45-49		
DNS	7003	青葉 渉	ｱｵﾊﾞ ﾜﾀﾙ		男			0		0		0		0		0		0		M45-49		
DNS	7006	笠原 裕矢	ｶｻﾊﾗ ﾕｳﾔ		男			0		0		0		0		0		0		M45-49		
DNS	7014	国府田 利光	ｺｳﾀﾞ ﾄｼﾐﾂ		男			0		0		0		0		0		0		M45-49		
DNS	7019	高橋 洋介	ﾀｶﾊｼ ﾖｳｽｹ		男			0		0		0		0		0		0		M45-49		
DNS	7024	兵頭 貴志	ﾋｮｳﾄﾞｳ ﾀｶｼ		男			0		0		0		0		0		0		M45-49		
DNS	7028	三島 浩	ﾐｼﾏ ﾕﾀｶ		男			0		0		0		0		0		0		M45-49		
DNS	7051	八木 和雄	ﾔｷﾞ ｶｽﾞｵ		男			0		0		0		0		0		0		M50-54		
DNS	7065	小湊 章	ｺﾐﾅﾄ ｱｷﾗ		男			0		0		0		0		0		0		M50-54		
DNS	7073	長谷川 敦	ﾊｾｶﾞﾜ ｱﾂｼ		男			0		0		0		0		0		0		M50-54		
DNS	7077	小林 保之	ｺﾊﾞﾔｼ ﾔｽﾕｷ		男			0		0		0		0		0		0		M50-54		
DNS	7087	正島 康成	ｼｮｳｼﾞﾏ ﾔｽﾅﾘ		男			0		0		0		0		0		0		M50-54		
DNS	7099	横田 浩一	ﾖｺﾀ ﾋﾛｶｽﾞ		男			0		0		0		0		0		0		M50-54		
DNS	7101	上田 元治	ｳｴﾀﾞ ﾓﾄﾊﾙ		男			0		0		0		0		0		0		M50-54		
DNS	7110	上野 武志	ｳｴﾉ ﾀｹｼ		男			0		0		0		0		0		0		M50-54		
DNS	7114	成塚 朋也	ﾅﾘﾂｶ ﾄﾓﾔ		男			0		0		0		0		0		0		M50-54		
DNS	7119	久我 司	ｸｶﾞ ﾂｶｻ		男			0		0		0		0		0		0		M50-54		
DNS	7120	吉田 顕一	ﾖｼﾀﾞ ｹﾝｲﾁ		男			0		0		0		0		0		0		M50-54		
DNS	7128	高森 政隆	ﾀｶﾓﾘ ﾏｻﾀｶ		男			0		0		0		0		0		0		M50-54		
DNS	7148	佐藤 貴幸	ｻﾄｳ ﾀｶﾕｷ		男			0		0		0		0		0		0		M55-59		
DNS	7149	米山 仁	ﾖﾈﾔﾏ ﾋﾄｼ		男			0		0		0		0		0		0		M55-59		
DNS	7153	中塚 備雄	ﾅｶﾂｶ ﾉﾌﾞｵ		男			0		0		0		0		0		0		M55-59		
DNS	7156	David Sims	Sims David		男			0		0		0		0		0		0		M55-59		
DNS	7162	斉藤 淳也	ｻｲﾄｳ ｼﾞｭﾝﾔ		男			0		0		0		0		0		0		M55-59		
DNS	7168	石原 健二	ｲｼﾊﾗ ｹﾝｼﾞ		男			0		0		0		0		0		0		M55-59		
DNS	7170	石田 雅大	ｲｼﾀﾞ ﾏｻﾋﾛ		男			0		0		0		0		0		0		M55-59		
DNS	7176	須々木 昌朗	ｽｽｷ ﾏｻｱｷ		男			0		0		0		0		0		0		M55-59		
DNS	7182	小林 圭	ｺﾊﾞﾔｼ ｹｲ		男			0		0		0		0		0		0		M55-59		
DNS	7184	糸山 敏士	ｲﾄﾔﾏ ｻﾄｼ		男			0		0		0		0		0		0		M55-59		
DNS	7192	川井 一郎	ｶﾜｲｲ ﾁﾛｳ		男			0		0		0		0		0		0		M55-59		
DNS	7196	松田 芳和	ﾏﾂﾀﾞ ﾖｼｶｽﾞ		男			0		0		0		0		0		0		M55-59		
DNS	7197	星 幸伸	ﾎｼ ﾕｷﾉﾌﾞ		男			0		0		0		0		0		0		M55-59		
DNS	8005	曽雌 秀樹	ｿｼ ﾋﾃﾞｷ		男			0		0		0		0		0		0		M60-64		
DNS	8006	中村 丙午	ﾅｶﾑﾗ ﾍｲｺﾞ		男			0		0		0		0		0		0		M60-64		
DNS	8008	二見 康弘	ﾌﾀﾐ ﾔｽﾋﾛ		男			0		0		0		0		0		0		M60-64		
DNS	8009	塚田 毅	ﾂｶﾀﾞ ﾀｹｼ		男			0		0		0		0		0		0		M60-64		
DNS	8017	百瀬 太郎	ﾓﾓｾ ﾀﾛｳ		男			0		0		0		0		0		0		M60-64		
DNS	8029	小田 稔	ｵﾀﾞ ﾐﾉﾙ		男			0		0		0		0		0		0		M60-64		
DNS	8030	福島 勉	ﾌｸｼﾏ ﾂﾄﾑ		男			0		0		0		0		0		0		M60-64		
DNS	8038	木村 隆夫	ｷﾑﾗ ﾀｶｵ		男			0		0		0		0		0		0		M60-64		
DNS	8039	鎌田 智	ｶﾏﾀ ｻﾄﾙ		男			0		0		0		0		0		0		M60-64		
DNS	8043	柳田 康弘	ﾔﾅｷﾞﾀ ﾔｽﾋﾛ		男			0		0		0		0		0		0		M65+		
DNS	8046	灘波 博司	ﾅﾝﾊﾞ ﾋﾛｼ		男			0		0		0		0		0		0		M65+		
DNS	8157	水口 祐輔	ﾐｽﾞｸﾞﾁ ﾕｳｽｹ		男			0		0		0		0		0		0		M40-44		
DNS	8181	中野 海太郎	ﾅｶﾉ ｳﾐﾀﾛｳ		男			0		0		0		0		0		0		M50-54		
DNS	8188	巻田 隆正	ﾏｷﾀ ﾀｶﾏｻ		男			0		0		0		0		0		0		M55-59		
DNS	8189	中野 泰賀	ﾅｶﾉ ﾀｲｶﾞ		男			0		0		0		0		0		0		M0-24		
DNS	9009	寺田 好孝	ﾃﾗﾀﾞ ﾖｼﾀｶ		男			0		0		0		0		0		0		M50-54		
DNS	9025	兼子 進	ｶﾈｺ ｼﾝ		男			0		0		0		0		0		0		M55-59		
DNS	9027	立神 一樹	ﾀﾂｶﾐ ｲｯｷ		男			0		0		0		0		0		0		M55-59		
TOV	8078	武内 絵里奈	ﾀｹｳﾁ ｴﾘﾅ	34	女	4:27:54	0:44:08	80	0:24:31	94	1:51:57	0	3:00:36	0	0:14:06	0	1:13:12	0		F30-34		
TOV	8092	小泉 知美	ｺｲｽﾞﾐ ﾄﾓﾐ	42	女	4:35:47	0:53:11	91	0:19:30	87	1:57:27	0	3:10:08	0	0:07:50	0	1:17:49	0		F40-44		
TOV	8101	安藤 夏美	ｱﾝﾄﾞｳ ﾅﾂﾐ	46	女	4:22:39	0:58:04	93	0:14:12	63	1:55:33	0	3:07:49	0	0:03:57	0	1:10:53	0		F45-49		
TOV	8121	松山 麻未	ﾏﾂﾔﾏ ﾏﾐ	53	女		0:59:09	95	0:21:06	91	1:53:33	0	3:13:48	0		0		0		F50-54		
TOV	8124	鶴岡 千絵	ﾂﾙｵｶ ﾁｴ	54	女	4:49:17	0:58:19	94	0:17:24	84	2:03:51	0	3:19:34	0	0:07:43	0	1:22:00	0		F50-54		
TOV	9022	五味 幸子	ｺﾞﾐ ｻﾁｺ	58	女	4:17:51	0:50:55	89	0:14:59	73	1:55:18	0	3:01:12	0	0:07:24	0	1:09:15	0		F55-59		
TOV	8055	朴 賛珠	ﾊﾟｸ ﾁｬﾝｼﾞｭ	25	女	4:11:08	1:10:49	0	0:11:03	0	1:39:59	0	3:01:51	0	0:04:21	0	1:04:56	0		F25-29		
TOV	8082	奥田 千絵	ｵｸﾀﾞ ﾁｴ	36	女	4:23:44	1:00:56	0	0:13:11	0	1:55:47	0	3:09:54	0	0:06:09	0	1:07:41	0		F35-39		
SKP	8062	荒木 詩帆	ｱﾗｷ ｼﾎ	29	女			0	10:03:31	0	1:54:12	0		0	0:04:18	0	1:04:00	0		F25-29		
DNF	8099	深谷 麻衣	ﾌｶﾔ ﾏｲ	45	女			0		0		0		0		0		0		F45-49		
DNF	8118			53	女			0		0		0		0		0		0		F50-54		
DNF	8143	瀧川 恭子	ﾀｷｶﾞﾜ ﾔｽｺ	61	女			0		0		0		0		0		0		F60-64		
DNS	8063	三木 楓美子	ﾐｷ ﾌﾐｺ	29	女			0		0		0		0		0		0		F25-29		
DNS	8068	Courtney Montecalvo	Montecalvo Courtney	30	女			0		0		0		0		0		0		F30-34		
DNS	8070	河野 志江奈	ｺｳﾉ ｼｴﾅ	31	女			0		0		0		0		0		0		F30-34		
DNS	8076	貴家 蓉子	ｻｽｶﾞ ﾖｳｺ	33	女			0		0		0		0		0		0		F30-34		
DNS	8088	望月 志乃	ﾓﾁﾂﾞｷ ｼﾉ	38	女			0		0		0		0		0		0		F35-39		
DNS	8098	佐藤 麻樹子	ｻﾄｳ ﾏｷｺ	44	女			0		0		0		0		0		0		F40-44		
DNS	8103	折原 由里子	ｵﾘﾊﾗ ﾕﾘｺ	46	女			0		0		0		0		0		0		F45-49		
DNS	8114	濱田 安祐美	ﾊﾏﾀﾞ ｱﾕﾐ	51	女			0		0		0		0		0		0		F50-54		
DNS	8126	小泉 美枝子	ｺｲｽﾞﾐ ﾐｴｺ	54	女			0		0		0		0		0		0		F50-54		
DNS	8132	上田 純子	ｳｴﾀﾞ ｼﾞｭﾝｺ	56	女			0		0		0		0		0		0		F55-59		
DNS	8138	砂橋 典香	ｽﾅﾊﾞｼ ﾐﾁｶ	58	女			0		0		0		0		0		0		F55-59		
DNS	8145	稲葉 貴子	ｲﾅﾊﾞ ﾀｶｺ	65	女			0		0		0		0		0		0		F65+		
DNS	9017	小松田 乃維	ｺﾏﾂﾀﾞ ﾉｲ	24	女			0		0		0		0		0		0		F0-24		
