総合順位	No.	氏名	年齢	性別	居住地	総合記録	スイムラップ	S順	バイクラップ	B順	スプリット通過	ランラップ	R順	男子順位	女子順位	年代区分	年代別順
1	3	東都 源也	37	男	大阪府	2:13:26	0:20:37	1	1:11:20	6	1:31:57	1	0:41:29	6	1		男子35-39歳	
2	6	小竹 佑治	37	男	大阪府	2:13:33	0:24:27	8	1:08:52	1	1:33:19	2	0:40:14	1	2		男子35-39歳	
3	5	森芳 柾博	28	男	福岡県	2:17:21	0:24:47	11	1:11:16	5	1:36:03	5	0:41:18	5	3		男子25-29歳	
4	1	米倉 亮太	37	男	福岡県	2:17:41	0:21:59	4	1:13:25	13	1:35:24	4	0:42:17	8	4		男子35-39歳	1
5	2	飯田 大生	25	男	香川県	2:19:19	0:20:40	2	1:15:46	23	1:36:26	6	0:42:53	13	5		男子25-29歳	1
6	7	長崎 隼太	42	男	広島県	2:20:04	0:24:20	6	1:10:37	3	1:34:57	3	0:45:07	21	6		男子40-44歳	1
7	13	高橋 泰夫	58	男	岡山県	2:20:58	0:28:42	65	1:08:57	2	1:37:39	7	0:43:19	14	7		男子55-59歳	1
8	68	早崎 悠揮	32	男	東京都	2:21:41	0:28:30	60	1:12:19	7	1:40:49	14	0:40:52	3	8		男子30-34歳	1
9	25	合庭 俊二	29	男	福岡県	2:22:00	0:26:26	25	1:13:11	10	1:39:37	10	0:42:23	10	9		男子25-29歳	2
10	153	細井 陽介	44	男	広島県	2:23:34	0:28:35	61	1:13:16	11	1:41:51	17	0:41:43	7	10		男子40-44歳	2
11	83	福井 章太	42	男	香川県	2:23:55	0:27:27	46	1:14:07	16	1:41:34	15	0:42:21	9	11		男子40-44歳	3
12	80	八山 雅幸	37	男	岡山県	2:24:30	0:27:35	51	1:11:00	4	1:38:35	9	0:45:55	27	12		男子35-39歳	2
13	37	松原 和昭	48	男	山口県	2:25:49	0:29:00	69	1:15:42	22	1:44:42	27	0:41:07	4	13		男子45-49歳	1
14	51	埜澤 賢人	30	男	愛知県	2:26:02	0:25:16	13	1:15:27	20	1:40:43	12	0:45:19	23	14		男子30-34歳	2
15	8	舛形 勲	49	男	香川県	2:26:11	0:24:47	12	1:15:33	21	1:40:20	11	0:45:51	26	15		男子45-49歳	2
16	53	保田 直哉	50	男	滋賀県	2:27:01	0:26:22	24	1:14:24	17	1:40:46	13	0:46:15	30	16		男子50-54歳	1
17	42	中西 聖	54	男	広島県	2:27:28	0:26:53	36	1:15:48	24	1:42:41	20	0:44:47	20	17		男子50-54歳	2
18	14	山下 良平	50	男	大阪府	2:27:28	0:25:29	17	1:16:21	28	1:41:50	16	0:45:38	25	18		男子50-54歳	3
19	12	森本 祐一	41	男	東京都	2:29:21	0:21:50	3	1:22:09	68	1:43:59	25	0:45:22	24	19		男子40-44歳	4
20	24	宮崎 準	50	男	香川県	2:29:25	0:26:27	26	1:18:30	35	1:44:57	29	0:44:28	18	20		男子50-54歳	4
21	117	小松 昭太	18	男	広島県	2:30:07	0:26:18	23	1:17:40	32	1:43:58	24	0:46:09	29	21		男子24歳以下	1
22	62	平田 寛	34	男	岡山県	2:30:20	0:29:08	72	1:17:12	30	1:46:20	36	0:44:00	16	22		男子30-34歳	3
23	160	渡邉 悠也	30	男	広島県	2:31:01	0:32:21	134	1:16:03	26	1:48:24	43	0:42:37	12	23		男子30-34歳	4
24	19	松本 華奈	52	女	島根県	2:31:33	0:26:06	22	1:18:42	36	1:44:48	28	0:46:45	35		1	女子50-54歳	
25	195	梶原 幹夫	55	男	岡山県	2:32:00	0:34:16	190	1:17:04	29	1:51:20	58	0:40:40	2	24		男子55-59歳	2
26	4	福元 テツロー	53	男	広島県	2:32:18	0:24:22	7	1:13:27	14	1:37:49	8	0:54:29	109	25		男子50-54歳	5
27	135	塩路 世洋	44	男	愛媛県	2:32:22	0:30:49	101	1:15:14	19	1:46:03	34	0:46:19	32	26		男子40-44歳	5
28	56	杉崎 憲三	50	男	広島県	2:32:26	0:28:41	63	1:14:51	18	1:43:32	23	0:48:54	49	27		男子50-54歳	6
29	21	宮下 和洋	43	男	愛媛県	2:32:41	0:25:31	18	1:18:46	37	1:44:17	26	0:48:24	43	28		男子40-44歳	6
30	54	菊地 剛	48	男	広島県	2:32:44	0:28:19	57	1:19:07	40	1:47:26	41	0:45:18	22	29		男子45-49歳	3
31	27	新林 和樹	39	男	兵庫県	2:32:50	0:27:41	53	1:21:23	63	1:49:04	47	0:43:46	15	30		男子35-39歳	3
32	48	亀山 智之	57	男	広島県	2:33:03	0:30:02	86	1:18:55	39	1:48:57	46	0:44:06	17	31		男子55-59歳	3
33	60	三好 英昭	53	男	愛媛県	2:33:11	0:27:54	55	1:17:57	33	1:45:51	32	0:47:20	40	32		男子50-54歳	7
34	64	栗本 和泰	50	男	兵庫県	2:34:03	0:24:37	10	1:20:20	53	1:44:57	30	0:49:06	51	33		男子50-54歳	8
35	228	宇田 浩	50	男	広島県	2:34:41	0:32:33	142	1:12:51	8	1:45:24	31	0:49:17	52	34		男子50-54歳	9
36	23	石井 龍宏	57	男	広島県	2:35:01	0:27:02	40	1:16:04	27	1:43:06	22	0:51:55	80	35		男子55-59歳	4
37	45	久保 由紀	51	男	愛媛県	2:35:04	0:25:27	16	1:21:21	62	1:46:48	38	0:48:16	42	36		男子50-54歳	10
38	35	白石 和仁	61	男	愛媛県	2:35:48	0:29:11	73	1:19:36	45	1:48:47	45	0:47:01	36	37		男子60-64歳	1
39	73	井上 健一	45	男	岡山県	2:36:02	0:28:27	59	1:13:41	15	1:42:08	19	0:53:54	104	38		男子45-49歳	4
40	178	吉岡 唯	34	女	岡山県	2:36:25	0:29:40	82	1:21:59	66	1:51:39	62	0:44:46	19		2	女子30-34歳	
41	154	櫻井 和輝	28	男	広島県	2:36:47	0:34:27	197	1:19:45	47	1:54:12	71	0:42:35	11	39		男子25-29歳	3
42	197	山岡 健人	46	男	愛媛県	2:37:58	0:34:05	186	1:13:05	9	1:47:10	40	0:50:48	69	40		男子45-49歳	5
43	16	山川 泰明	43	男	岡山県	2:38:28	0:24:33	9	1:17:28	31	1:42:01	18	0:56:27	143	41		男子40-44歳	7
44	61	益田 浩司	61	男	広島県	2:38:30	0:26:59	38	1:20:34	56	1:47:33	42	0:50:57	71	42		男子60-64歳	2
45	103	寺尾 有貴	45	男	愛媛県	2:38:39	0:29:45	84	1:19:54	48	1:49:39	49	0:49:00	50	43		男子45-49歳	6
46	331	平田 敦司	49	男	広島県	2:39:05	0:32:02	124	1:18:48	38	1:50:50	55	0:48:15	41	44		男子45-49歳	7
47	71	窪田 俊介	51	男	愛媛県	2:39:09	0:27:25	45	1:22:23	71	1:49:48	50	0:49:21	53	45		男子50-54歳	11
48	123	緒方 裕司	49	男	広島県	2:39:35	0:32:19	132	1:20:11	52	1:52:30	64	0:47:05	38	46		男子45-49歳	8
49	102	先田 由紀	52	女	徳島県	2:39:45	0:27:49	54	1:21:28	64	1:49:17	48	0:50:28	67		3	女子50-54歳	
50	32	丸山 誠	54	男	鳥取県	2:40:09	0:24:19	5	1:22:32	74	1:46:51	39	0:53:18	94	47		男子50-54歳	12
51	196	織田 晃	50	男	愛媛県	2:40:26	0:33:37	171	1:20:32	55	1:54:09	70	0:46:17	31	48		男子50-54歳	13
52	40	阿曽沼 樹	51	男	福岡県	2:41:03	0:26:40	33	1:23:37	80	1:50:17	51	0:50:46	68	49		男子50-54歳	14
53	199	大本 達也	36	男	広島県	2:41:10	0:32:56	151	1:13:19	12	1:46:15	35	0:54:55	114	50		男子35-39歳	4
54	59	江田 俊輔	40	男	広島県	2:41:22	0:27:22	44	1:25:26	96	1:52:48	66	0:48:34	45	51		男子40-44歳	8
55	149	馬場 正基	56	男	群馬県	2:41:27	0:31:22	114	1:20:03	49	1:51:25	59	0:50:02	62	52		男子55-59歳	5
56	9	木村 哲也	50	男	広島県	2:41:42	0:27:04	41	1:27:53	118	1:54:57	77	0:46:45	34	53		男子50-54歳	15
57	69	佐々木 和則	43	男	愛媛県	2:41:57	0:30:39	96	1:20:57	59	1:51:36	61	0:50:21	64	54		男子40-44歳	9
58	44	中村 有一郎	34	男	香川県	2:42:14	0:26:59	39	1:16:00	25	1:42:59	21	0:59:15	181	55		男子30-34歳	5
59	165	唐木 誠	51	男	福岡県	2:42:34	0:30:40	98	1:22:05	67	1:52:45	65	0:49:49	57	56		男子50-54歳	16
60	99	小川 千恵子	54	女	大阪府	2:43:02	0:30:16	90	1:25:36	98	1:55:52	86	0:47:10	39		4	女子50-54歳	1
61	131	村上 剛	47	男	広島県	2:43:24	0:27:33	49	1:21:02	60	1:48:35	44	0:54:49	113	57		男子45-49歳	9
62	26	山口 稔也	42	男	岡山県	2:43:36	0:26:29	28	1:20:04	50	1:46:33	37	0:57:03	155	58		男子40-44歳	10
63	15	三宅 孝明	52	男	岡山県	2:43:48	0:28:09	56	1:22:27	72	1:50:36	52	0:53:12	92	59		男子50-54歳	17
64	189	森 正寿	52	男	島根県	2:43:54	0:31:43	122	1:19:13	42	1:50:56	56	0:52:58	90	60		男子50-54歳	18
65	111	平前 有史	48	男	広島県	2:44:15	0:31:33	119	1:19:08	41	1:50:41	53	0:53:34	96	61		男子45-49歳	10
66	137	数田 啓二	43	男	愛媛県	2:44:19	0:32:16	131	1:25:27	97	1:57:43	98	0:46:36	33	62		男子40-44歳	11
67	108	高畑 麻衣子	51	女	香川県	2:44:39	0:32:57	152	1:23:10	78	1:56:07	88	0:48:32	44		5	女子50-54歳	2
68	181	馬越 祥介	35	男	愛媛県	2:44:49	0:32:21	135	1:20:36	57	1:52:57	67	0:51:52	79	63		男子35-39歳	5
69	113	瀬尾 圭司	61	男	徳島県	2:44:55	0:31:21	112	1:23:50	81	1:55:11	80	0:49:44	56	64		男子60-64歳	3
70	75	清水 俊郎	61	男	福岡県	2:44:59	0:30:08	89	1:24:27	88	1:54:35	75	0:50:24	65	65		男子60-64歳	4
71	97	上竹 哲也	54	男	広島県	2:45:15	0:31:26	117	1:22:58	76	1:54:24	72	0:50:51	70	66		男子50-54歳	19
72	119	小松 大輝	21	男	広島県	2:45:22	0:35:49	232	1:19:43	46	1:55:32	83	0:49:50	58	67		男子24歳以下	2
73	18	三好 春樹	58	男	愛媛県	2:45:23	0:26:52	35	1:24:40	90	1:51:32	60	0:53:51	103	68		男子55-59歳	6
74	74	重松 福太郎	42	男	愛媛県	2:46:03	0:28:20	58	1:22:40	75	1:51:00	57	0:55:03	117	69		男子40-44歳	12
75	303	那須 大基	45	男	長崎県	2:46:47	0:36:14	249	1:18:19	34	1:54:33	74	0:52:14	86	70		男子45-49歳	11
76	266	河村 拓真	37	男	広島県	2:46:58	0:32:26	140	1:22:28	73	1:54:54	76	0:52:04	85	71		男子35-39歳	6
77	115	油野 晃	47	男	広島県	2:47:00	0:31:17	109	1:19:31	44	1:50:48	54	0:56:12	140	72		男子45-49歳	12
78	210	辻野 純子	53	女	大阪府	2:47:08	0:37:05	270	1:20:04	51	1:57:09	94	0:49:59	60		6	女子50-54歳	3
79	11	柚山 光大	47	男	愛媛県	2:47:11	0:26:37	30	1:26:47	111	1:53:24	69	0:53:47	100	73		男子45-49歳	13
80	93	吉岡 篤志	47	男	大阪府	2:47:49	0:26:31	29	1:19:20	43	1:45:51	33	1:01:58	215	74		男子45-49歳	14
81	381	古川 たくや	47	男	愛媛県	2:47:52	0:33:53	179	1:22:17	69	1:56:10	89	0:51:42	75	75		男子45-49歳	15
82	82	奥島 悠大	34	男	広島県	2:48:14	0:31:16	108	1:26:33	109	1:57:49	99	0:50:25	66	76		男子30-34歳	6
83	47	鈴村 広平	43	男	広島県	2:48:21	0:25:42	20	1:26:25	107	1:52:07	63	0:56:14	141	77		男子40-44歳	13
84	345	PONDER MITCHELL	33	男	東京都	2:49:07	0:31:13	107	1:25:21	95	1:56:34	93	0:52:33	87	78		男子30-34歳	7
85	41	北吉 舞	51	女	奈良県	2:49:21	0:29:07	71	1:28:19	122	1:57:26	95	0:51:55	81		7	女子50-54歳	4
86	126	柳本 達夫	52	男	滋賀県	2:49:46	0:36:16	250	1:21:39	65	1:57:55	100	0:51:51	78	79		男子50-54歳	20
87	136	小路 廣輔	44	男	大阪府	2:50:28	0:29:26	80	1:29:03	132	1:58:29	107	0:51:59	82	80		男子40-44歳	14
88	121	足立 浩宣	47	男	香川県	2:50:34	0:31:33	120	1:23:35	79	1:55:08	79	0:55:26	123	81		男子45-49歳	16
89	452	岩田 達也	45	男	広島県	2:50:35	0:34:16	191	1:26:11	104	2:00:27	117	0:50:08	63	82		男子45-49歳	17
90	100	板谷 健男	45	男	岡山県	2:50:39	0:30:06	87	1:30:33	148	2:00:39	119	0:50:00	61	83		男子45-49歳	18
91	332	山本 義夫	63	男	岡山県	2:50:44	0:35:54	235	1:22:59	77	1:58:53	113	0:51:51	77	84		男子60-64歳	5
92	34	石橋 洋平	47	男	大阪府	2:50:54	0:26:38	31	1:29:38	140	1:56:16	90	0:54:38	110	85		男子45-49歳	19
93	141	内野 基	56	男	兵庫県	2:51:15	0:29:34	81	1:28:42	129	1:58:16	105	0:52:59	91	86		男子55-59歳	7
94	65	大野 雅弘	45	男	大阪府	2:51:27	0:29:44	83	1:25:55	101	1:55:39	84	0:55:48	133	87		男子45-49歳	20
95	164	小林 孝弘	45	男	山口県	2:52:15	0:32:23	137	1:32:50	178	2:05:13	161	0:47:02	37	88		男子45-49歳	21
96	20	河村 政勝	65	男	山口県	2:52:27	0:27:13	43	1:27:19	112	1:54:32	73	0:57:55	164	89		男子65-69歳	1
97	245	鈴木 修平	45	男	愛媛県	2:52:45	0:35:12	213	1:21:12	61	1:56:24	91	0:56:21	142	90		男子45-49歳	22
98	373	天野 貴文	48	男	徳島県	2:52:46	0:33:16	160	1:33:34	187	2:06:50	177	0:45:56	28	91		男子45-49歳	23
99	283	幸村 逸磨	49	男	東京都	2:52:55	0:30:24	92	1:31:12	155	2:01:36	126	0:51:19	72	92		男子45-49歳	24
100	250	本岡 誉登	33	男	兵庫県	2:53:00	0:34:33	199	1:20:50	58	1:55:23	81	0:57:37	158	93		男子30-34歳	8
101	30	河田 真奈	39	女	福岡県	2:53:02	0:26:58	37	1:29:32	137	1:56:30	92	0:56:32	146		8	女子35-39歳	1
102	143	越智 保緒	53	男	愛媛県	2:53:05	0:32:22	136	1:25:10	92	1:57:32	96	0:55:33	126	94		男子50-54歳	21
103	158	石井 将文	48	男	広島県	2:53:15	0:31:23	115	1:26:14	105	1:57:37	97	0:55:38	129	95		男子45-49歳	25
104	146	木村 慎吾	45	男	香川県	2:53:37	0:30:07	88	1:24:59	91	1:55:06	78	0:58:31	169	96		男子45-49歳	26
105	96	中尾 静生	55	男	兵庫県	2:53:42	0:28:42	66	1:24:25	87	1:53:07	68	1:00:35	196	97		男子55-59歳	8
106	88	大西 洋	60	男	愛媛県	2:53:47	0:32:44	146	1:26:00	102	1:58:44	111	0:55:03	118	98		男子60-64歳	6
107	464	山内 康弘	41	男	兵庫県	2:53:56	0:35:10	212	1:25:19	94	2:00:29	118	0:53:27	95	99		男子40-44歳	15
108	38	持田 英昭	52	男	京都府	2:53:57	0:30:31	95	1:28:27	123	1:58:58	114	0:54:59	115	100		男子50-54歳	22
109	52	青葉 茂	58	男	愛媛県	2:54:24	0:27:30	48	1:33:41	190	2:01:11	123	0:53:13	93	101		男子55-59歳	9
110	140	垂髪 祐樹	47	男	兵庫県	2:54:27	0:31:07	106	1:31:19	156	2:02:26	132	0:52:01	84	102		男子45-49歳	27
111	241	高橋 香	51	女	島根県	2:54:41	0:35:35	221	1:25:16	93	2:00:51	120	0:53:50	102		9	女子50-54歳	5
112	302	岡内 雄司	53	男	香川県	2:54:43	0:40:39	334	1:24:13	84	2:04:52	156	0:49:51	59	103		男子50-54歳	23
113	125	小松 健一	52	男	広島県	2:54:51	0:31:39	121	1:26:34	110	1:58:13	104	0:56:38	147	104		男子50-54歳	24
114	186	山本 浩史	56	男	愛媛県	2:55:13	0:33:45	172	1:25:49	100	1:59:34	115	0:55:39	130	105		男子55-59歳	10
115	336	鳳 和希	32	男	愛媛県	2:55:27	0:37:01	268	1:24:19	86	2:01:20	125	0:54:07	105	106		男子30-34歳	9
116	209	村上 誠志	53	男	愛媛県	2:55:44	0:34:29	198	1:29:15	135	2:03:44	143	0:52:00	83	107		男子50-54歳	25
117	76	水中 一成	42	男	大阪府	2:55:51	0:32:29	141	1:25:37	99	1:58:06	102	0:57:45	161	108		男子40-44歳	16
118	39	松友 希帆	27	女	愛媛県	2:55:54	0:27:09	42	1:31:32	160	1:58:41	110	0:57:13	156		10	女子25-29歳	1
119	142	志方 優	42	男	兵庫県	2:56:05	0:33:58	182	1:32:30	171	2:06:28	172	0:49:37	55	109		男子40-44歳	17
120	279	井上 昭彦	60	男	神奈川県	2:56:09	0:32:23	138	1:26:00	103	1:58:23	106	0:57:46	163	110		男子60-64歳	7
121	145	若木 一朗	68	男	鳥取県	2:56:39	0:32:51	148	1:28:18	121	2:01:09	122	0:55:30	125	111		男子65-69歳	2
122	232	沖津 浩也	39	男	岡山県	2:56:53	0:37:08	271	1:27:58	119	2:05:06	160	0:51:47	76	112		男子35-39歳	7
123	267	小澤 真理子	59	女	富山県	2:57:31	0:36:52	265	1:26:26	108	2:03:18	137	0:54:13	107		11	女子55-59歳	1
124	176	宍倉 大介	43	男	大阪府	2:57:33	0:25:22	15	1:32:36	172	1:57:58	101	0:59:35	186	113		男子40-44歳	18
125	167	稲住 元気	48	男	岡山県	2:57:36	0:33:28	169	1:28:46	130	2:02:14	130	0:55:22	122	114		男子45-49歳	28
126	323	川嶋 俊太	20	男	東京都	2:57:57	0:32:47	147	1:28:10	120	2:00:57	121	0:57:00	154	115		男子24歳以下	3
127	263	大田垣 光洋	56	男	兵庫県	2:58:22	0:32:08	126	1:32:38	173	2:04:46	154	0:53:36	97	116		男子55-59歳	11
128	255	佐野 千穂	55	女	広島県	2:58:34	0:36:35	258	1:27:49	117	2:04:24	150	0:54:10	106		12	女子55-59歳	2
129	192	矢代 俊介	47	男	岡山県	2:58:58	0:32:11	128	1:30:49	150	2:03:00	134	0:55:58	135	117		男子45-49歳	29
130	259	中舎 真一	53	男	兵庫県	2:59:23	0:34:24	193	1:24:14	85	1:58:38	109	1:00:45	198	118		男子50-54歳	26
131	155	鈴木 勝弘	52	男	岡山県	2:59:26	0:31:21	113	1:24:34	89	1:55:55	87	1:03:31	241	119		男子50-54歳	27
132	350	中村 絵里	45	女	大阪府	2:59:59	0:33:10	159	1:33:02	180	2:06:12	169	0:53:47	99		13	女子45-49歳	1
133	272	林 和弘	49	男	兵庫県	3:00:00	0:35:43	229	1:32:39	174	2:08:22	192	0:51:38	74	120		男子45-49歳	30
134	33	縄田 慎吾	45	男	福岡県	3:00:03	0:27:38	52	1:27:48	116	1:55:26	82	1:04:37	249	121		男子45-49歳	31
135	246	濱崎 洋光	47	男	島根県	3:00:06	0:33:23	166	1:30:02	141	2:03:25	139	0:56:41	148	122		男子45-49歳	32
136	353	永尾 智也	31	男	愛知県	3:00:07	0:43:39	366	1:27:36	115	2:11:15	216	0:48:52	48	123		男子30-34歳	10
137	337	伊東 文彦	54	男	滋賀県	3:00:19	0:34:25	195	1:30:20	146	2:04:45	153	0:55:34	127	124		男子50-54歳	28
138	207	尾崎 正宏	49	男	埼玉県	3:00:44	0:33:18	164	1:28:42	128	2:02:00	128	0:58:44	171	125		男子45-49歳	33
139	462	森近 彰吾	40	男	埼玉県	3:00:56	0:33:52	178	1:31:45	161	2:05:37	166	0:55:19	120	126		男子40-44歳	19
140	243	田中 孝一	61	男	山口県	3:01:44	0:34:56	206	1:23:55	82	1:58:51	112	1:02:53	230	127		男子60-64歳	8
141	49	杉浦 大介	46	男	広島県	3:01:45	0:33:18	163	1:31:29	158	2:04:47	155	0:56:58	153	128		男子45-49歳	34
142	413	佐々木 義幸	50	男	鳥取県	3:01:49	0:34:08	187	1:28:40	126	2:02:48	133	0:59:01	176	129		男子50-54歳	29
143	201	中西 康貴	41	男	兵庫県	3:01:51	0:33:54	181	1:30:19	145	2:04:13	147	0:57:38	159	130		男子40-44歳	20
144	456	佐藤 来美	30	女	広島県	3:01:55	0:32:40	144	1:29:37	139	2:02:17	131	0:59:38	188		14	女子30-34歳	1
145	110	浅野 智佳子	53	女	大阪府	3:02:01	0:31:03	103	1:32:00	165	2:03:03	135	0:58:58	174		15	女子50-54歳	6
146	215	平山 敬子	66	女	大阪府	3:02:08	0:33:06	157	1:32:12	167	2:05:18	163	0:56:50	149		16	女子65-69歳	1
147	372	徳増 一樹	40	男	岡山県	3:02:42	0:35:21	217	1:20:30	54	1:55:51	85	1:06:51	278	131		男子40-44歳	21
148	151	西井 憲一郎	38	男	岡山県	3:02:45	0:29:18	78	1:28:54	131	1:58:12	103	1:04:33	248	132		男子35-39歳	8
149	159	佐野 吉雄	61	男	広島県	3:03:01	0:30:40	99	1:34:15	194	2:04:55	157	0:58:06	167	133		男子60-64歳	9
150	226	佐藤 万里恵	43	女	香川県	3:03:31	0:35:55	237	1:32:16	168	2:08:11	191	0:55:20	121		17	女子40-44歳	1
151	139	片岡 宏介	67	男	福岡県	3:03:31	0:32:36	143	1:28:42	127	2:01:18	124	1:02:13	219	134		男子65-69歳	3
152	114	秋山 研龍	64	男	広島県	3:03:35	0:29:05	70	1:30:59	152	2:00:04	116	1:03:31	240	135		男子60-64歳	10
153	242	鬼頭 枝里	35	女	福岡県	3:03:41	0:33:51	176	1:33:55	192	2:07:46	185	0:55:55	134		18	女子35-39歳	2
154	335	出口 恭平	39	男	岡山県	3:04:19	0:37:38	285	1:26:23	106	2:04:01	145	1:00:18	191	136		男子35-39歳	9
155	307	白石 尚寛	42	男	愛媛県	3:04:24	0:31:03	104	1:40:45	274	2:11:48	220	0:52:36	88	137		男子40-44歳	22
156	383	西川 石雄	57	男	滋賀県	3:04:28	0:39:22	318	1:36:14	215	2:15:36	249	0:48:52	47	138		男子55-59歳	12
157	122	岡本 成史	29	男	愛媛県	3:04:30	0:39:51	325	1:24:08	83	2:03:59	144	1:00:31	195	139		男子25-29歳	4
158	72	足立 雅子	49	女	鳥取県	3:04:44	0:30:23	91	1:33:15	185	2:03:38	141	1:01:06	202		19	女子45-49歳	2
159	78	岡村 巌	67	男	大阪府	3:04:58	0:38:56	309	1:31:21	157	2:10:17	206	0:54:41	111	140		男子65-69歳	4
160	200	伊藤 知行	53	男	東京都	3:05:07	0:35:36	223	1:29:25	136	2:05:01	158	1:00:06	189	141		男子50-54歳	30
161	183	野々山 翔空	37	女	大阪府	3:05:12	0:30:50	102	1:33:34	186	2:04:24	149	1:00:48	200		20	女子35-39歳	3
162	104	田丸 統子	58	女	奈良県	3:05:37	0:33:22	165	1:37:29	232	2:10:51	212	0:54:46	112		21	女子55-59歳	3
163	198	坂村 勝	59	男	広島県	3:05:56	0:31:51	123	1:38:38	253	2:10:29	208	0:55:27	124	142		男子55-59歳	13
164	133	BRUEHLMAN LUKE	40	男	東京都	3:05:57	0:26:42	34	1:36:22	219	2:03:04	136	1:02:53	231	143		男子40-44歳	23
165	348	福嶋 智之	47	男	岡山県	3:05:59	0:35:58	238	1:36:15	216	2:12:13	222	0:53:46	98	144		男子45-49歳	35
166	10	松木 美佐子	53	女	愛媛県	3:06:04	0:25:17	14	1:40:19	268	2:05:36	164	1:00:28	193		22	女子50-54歳	7
167	284	大本 聖	44	男	愛媛県	3:06:15	0:33:54	180	1:36:20	217	2:10:14	204	0:56:01	138	145		男子40-44歳	24
168	187	酒井 龍司	58	男	島根県	3:06:23	0:32:25	139	1:34:49	200	2:07:14	181	0:59:09	178	146		男子55-59歳	14
169	29	茂野 雅彦	52	男	広島県	3:06:25	0:31:30	118	1:35:38	209	2:07:08	179	0:59:17	182	147		男子50-54歳	31
170	194	石崎 成幸	53	男	愛媛県	3:06:29	0:35:17	214	1:31:58	164	2:07:15	182	0:59:14	179	148		男子50-54歳	32
171	287	原田 雄二	72	男	滋賀県	3:06:29	0:36:10	246	1:29:04	133	2:05:14	162	1:01:15	203	149		男子70-74歳	1
172	343	桑本 陽子	59	女	鳥取県	3:06:44	0:42:12	352	1:30:14	143	2:12:26	225	0:54:18	108		23	女子55-59歳	4
173	240	青森 直人	61	男	岡山県	3:06:46	0:35:52	234	1:32:05	166	2:07:57	188	0:58:49	172	150		男子60-64歳	11
174	134	篠原 亮	39	男	愛媛県	3:06:50	0:32:06	125	1:29:34	138	2:01:40	127	1:05:10	255	151		男子35-39歳	10
175	168	古谷 真一	66	男	岡山県	3:07:18	0:32:55	150	1:29:13	134	2:02:08	129	1:05:10	254	152		男子65-69歳	5
176	358	大関 道薫	45	男	大阪府	3:07:20	0:33:00	155	1:38:21	248	2:11:21	218	0:55:59	137	153		男子45-49歳	36
177	248	菅 穂高	46	男	愛媛県	3:07:34	0:35:32	220	1:36:22	218	2:11:54	221	0:55:40	131	154		男子45-49歳	37
178	50	鈴村 ゆかり	42	女	広島県	3:07:52	0:28:41	64	1:37:47	240	2:06:28	171	1:01:24	206		24	女子40-44歳	2
179	224	杉橋 英治	60	男	愛媛県	3:08:00	0:34:52	203	1:35:04	202	2:09:56	203	0:58:04	166	155		男子60-64歳	12
180	84	若山 貴行	51	男	大阪府	3:08:04	0:30:47	100	1:32:46	176	2:03:33	140	1:04:31	247	156		男子50-54歳	33
181	260	田村 佳世子	61	女	徳島県	3:08:09	0:34:03	184	1:37:16	230	2:11:19	217	0:56:50	150		25	女子60-64歳	1
182	55	北嶋 秀樹	61	男	香川県	3:08:09	0:30:40	97	1:34:22	195	2:05:02	159	1:03:07	234	157		男子60-64歳	13
183	172	兼子 篤三郎	67	男	徳島県	3:08:10	0:32:53	149	1:33:37	188	2:06:30	173	1:01:40	211	158		男子65-69歳	6
184	17	森 栄二	49	男	愛媛県	3:08:33	0:26:38	32	1:37:59	242	2:04:37	151	1:03:56	243	159		男子45-49歳	38
185	118	西岡 耕一	50	男	香川県	3:08:47	0:35:50	233	1:44:16	309	2:20:06	289	0:48:41	46	160		男子50-54歳	34
186	395	田中 博栄	47	男	広島県	3:08:49	0:37:46	287	1:38:22	250	2:16:08	258	0:52:41	89	161		男子45-49歳	39
187	285	綿貫 純也	57	男	島根県	3:09:04	0:36:33	257	1:30:16	144	2:06:49	176	1:02:15	220	162		男子55-59歳	15
188	273	竹村 幸大	48	男	兵庫県	3:09:06	0:38:50	306	1:28:32	124	2:07:22	183	1:01:44	213	163		男子45-49歳	40
189	274	森田 一也	48	男	広島県	3:09:15	0:36:58	267	1:33:54	191	2:10:52	213	0:58:23	168	164		男子45-49歳	41
190	459	原田 篤志	46	男	山口県	3:09:20	0:36:14	248	1:37:31	233	2:13:45	233	0:55:35	128	165		男子45-49歳	42
191	70	石本 晴彦	61	男	広島県	3:09:50	0:35:00	208	1:33:03	181	2:08:03	189	1:01:47	214	166		男子60-64歳	14
192	271	藤原 聡	51	男	愛媛県	3:09:59	0:33:52	177	1:34:36	197	2:08:28	194	1:01:31	208	167		男子50-54歳	35
193	324	荻原 宏俊	58	男	岡山県	3:09:59	0:38:47	305	1:39:51	263	2:18:38	279	0:51:21	73	168		男子55-59歳	16
194	270	相原 伸行	56	男	広島県	3:10:01	0:36:29	252	1:34:36	198	2:11:05	214	0:58:56	173	169		男子55-59歳	17
195	401	世良 行寛	39	男	広島県	3:10:01	0:36:37	259	1:38:10	246	2:14:47	243	0:55:14	119	170		男子35-39歳	11
196	314	ブラウン トゥリサ和美	26	女	長崎県	3:10:05	0:29:23	79	1:38:31	252	2:07:54	186	1:02:11	218		26	女子25-29歳	2
197	77	蛯名 茜	40	女	広島県	3:10:06	0:38:13	296	1:32:54	179	2:11:07	215	0:58:59	175		27	女子40-44歳	3
198	211	梅景 雅史	48	男	京都府	3:10:21	0:31:06	105	1:27:28	114	1:58:34	108	1:11:47	321	171		男子45-49歳	43
199	310	須田 深雪	47	女	東京都	3:10:22	0:39:00	313	1:41:57	287	2:20:57	294	0:49:25	54		28	女子45-49歳	3
200	222	前川 雅洋	63	男	広島県	3:10:23	0:36:01	240	1:38:24	251	2:14:25	238	0:55:58	136	172		男子60-64歳	15
201	150	森田 哲博	58	男	鳥取県	3:10:29	0:36:41	260	1:27:25	113	2:04:06	146	1:06:23	271	173		男子55-59歳	18
202	130	庄司 智晴	43	男	愛媛県	3:10:44	0:32:58	153	1:31:47	162	2:04:45	152	1:05:59	259	174		男子40-44歳	25
203	288	稲本 充宏	51	男	兵庫県	3:10:50	0:37:38	284	1:35:31	207	2:13:09	228	0:57:41	160	175		男子50-54歳	36
204	105	渡部 功治	51	男	兵庫県	3:10:55	0:38:34	299	1:30:06	142	2:08:40	195	1:02:15	221	176		男子50-54歳	37
205	95	百瀬 太郎	60	男	長野県	3:11:15	0:33:28	168	1:37:03	227	2:10:31	210	1:00:44	197	177		男子60-64歳	16
206	205	中野 彰久	48	男	大阪府	3:11:25	0:34:27	196	1:32:19	169	2:06:46	175	1:04:39	251	178		男子45-49歳	44
207	31	下 隆俊	66	男	広島県	3:12:07	0:30:28	94	1:38:15	247	2:08:43	196	1:03:24	237	179		男子65-69歳	7
208	174	大印 美香	51	女	岡山県	3:12:16	0:34:24	194	1:35:19	204	2:09:43	201	1:02:33	223		29	女子50-54歳	8
209	297	高橋 直也	33	男	神奈川県	3:12:24	0:38:35	301	1:34:34	196	2:13:09	229	0:59:15	180	180		男子30-34歳	11
210	129	中堂園 尚幸	40	男	兵庫県	3:12:59	0:30:24	93	1:43:10	297	2:13:34	231	0:59:25	185	181		男子40-44歳	26
211	256	北畑 まゆみ	52	女	滋賀県	3:13:07	0:39:40	324	1:30:39	149	2:10:19	207	1:02:48	227		30	女子50-54歳	9
212	238	赤瀬 伸	56	男	兵庫県	3:13:12	0:36:42	261	1:36:54	226	2:13:36	232	0:59:36	187	182		男子55-59歳	19
213	231	城田 全江	46	女	福岡県	3:13:17	0:38:57	310	1:38:39	254	2:17:36	269	0:55:41	132		31	女子45-49歳	4
214	268	大本 真奈美	40	女	広島県	3:13:32	0:34:46	201	1:42:42	294	2:17:28	267	0:56:04	139		32	女子40-44歳	4
215	296	小糸 光	70	男	愛媛県	3:13:34	0:38:06	295	1:34:10	193	2:12:16	223	1:01:18	204	183		男子70-74歳	2
216	269	福島 健夫	44	男	広島県	3:13:47	0:33:45	173	1:31:52	163	2:05:37	165	1:08:10	291	184		男子40-44歳	27
217	309	豊田 禎夫	55	男	兵庫県	3:13:49	0:40:51	338	1:36:28	221	2:17:19	264	0:56:30	144	185		男子55-59歳	20
218	455	江橋 辰哉	37	男	岡山県	3:14:00	0:37:13	276	1:41:45	285	2:18:58	281	0:55:02	116	186		男子35-39歳	12
219	166	田久世 奈々子	61	女	兵庫県	3:14:05	0:34:53	204	1:33:03	182	2:07:56	187	1:06:09	264		33	女子60-64歳	2
220	91	高橋 祐基	39	男	愛媛県	3:14:13	0:29:16	77	1:36:33	223	2:05:49	168	1:08:24	293	187		男子35-39歳	13
221	344	山下 勝司	44	男	広島県	3:14:14	0:44:03	370	1:33:39	189	2:17:42	272	0:56:32	145	188		男子40-44歳	28
222	234	藤原 稔	55	男	愛媛県	3:14:43	0:39:18	316	1:35:11	203	2:14:29	240	1:00:14	190	189		男子55-59歳	21
223	116	三原 広義	58	男	東京都	3:15:04	0:35:44	230	1:35:49	211	2:11:33	219	1:03:31	239	190		男子55-59歳	22
224	219	工藤 誠也	33	男	神奈川県	3:15:13	0:37:11	274	1:38:42	255	2:15:53	253	0:59:20	183	191		男子30-34歳	12
225	157	高橋 孝綱	44	男	東京都	3:15:20	0:36:29	251	1:38:03	244	2:14:32	241	1:00:48	199	192		男子40-44歳	29
226	237	武輪 和慶	47	男	大阪府	3:15:28	0:36:52	266	1:36:26	220	2:13:18	230	1:02:10	217	193		男子45-49歳	45
227	318	甲斐 利浩	58	男	広島県	3:15:30	0:36:06	243	1:33:13	184	2:09:19	199	1:06:11	266	194		男子55-59歳	23
228	325	大西 健人	55	男	兵庫県	3:15:36	0:37:43	286	1:30:25	147	2:08:08	190	1:07:28	283	195		男子55-59歳	24
229	457	工藤 敦史	46	男	滋賀県	3:15:37	0:40:45	336	1:37:59	243	2:18:44	280	0:56:53	151	196		男子45-49歳	46
230	57	西原 慎太郎	39	男	愛媛県	3:15:40	0:27:34	50	1:38:09	245	2:05:43	167	1:09:57	302	197		男子35-39歳	14
231	264	高須賀 英樹	65	男	愛媛県	3:15:47	0:34:18	192	1:32:49	177	2:07:07	178	1:08:40	296	198		男子65-69歳	8
232	175	杉本 良太	47	男	鳥取県	3:15:48	0:25:59	21	1:37:26	231	2:03:25	138	1:12:23	327	199		男子45-49歳	47
233	169	西澤 尚起	32	男	大阪府	3:16:03	0:25:42	19	1:48:46	345	2:14:28	239	1:01:35	210	200		男子30-34歳	13
234	92	小林 慎太郎	55	男	埼玉県	3:16:10	0:29:13	74	1:40:15	267	2:09:28	200	1:06:42	277	201		男子55-59歳	25
235	171	瀬野 敦司	52	男	愛媛県	3:16:18	0:28:56	68	1:39:56	264	2:08:52	197	1:07:26	282	202		男子50-54歳	38
236	444	伊藤 豊	61	男	静岡県	3:16:40	0:35:17	215	1:35:21	206	2:10:38	211	1:06:02	260	203		男子60-64歳	17
237	463	神村 明子	48	女	宮崎県	3:16:52	0:38:39	302	1:37:12	229	2:15:51	251	1:01:01	201		34	女子45-49歳	5
238	430	田中 純一	58	男	愛知県	3:16:55	0:37:49	288	1:32:26	170	2:10:15	205	1:06:40	276	204		男子55-59歳	26
239	208	矢野 幸恵	50	女	愛媛県	3:17:02	0:34:53	205	1:35:37	208	2:10:30	209	1:06:32	273		35	女子50-54歳	10
240	376	MATTHIAS RUTTMANN	50	男	愛媛県	3:17:07	0:39:32	322	1:34:40	199	2:14:12	237	1:02:55	232	205		男子50-54歳	39
241	66	仲西 厚史	49	男	大阪府	3:17:09	0:28:40	62	1:37:39	235	2:06:19	170	1:10:50	311	206		男子45-49歳	48
242	203	岡村 浩司	60	男	香川県	3:17:11	0:34:03	183	1:32:43	175	2:06:46	174	1:10:25	306	207		男子60-64歳	18
243	236	村上 豪	53	男	愛媛県	3:17:24	0:37:16	278	1:36:42	224	2:13:58	234	1:03:26	238	208		男子50-54歳	40
244	308	田波 康行	53	男	静岡県	3:17:56	0:35:43	228	1:39:22	258	2:15:05	246	1:02:51	228	209		男子50-54歳	41
245	124	永山 治孝	58	男	京都府	3:18:38	0:31:17	110	1:41:08	277	2:12:25	224	1:06:13	267	210		男子55-59歳	27
246	397	林 哲也	68	男	香川県	3:19:01	0:37:08	272	1:35:47	210	2:12:55	226	1:06:06	263	211		男子65-69歳	9
247	184	大河内 太一	39	男	愛媛県	3:19:22	0:34:11	188	1:35:03	201	2:09:14	198	1:10:08	303	212		男子35-39歳	15
248	294	乾 登史孝	49	男	大阪府	3:19:28	0:35:37	224	1:40:40	273	2:16:17	259	1:03:11	235	213		男子45-49歳	49
249	475	松井 研	26	男	東京都	3:19:37	0:31:17	111	1:41:46	286	2:13:03	227	1:06:34	274	214		男子25-29歳	5
250	299	田中 康一	42	男	香川県	3:19:43	0:35:59	239	1:41:35	282	2:17:34	268	1:02:09	216	215		男子40-44歳	30
251	218	北山 敏和	75	男	和歌山県	3:19:43	0:37:32	282	1:44:45	312	2:22:17	302	0:57:26	157	216		男子75歳以上	1
252	399	渡邉 健一	54	男	東京都	3:20:00	0:46:08	378	1:22:18	70	2:08:26	193	1:11:34	320	217		男子50-54歳	42
253	382	阿部 一郎	31	男	愛媛県	3:20:01	0:32:09	127	1:47:24	333	2:19:33	285	1:00:28	194	218		男子30-34歳	14
254	478	丸谷 亮太	30	男	千葉県	3:20:03	0:37:28	280	1:39:44	261	2:17:12	262	1:02:51	229	219		男子30-34歳	15
255	206	野木 洋平	52	男	大阪府	3:20:08	0:39:07	314	1:37:59	241	2:17:06	261	1:03:02	233	220		男子50-54歳	43
256	421	三原 寛司	61	男	東京都	3:20:37	0:39:59	329	1:36:00	213	2:15:59	257	1:04:38	250	221		男子60-64歳	19
257	363	山本 聡一郎	29	男	愛媛県	3:21:13	0:32:12	129	1:42:45	295	2:14:57	245	1:06:16	269	222		男子25-29歳	6
258	86	深野 由佳	30	女	福岡県	3:21:17	0:33:10	158	1:44:04	304	2:17:14	263	1:04:03	244		36	女子30-34歳	2
259	101	西川 渉	52	男	大分県	3:21:34	0:29:51	85	1:37:36	234	2:07:27	184	1:14:07	338	223		男子50-54歳	44
260	384	益田 高志	46	男	広島県	3:21:56	0:38:23	298	1:31:32	159	2:09:55	202	1:12:01	324	224		男子45-49歳	50
261	385	沢田 慎次郎	40	男	広島県	3:22:00	0:40:23	331	1:43:51	303	2:24:14	321	0:57:46	162	225		男子40-44歳	31
262	277	堀内 章広	58	男	東京都	3:22:00	0:38:04	293	1:35:54	212	2:13:58	235	1:08:02	290	226		男子55-59歳	28
263	254	脊板 宗利	53	男	岡山県	3:22:01	0:32:20	133	1:43:37	300	2:15:57	256	1:06:04	261	227		男子50-54歳	45
264	147	中村 奈緒子	49	女	福岡県	3:22:31	0:36:32	255	1:43:17	298	2:19:49	287	1:02:42	225		37	女子45-49歳	6
265	300	橋 由博	50	男	滋賀県	3:22:40	0:38:53	307	1:37:42	238	2:16:35	260	1:06:05	262	228		男子50-54歳	46
266	67	橘 剛毅	43	男	愛媛県	3:22:44	0:37:16	277	1:40:34	270	2:17:50	276	1:04:54	252	229		男子40-44歳	32
267	474	清水 章登	33	男	東京都	3:22:44	0:35:37	225	1:47:44	335	2:23:21	312	0:59:23	184	230		男子30-34歳	16
268	213	壽賀 公彦	42	男	広島県	3:22:47	0:33:18	162	1:30:58	151	2:04:16	148	1:18:31	359	231		男子40-44歳	33
269	311	一瀬 貴史	31	男	広島県	3:23:30	0:36:31	254	1:37:41	236	2:14:12	236	1:09:18	297	232		男子30-34歳	17
270	330	松井 宏樹	49	男	滋賀県	3:23:31	0:43:46	367	1:37:07	228	2:20:53	292	1:02:38	224	233		男子45-49歳	51
271	409	竹中 康夫	52	男	京都府	3:23:42	0:37:10	273	1:41:08	278	2:18:18	278	1:05:24	256	234		男子50-54歳	47
272	216	毛利 千里	57	女	愛媛県	3:23:44	0:36:50	264	1:40:34	271	2:17:24	265	1:06:20	270		38	女子55-59歳	5
273	313	尾崎 知彦	44	男	岡山県	3:24:20	0:46:45	380	1:30:59	153	2:17:44	273	1:06:36	275	235		男子40-44歳	34
274	355	西出 大介	49	男	岡山県	3:24:20	0:37:57	291	1:47:18	331	2:25:15	325	0:59:05	177	236		男子45-49歳	52
275	359	三好 香苗	52	女	愛媛県	3:24:31	0:40:24	332	1:47:11	330	2:27:35	341	0:56:56	152		39	女子50-54歳	11
276	377	安藤 亮一	33	男	神奈川県	3:24:34	0:39:07	315	1:43:45	302	2:22:52	308	1:01:42	212	237		男子30-34歳	18
277	368	山﨑 篤	48	男	岡山県	3:25:12	0:40:41	335	1:43:01	296	2:23:42	314	1:01:30	207	238		男子45-49歳	53
278	340	大野 直人	66	男	鹿児島県	3:25:52	0:38:06	294	1:39:34	259	2:17:40	270	1:08:12	292	239		男子65-69歳	10
279	329	曽我 政司	51	男	愛媛県	3:26:00	0:43:13	362	1:39:13	257	2:22:26	306	1:03:34	242	240		男子50-54歳	48
280	440	丹生 慶子	52	女	岡山県	3:26:07	0:35:41	227	1:51:54	363	2:27:35	342	0:58:32	170		40	女子50-54歳	12
281	298	宮田 直美	52	女	滋賀県	3:26:15	0:46:54	381	1:36:00	214	2:22:54	309	1:03:21	236		41	女子50-54歳	13
282	390	末吉 衛	59	男	沖縄県	3:26:19	0:36:01	241	1:31:11	154	2:07:12	180	1:19:07	362	241		男子55-59歳	29
283	374	伏見 智久	57	男	長野県	3:26:30	0:39:57	328	1:44:11	306	2:24:08	319	1:02:22	222	242		男子55-59歳	30
284	225	正清 賢治	54	男	岡山県	3:26:56	0:39:00	312	1:36:53	225	2:15:53	254	1:11:03	314	243		男子50-54歳	49
285	223	犬塚 哲司	67	男	静岡県	3:28:05	0:34:04	185	1:41:07	276	2:15:11	247	1:12:54	330	244		男子65-69歳	11
286	445	三津井 康太	32	男	広島県	3:28:12	0:38:35	300	1:42:21	288	2:20:56	293	1:07:16	280	245		男子30-34歳	19
287	239	西島 洋幸	69	男	広島県	3:28:21	0:37:29	281	1:37:46	239	2:15:15	248	1:13:06	333	246		男子65-69歳	12
288	214	末松 基樹	45	男	宮崎県	3:29:17	0:42:41	358	1:33:12	183	2:15:53	252	1:13:24	334	247		男子45-49歳	54
289	470	崎谷 信夫	49	男	広島県	3:29:35	0:48:28	392	1:40:40	272	2:29:08	350	1:00:27	192	248		男子45-49歳	55
290	182	中尾 勇一郎	49	男	広島県	3:29:36	0:33:17	161	1:46:01	322	2:19:18	282	1:10:18	305	249		男子45-49歳	56
291	447	尾藤 幸治	62	男	愛媛県	3:29:50	0:42:25	356	1:40:10	266	2:22:35	307	1:07:15	279	250		男子60-64歳	20
292	354	丸尾 良明	52	男	岡山県	3:29:52	0:43:07	360	1:42:36	292	2:25:43	328	1:04:09	245	251		男子50-54歳	50
293	128	雁幕 星児	54	男	広島県	3:30:00	0:32:14	130	1:42:34	291	2:14:48	244	1:15:12	345	252		男子50-54歳	51
294	320	岡本 将治	40	男	広島県	3:30:43	0:35:18	216	1:46:02	323	2:21:20	296	1:09:23	298	253		男子40-44歳	35
295	179	小河原 孝能	55	男	東京都	3:30:49	0:34:11	189	1:53:53	369	2:28:04	345	1:02:45	226	254		男子55-59歳	31
296	341	今岡 大也	55	男	愛媛県	3:30:58	0:35:25	218	1:46:56	329	2:22:21	303	1:08:37	295	255		男子55-59歳	32
297	393	高田 陽介	51	男	大阪府	3:30:58	0:46:06	377	1:38:22	249	2:24:28	323	1:06:30	272	256		男子50-54歳	52
298	346	下浦 恭文	60	男	岡山県	3:31:18	0:38:13	297	1:37:41	237	2:15:54	255	1:15:24	347	257		男子60-64歳	21
299	233	矢瀧 敬三	55	男	鳥取県	3:31:29	0:35:06	210	1:28:35	125	2:03:41	142	1:27:48	382	258		男子55-59歳	33
300	360	西井 伸洋	55	男	岡山県	3:31:30	0:41:19	344	1:36:30	222	2:17:49	275	1:13:41	335	259		男子55-59歳	34
301	286	伊藤 尚浩	43	男	兵庫県	3:31:30	0:36:02	242	1:44:05	305	2:20:07	290	1:11:23	317	260		男子40-44歳	36
302	191	小林 章浩	54	男	兵庫県	3:31:38	0:35:09	211	1:48:53	346	2:24:02	318	1:07:36	286	261		男子50-54歳	53
303	394	伯野 大樹	39	男	山口県	3:31:39	0:42:22	354	1:55:30	376	2:37:52	377	0:53:47	101	262		男子35-39歳	16
304	247	若木 眞喜子	73	女	鳥取県	3:31:42	0:35:40	226	1:48:13	340	2:23:53	316	1:07:49	288		42	女子70-74歳	1
305	356	森山 竜也	49	男	大阪府	3:31:52	0:35:36	222	1:44:13	307	2:19:49	288	1:12:03	325	263		男子45-49歳	57
306	63	小川 芳寛	57	男	京都府	3:32:04	0:29:13	75	1:46:33	326	2:15:46	250	1:16:18	351	264		男子55-59歳	35
307	415	GONZALEZ SAUL	33	男	広島県	3:32:04	0:47:03	382	1:35:19	205	2:22:22	304	1:09:42	301	265		男子30-34歳	20
308	46	長島 来夢	23	女	愛媛県	3:32:10	0:28:45	67	1:49:27	351	2:18:12	277	1:13:58	337		43	女子24歳以下	1
309	466	高野 向後	47	男	沖縄県	3:32:20	0:47:27	388	1:46:52	328	2:34:19	365	0:58:01	165	266		男子45-49歳	58
310	448	世良 真弓	60	女	岡山県	3:32:22	0:45:22	376	1:41:28	281	2:26:50	333	1:05:32	258		44	女子60-64歳	3
311	367	永山 幹夫	62	男	岡山県	3:32:37	0:42:37	357	1:44:29	311	2:27:06	335	1:05:31	257	267		男子60-64歳	22
312	112	苅田 知則	52	男	愛媛県	3:32:55	0:38:44	304	1:38:44	256	2:17:28	266	1:15:27	348	268		男子50-54歳	54
313	326	小松原 洋一	47	男	岡山県	3:33:10	0:36:47	262	1:42:39	293	2:19:26	283	1:13:44	336	269		男子45-49歳	59
314	301	那須 鋼太郎	43	男	東京都	3:33:43	0:42:23	355	1:43:40	301	2:26:03	330	1:07:40	287	270		男子40-44歳	37
315	282	三宅 一由	48	男	広島県	3:34:38	0:47:11	384	1:42:32	289	2:29:43	351	1:04:55	253	271		男子45-49歳	60
316	127	河村 浩	64	男	広島県	3:34:51	0:33:02	156	1:51:12	360	2:24:14	320	1:10:37	309	272		男子60-64歳	23
317	221	小林 徹伸	55	男	広島県	3:35:03	0:39:53	327	1:39:48	262	2:19:41	286	1:15:22	346	273		男子55-59歳	36
318	304	林 昭浩	65	男	愛知県	3:35:52	0:43:31	363	1:40:30	269	2:24:01	317	1:11:51	322	274		男子65-69歳	13
319	433	長田 華凜	28	女	神奈川県	3:36:01	0:47:05	383	1:41:26	280	2:28:31	347	1:07:30	284		45	女子25-29歳	3
320	417	渡部 花都美	41	女	愛媛県	3:36:01	0:40:56	340	1:46:38	327	2:27:34	340	1:08:27	294		46	女子40-44歳	5
321	404	伊藤 朝子	62	女	静岡県	3:36:03	0:41:14	343	1:42:34	290	2:23:48	315	1:12:15	326		47	女子60-64歳	4
322	315	田窪 剛	66	男	愛媛県	3:36:16	0:40:32	333	1:48:13	339	2:28:45	348	1:07:31	285	275		男子65-69歳	14
323	425	神村 正人	59	男	宮崎県	3:36:19	0:35:05	209	1:44:27	310	2:19:32	284	1:16:47	353	276		男子55-59歳	37
324	281	佐藤 浩一	54	男	愛媛県	3:36:22	0:37:37	283	1:48:04	338	2:25:41	327	1:10:41	310	277		男子50-54歳	55
325	366	秋山 裕一	52	男	岡山県	3:36:29	0:47:17	385	1:39:38	260	2:26:55	334	1:09:34	299	278		男子50-54歳	56
326	94	和泉 賢一	43	男	香川県	3:36:33	0:27:28	47	1:53:54	370	2:21:22	297	1:15:11	344	279		男子40-44歳	38
327	339	高橋 春美	52	女	香川県	3:36:43	0:42:42	359	1:40:59	275	2:23:41	313	1:13:02	332		48	女子50-54歳	14
328	258	新井 千尋	66	男	島根県	3:36:56	0:33:46	174	1:48:24	342	2:22:10	300	1:14:46	341	280		男子65-69歳	15
329	230	真杉 公二	57	男	東京都	3:37:03	0:38:56	308	1:41:43	284	2:20:39	291	1:16:24	352	281		男子55-59歳	38
330	429	深谷 崇	49	男	神奈川県	3:37:46	0:41:25	346	1:46:07	324	2:27:32	339	1:10:14	304	282		男子45-49歳	61
331	392	竹内 海里	33	男	神奈川県	3:37:53	0:41:22	345	1:52:22	364	2:33:44	361	1:04:09	246	283		男子30-34歳	21
332	162	池田 拓也	49	男	愛媛県	3:37:59	0:32:41	145	1:50:21	356	2:23:02	310	1:14:57	342	284		男子45-49歳	62
333	364	中村 美奈	48	女	大阪府	3:38:36	0:40:50	337	1:50:23	357	2:31:13	357	1:07:23	281		49	女子45-49歳	7
334	479	酒井 健	55	男	大阪府	3:38:47	0:38:57	311	1:47:23	332	2:26:20	332	1:12:27	328	285		男子55-59歳	39
335	190	栗 町子	65	女	広島県	3:39:16	0:33:32	170	1:47:29	334	2:21:01	295	1:18:15	358		50	女子65-69歳	2
336	316	山口 早知子	57	女	東京都	3:39:18	0:36:10	245	1:41:37	283	2:17:47	274	1:21:31	369		51	女子55-59歳	6
337	405	永山 晃之	44	男	愛媛県	3:40:25	0:40:54	339	1:45:00	313	2:25:54	329	1:14:31	339	286		男子40-44歳	39
338	163	新山 忠	57	男	広島県	3:40:59	0:33:28	167	1:44:14	308	2:17:42	271	1:23:17	372	287		男子55-59歳	40
339	347	上田 浩史	61	男	徳島県	3:41:09	0:37:01	269	1:45:14	315	2:22:15	301	1:18:54	361	288		男子60-64歳	24
340	454	垂髪 あかり	44	女	兵庫県	3:41:47	0:33:49	175	2:06:24	400	2:40:13	383	1:01:34	209		52	女子40-44歳	6
341	410	石川 剛	69	男	愛媛県	3:42:18	0:36:47	263	1:50:28	358	2:27:15	336	1:15:03	343	289		男子65-69歳	16
342	306	野村 誠一郎	58	男	広島県	3:42:19	0:39:37	323	1:45:23	317	2:25:00	324	1:17:19	355	290		男子55-59歳	41
343	132	黒岩 利咲	33	女	広島県	3:43:02	0:42:05	351	1:49:04	348	2:31:09	355	1:11:53	323		53	女子30-34歳	3
344	338	片桐 元	65	男	和歌山県	3:43:13	0:41:43	347	1:45:41	318	2:27:24	338	1:15:49	349	291		男子65-69歳	17
345	293	川合 智二	58	男	岡山県	3:43:47	0:40:06	330	1:41:16	279	2:21:22	298	1:22:25	370	292		男子55-59歳	42
346	380	井踏 夕佳	51	女	埼玉県	3:44:03	0:42:20	353	1:55:33	377	2:37:53	378	1:06:10	265		54	女子50-54歳	15
347	170	岡野 知明	57	男	三重県	3:44:23	0:57:10	404	1:45:50	321	2:43:00	387	1:01:23	205	293		男子55-59歳	43
348	334	五味 明子	44	女	福岡県	3:44:27	0:38:00	292	1:45:09	314	2:23:09	311	1:21:18	368		55	女子40-44歳	7
349	431	石川 友計	46	男	香川県	3:44:51	0:43:37	365	1:48:19	341	2:31:56	358	1:12:55	331	294		男子45-49歳	63
350	144	高田 信康	62	男	大阪府	3:44:59	0:39:27	320	1:48:40	344	2:28:07	346	1:16:52	354	295		男子60-64歳	25
351	357	矢野 将文	50	男	愛媛県	3:45:01	0:41:04	342	1:53:28	367	2:34:32	367	1:10:29	307	296		男子50-54歳	57
352	461	桐石 裕充	54	男	香川県	3:45:55	0:44:39	372	1:49:57	353	2:34:36	370	1:11:19	316	297		男子50-54歳	58
353	370	底田 辰之	49	男	滋賀県	3:46:02	0:37:13	275	1:57:16	384	2:34:29	366	1:11:33	319	298		男子45-49歳	64
354	406	藤井 秀一	53	男	広島県	3:46:41	0:51:49	401	1:43:37	299	2:35:26	372	1:11:15	315	299		男子50-54歳	59
355	407	工藤 将人	50	男	滋賀県	3:46:58	0:43:08	361	1:55:52	379	2:39:00	380	1:07:58	289	300		男子50-54歳	60
356	408	藤野 尚志	62	男	滋賀県	3:47:22	0:41:58	350	1:45:22	316	2:27:20	337	1:20:02	364	301		男子60-64歳	26
357	333	佐々木 寿	52	男	広島県	3:47:38	0:34:37	200	1:40:07	265	2:14:44	242	1:32:54	386	302		男子50-54歳	61
358	292	安達 正志	66	男	徳島県	3:47:59	0:39:29	321	1:48:24	343	2:27:53	344	1:20:06	365	303		男子65-69歳	18
359	378	前橋 知典	54	男	岡山県	3:48:12	0:44:01	369	1:57:55	389	2:41:56	385	1:06:16	268	304		男子50-54歳	62
360	351	伊原 誠二	51	男	岡山県	3:48:54	0:41:53	349	1:45:49	320	2:27:42	343	1:21:12	367	305		男子50-54歳	63
361	427	権 明燦	72	男	広島県	3:49:08	0:36:29	253	1:47:58	336	2:24:27	322	1:24:41	377	306		男子70-74歳	3
362	161	川越 大輔	45	男	愛知県	3:50:15	0:32:59	154	1:49:24	350	2:22:23	305	1:27:52	383	307		男子45-49歳	65
363	278	松下 実	65	男	東京都	3:50:23	0:39:53	326	1:46:23	325	2:26:16	331	1:24:07	374	308		男子65-69歳	19
364	120	熊佐 俊介	64	男	広島県	3:50:25	0:31:24	116	1:49:59	354	2:21:23	299	1:29:02	385	309		男子60-64歳	27
365	365	乾 康之	57	男	東京都	3:50:29	0:44:33	371	1:50:03	355	2:34:36	369	1:15:53	350	310		男子55-59歳	44
366	276	木下 健吾	56	男	東京都	3:51:29	0:37:26	279	1:56:29	381	2:33:55	362	1:17:34	356	311		男子55-59歳	45
367	275	仲川 豪	55	男	大阪府	3:51:48	0:34:52	202	1:59:08	393	2:34:00	363	1:17:48	357	312		男子55-59歳	46
368	442	中尾 真弓	51	女	兵庫県	3:51:51	0:51:28	400	1:45:47	319	2:37:15	376	1:14:36	340		56	女子50-54歳	16
369	177	伊賀 将治	51	男	兵庫県	3:52:47	0:35:55	236	1:49:37	352	2:25:32	326	1:27:15	381	313		男子50-54歳	64
370	295	木下 龍太郎	49	男	岡山県	3:53:25	0:37:49	289	1:56:45	382	2:34:34	368	1:18:51	360	314		男子45-49歳	66
371	379	篠田 和明	51	男	東京都	3:53:27	0:45:01	374	1:57:35	386	2:42:36	386	1:10:51	312	315		男子50-54歳	65
372	217	高田 千香	51	女	大阪府	3:54:30	0:35:29	219	1:59:14	395	2:34:43	371	1:19:47	363		57	女子50-54歳	17
373	449	小林 由佳子	62	女	神奈川県	3:54:43	0:46:19	379	1:57:01	383	2:43:20	388	1:11:23	318		58	女子60-64歳	5
374	416	藤原 昭宏	52	男	山口県	3:54:44	0:47:18	386	1:57:49	388	2:45:07	391	1:09:37	300	316		男子50-54歳	66
375	290	桶谷 重雄	59	男	大阪府	3:54:54	0:38:39	303	1:51:43	361	2:30:22	353	1:24:32	376	317		男子55-59歳	47
376	398	宮井 亜紗子	41	女	神奈川県	3:55:03	0:49:52	396	1:54:42	373	2:44:34	390	1:10:29	308		59	女子40-44歳	8
377	289	星川 君夫	72	男	愛媛県	3:55:40	0:39:24	319	1:51:46	362	2:31:10	356	1:24:30	375	318		男子70-74歳	4
378	251	前田 邦子	66	女	鳥取県	3:56:42	0:36:12	247	1:58:00	391	2:34:12	364	1:22:30	371		60	女子65-69歳	3
379	109	内山 文央	36	男	三重県	3:56:52	0:35:00	207	1:56:02	380	2:31:02	354	1:25:50	379	319		男子35-39歳	17
380	180	近藤 芳仁	55	男	愛媛県	3:57:01	0:40:58	341	1:48:01	337	2:28:59	349	1:28:02	384	320		男子55-59歳	48
381	386	土居 幸仁	64	男	東京都	3:59:45	0:44:49	373	1:51:04	359	2:35:53	373	1:23:52	373	321		男子60-64歳	28
382	291	岩崎 基造	58	男	大阪府	3:59:46	0:36:07	244	2:02:44	398	2:38:51	379	1:20:55	366	322		男子55-59歳	49
383	352	長井 茂	73	男	愛媛県	3:59:55	0:39:18	317	1:54:14	372	2:33:32	360	1:26:23	380	323		男子70-74歳	5
384	443	西江 正彦	49	男	岡山県	3:59:58	0:49:55	397	1:57:35	387	2:47:30	395	1:12:28	329	324		男子45-49歳	67
385	469	中村 慎吾	50	男	岡山県	4:01:16	0:54:43	402	1:55:41	378	2:50:24	398	1:10:52	313	325		男子50-54歳	67
386	107	宮本 忠広	64	男	岡山県	4:03:15	0:35:46	231	1:54:10	371	2:29:56	352	1:33:19	387	326		男子60-64歳	29
TOV	212	林 優子	69	女	香川県	4:07:10	0:43:55	368	1:57:25	385	2:41:20	384	1:25:50	378			女子65-69歳	
DNF	257	小笠 秀二郎	72	男	徳島県		0:43:35	364	1:52:44	365	2:36:19	374					男子70-74歳	
DNF	261	塚本 稔	56	男	広島県		0:37:55	290	1:54:54	374	2:32:49	359					男子55-59歳	
DNF	328	内田 隆	58	男	広島県		0:41:44	348	1:58:23	392	2:40:07	381					男子55-59歳	
DNF	361	菊川 琢哉	52	男	愛媛県		0:45:02	375	2:00:24	397	2:45:26	393					男子50-54歳	
DNF	375	幸村 潮菜	51	女	東京都		0:47:19	387	1:57:58	390	2:45:17	392					女子50-54歳	
DNF	389	仁野 裕一	54	男	大阪府		0:49:27	395	1:59:08	394	2:48:35	396					男子50-54歳	
DNF	400	中塚 賢	63	男	大阪府		0:58:12	405	1:53:31	368	2:51:43	401					男子60-64歳	
DNF	414	田中 嶺吾	25	男	東京都		0:56:29	403	1:55:09	375	2:51:38	400					男子25-29歳	
DNF	419	仲村 哲	54	男	愛媛県		0:51:02	398	1:49:05	349	2:40:07	382					男子50-54歳	
DNF	422	丸山 和伸	55	男	香川県		0:48:18	391	2:03:19	399	2:51:37	399					男子55-59歳	
DNF	439	星野 真介	49	男	滋賀県		0:51:04	399	1:53:23	366	2:44:27	389					男子45-49歳	
DNF	446	西崎 友統	47	男	岡山県		0:36:33	256	2:08:59	401	2:45:32	394					男子45-49歳	
DNF	453	加藤 明仁	37	男	神奈川県		0:47:58	390	1:49:02	347	2:37:00	375					男子35-39歳	
DNF	476	小屋松 博志	55	男	広島県		0:48:44	393	1:59:56	396	2:48:40	397					男子55-59歳	
DNF	58	新宮 瑞夫	64	男	島根県		0:26:27	27									男子60-64歳	
DNF	185	井踏 一紀	57	男	埼玉県		0:29:16	76									男子55-59歳	
DNF	327	村井 登	76	男	香川県		0:49:19	394									男子75歳以上	
DNF	402	清家 志津子	57	女	愛媛県		0:47:31	389									女子55-59歳	
DNF	202	佐野 哲也	58	男	滋賀県												男子55-59歳	
DNF	388	吉岡 勇樹	35	男	島根県												男子35-39歳	
DNF	391	木村 紘規	37	男	広島県												男子35-39歳	
DNF	411	永山 晋也	50	男	愛媛県												男子50-54歳	
DNF	438	山本 正仁	48	男	京都府												男子45-49歳	
DNF	460	川上 佳孝	50	男	広島県												男子50-54歳	
SKIP	173	谷口 雄己	52	男	山口県				1:42:05				1:05:34				男子50-54歳	
SKIP	244	廣渡 裕介	29	男	神奈川県				2:00:21				1:04:11				男子25-29歳	
SKIP	249	荒 誠	51	男	香川県				1:46:08								男子50-54歳	
SKIP	262	伊東 達次	55	男	福岡県				1:37:31				1:11:32				男子55-59歳	
SKIP	342	小猿 純一	53	男	兵庫県				1:42:07				1:12:30				男子50-54歳	
SKIP	387	寺尾 佳樹	52	男	香川県		0:42:22						1:05:17				男子50-54歳	
SKIP	420	梅原 和典	47	男	大阪府				1:56:36				1:03:39				男子45-49歳	
SKIP	428	難波 健一	47	男	愛媛県				1:37:52				0:57:50				男子45-49歳	
SKIP	436	楠見 敦美	53	女	東京都				2:08:56				1:19:22				女子50-54歳	
SKIP	477	仲谷 善文	61	男	東京都				2:08:07				1:02:59				男子60-64歳	
DSQ	349	工藤 信人	71	男	徳島県	3:28:04	0:39:52		1:41:10		2:21:02		1:07:02				男子70-74歳	
DSQ	371	古川 美喜男	56	男	愛知県	3:47:53	0:43:11		2:05:17		2:48:28		0:59:25				男子55-59歳	
DSQ	473	高見澤 哲矢	57	男	宮城県	3:38:24	0:40:12		1:41:34		2:21:46		1:16:38				男子55-59歳	
DNS	22	信濃 俊介	45	男	香川県												男子45-49歳	
DNS	28	岸本 敦也	53	男	広島県												男子50-54歳	
DNS	36	福島 良一	52	男	鳥取県												男子50-54歳	
DNS	43	井上 剣正	46	男	愛媛県												男子45-49歳	
DNS	79	笹部 泰宏	50	男	岡山県												男子50-54歳	
DNS	81	小川 暁子	46	女	広島県												女子45-49歳	
DNS	85	竹村 浩和	47	男	兵庫県												男子45-49歳	
DNS	87	谷畑 義博	75	男	熊本県												男子75歳以上	
DNS	89	小林 裕幸	54	男	広島県												男子50-54歳	
DNS	90	山田 篤佳	48	男	高知県												男子45-49歳	
DNS	98	森本 正法	70	男	東京都												男子70-74歳	
DNS	106	岡本 隆二	55	男	岐阜県												男子55-59歳	
DNS	138	山下 泰輔	33	男	愛媛県												男子30-34歳	
DNS	148	百村 慎太郎	47	男	大阪府												男子45-49歳	
DNS	152	徳永 アリノブ	56	男	愛媛県												男子55-59歳	
DNS	156	山根 一洋	53	男	広島県												男子50-54歳	
DNS	188	石橋 誠	59	男	鳥取県												男子55-59歳	
DNS	193	瀬良 浩二	57	男	広島県												男子55-59歳	
DNS	204	新開 勉	68	男	香川県												男子65-69歳	
DNS	220	一色 翼	42	男	愛媛県												男子40-44歳	
DNS	227	富永 章敬	56	男	愛知県												男子55-59歳	
DNS	229	烏谷 清隆	54	男	香川県												男子50-54歳	
DNS	235	殿山 恭代	63	女	広島県												女子60-64歳	
DNS	252	近藤 佐枝	50	女	岡山県												女子50-54歳	
DNS	253	福井 操志	52	男	滋賀県												男子50-54歳	
DNS	265	近藤 大輔	40	男	愛媛県												男子40-44歳	
DNS	280	近藤 由美雄	62	男	愛媛県												男子60-64歳	
DNS	305	前田 博幸	78	男	徳島県												男子75歳以上	
DNS	312	上野 正和	51	男	広島県												男子50-54歳	
DNS	317	中村 健太郎	38	男	神奈川県												男子35-39歳	
DNS	319	立松 雅志	58	男	愛知県												男子55-59歳	
DNS	321	横尾 和俊	63	男	広島県												男子60-64歳	
DNS	322	清水 啓太	44	男	広島県												男子40-44歳	
DNS	362	郷堀 宏史	71	男	広島県												男子70-74歳	
DNS	369	出原 温子	36	女	大阪府												女子35-39歳	
DNS	396	山田 聡	55	男	広島県												男子55-59歳	
DNS	403	大島 昇	67	男	埼玉県												男子65-69歳	
DNS	412	小宮 春希	27	男	香川県												男子25-29歳	
DNS	418	佐藤 誠亮	45	男	広島県												男子45-49歳	
DNS	423	山本 哲史	39	男	広島県												男子35-39歳	
DNS	424	藤本 正己	64	男	徳島県												男子60-64歳	
DNS	426	藤澤 陽三	49	男	東京都												男子45-49歳	
DNS	432	平野 寛造	57	男	兵庫県												男子55-59歳	
DNS	434	坂元 浩	63	男	広島県												男子60-64歳	
DNS	435	岡本 泰宜	60	男	愛知県												男子60-64歳	
DNS	437	赤穂谷 匡広	54	男	東京都												男子50-54歳	
DNS	441	大野 理紗	46	女	大阪府												女子45-49歳	
DNS	450	島野 耕平	28	男	東京都												男子25-29歳	
DNS	451	志賀 さおり	56	女	東京都												女子55-59歳	
DNS	458	高木 里紗	45	女	香川県												女子45-49歳	
DNS	465	窪内 進	46	男	高知県												男子45-49歳	
DNS	467	上原 聖也	36	男	岡山県												男子35-39歳	
DNS	468	野尻 克宏	51	男	広島県												男子50-54歳	
DNS	471	深谷 瑞樹	32	男	愛知県												男子30-34歳	
DNS	472	加藤 克人	59	男	徳島県										