総合順位	No.	氏名	年齢	性別	都道府県	総合記録	ｽｲﾑﾗｯﾌﾟ	Ｓ順	ﾊﾞｲｸﾗｯﾌﾟ	Ｂ順	ｽﾌﾟﾘｯﾄ	通過	ﾗﾝﾗｯﾌﾟ	Ｒ順	男子順位	女子順位	年齢区分	年齡別順	川崎市	川崎市順位
1	501	稲 寛太	15	男	東京都	0:58:15	0:10:08	1	0:31:29	1	0:41:37	1	0:16:38	1	1		M15-19			
2	511	芝 龍一	25	男	神奈川県	1:03:30	0:11:00	2	0:33:39	3	0:44:39	3	0:18:51	3	2		M25-29		スプリント川崎市民の部男子	1
3	525	淺井 邦人	46	男	静岡県	1:04:10	0:11:40	5	0:32:29	2	0:44:09	2	0:20:01	10	3		M45-49			
4	503	渡辺 憩	16	男	神奈川県	1:05:29	0:11:13	3	0:35:29	8	0:46:42	5	0:18:47	2	4		M15-19	1	スプリント川崎市民の部男子	2
5	568	木村 綾愛	29	女	埼玉県	1:08:05	0:11:46	7	0:36:47	11	0:48:33	9	0:19:32	7		1	F25-29			
6	518	竹田 慎吾	30	男	愛知県	1:08:40	0:11:32	4	0:35:05	6	0:46:37	4	0:22:03	23	5		M30-34	1		
7	515	山下 優太郎	29	男	東京都	1:08:57	0:12:41	8	0:35:20	7	0:48:01	7	0:20:56	13	6		M25-29	1		
8	545	永井 克明	57	男	埼玉県	1:09:11	0:13:44	10	0:33:59	4	0:47:43	6	0:21:28	19	7		M55-59	1		
9	542	栗原 誠仁	56	男	神奈川県	1:10:08	0:13:59	13	0:34:16	5	0:48:15	8	0:21:53	21	8		M55-59	2		
10	550	松山 文人	59	男	神奈川県	1:10:17	0:11:42	6	0:37:30	15	0:49:12	10	0:21:05	15	9		M55-59	3	スプリント川崎市民の部男子	3
11	509	北島 智史	23	男	大阪府	1:11:12	0:13:29	9	0:37:23	14	0:50:52	12	0:20:20	11	10		M20-24	1		
12	517	石田 涼太郎	30	男	東京都	1:11:16	0:15:35	31	0:36:29	10	0:52:04	13	0:19:12	4	11		M30-34	2		
13	541	山本 英永	54	男	神奈川県	1:11:18	0:13:54	12	0:36:20	9	0:50:14	11	0:21:04	14	12		M50-54	1		
14	533	石井 智明	50	男	東京都	1:12:26	0:14:53	22	0:37:44	18	0:52:37	17	0:19:49	9	13		M50-54	2		
15	526	中嶋 出	46	男	東京都	1:12:35	0:15:22	29	0:38:01	19	0:53:23	19	0:19:12	5	14		M45-49	1		
16	506	宮坂 拓見	19	男	千葉県	1:12:53	0:13:49	11	0:39:48	26	0:53:37	21	0:19:16	6	15		M15-19	2		
17	556	丹野 憲仁	61	男	神奈川県	1:14:07	0:15:12	27	0:37:20	13	0:52:32	16	0:21:35	20	16		M60-64	1		
18	505	東野 真之介	19	男	東京都	1:14:24	0:14:21	16	0:39:28	23	0:53:49	22	0:20:35	12	17		M15-19	3		
19	548	吉川 誠司	58	男	埼玉県	1:14:33	0:14:35	19	0:37:32	16	0:52:07	14	0:22:26	25	18		M55-59	4		
20	562	柘植 孝之	66	男	愛知県	1:15:09	0:15:07	26	0:38:06	20	0:53:13	18	0:21:56	22	19		M65-69	1		
21	543	出口 雄二	56	男	福島県	1:15:15	0:14:51	21	0:37:38	17	0:52:29	15	0:22:46	28	20		M55-59	5		
22	502	阿久津 央佑	16	男	東京都	1:15:31	0:14:44	20	0:39:30	25	0:54:14	24	0:21:17	17	21		M15-19	4		
23	507	石井 新智	21	男	東京都	1:15:35	0:17:31	41	0:36:58	12	0:54:29	25	0:21:06	16	22		M20-24	2		
24	537	海瀬 隆太郎	52	男	東京都	1:15:36	0:14:01	14	0:39:29	24	0:53:30	20	0:22:06	24	23		M50-54	3		
25	547	長澤 一久	58	男	神奈川県	1:18:20	0:16:33	35	0:39:08	21	0:55:41	28	0:22:39	26	24		M55-59	6		
26	560	山田 浩司	63	男	東京都	1:19:10	0:17:04	38	0:40:41	28	0:57:45	31	0:21:25	18	25		M60-64	2		
27	559	長田 浩史	62	男	千葉県	1:19:15	0:15:00	23	0:39:12	22	0:54:12	23	0:25:03	38	26		M60-64	3		
28	539	中川 健一	53	男	兵庫県	1:19:17	0:15:02	24	0:40:31	27	0:55:33	26	0:23:44	33	27		M50-54	4		
29	534	内田 貴史	50	男	茨城県	1:19:51	0:17:20	39	0:42:53	33	1:00:13	37	0:19:38	8	28		M50-54	5		
30	571	大野 香織	44	女	東京都	1:20:31	0:16:51	36	0:40:47	29	0:57:38	30	0:22:53	30		2	F40-44			
31	528	倉山 智春	48	男	東京都	1:22:28	0:14:24	17	0:42:43	32	0:57:07	29	0:25:21	40	29		M45-49	2		
32	536	藤原 豊	51	男	神奈川県	1:22:31	0:18:15	45	0:41:25	30	0:59:40	34	0:22:51	29	30		M50-54	6		
33	508	山本 凌平	21	男	東京都	1:24:14	0:15:14	28	0:44:40	40	0:59:54	35	0:24:20	37	31		M20-24	3		
34	527	中野 悟	47	男	神奈川県	1:24:40	0:15:03	25	0:43:16	37	0:58:19	32	0:26:21	44	32		M45-49	3		
35	514	井戸川 義人	29	男	千葉県	1:25:39	0:20:03	57	0:42:54	34	1:02:57	40	0:22:42	27	33		M25-29	2		
36	546	伯野 史彦	57	男	東京都	1:26:45	0:14:09	15	0:41:31	31	0:55:40	27	0:31:05	59	34		M55-59	7		
37	510	駒木 優一	25	男	神奈川県	1:27:01	0:15:46	32	0:43:06	36	0:58:52	33	0:28:09	51	35		M25-29	3		
38	569	八木 里菜	35	女	東京都	1:27:24	0:18:19	47	0:45:04	42	1:03:23	42	0:24:01	35		3	F35-39			
39	574	宮野 真樹	55	女	東京都	1:27:26	0:18:21	48	0:44:51	41	1:03:12	41	0:24:14	36		4	F55-59	1		
40	538	草原 康行	52	男	神奈川県	1:27:39	0:18:01	43	0:42:55	35	1:00:56	38	0:26:43	46	36		M50-54	7		
41	552	由利 宏幸	59	男	東京都	1:28:59	0:16:57	37	0:44:20	38	1:01:17	39	0:27:42	49	37		M55-59	8		
42	558	粕谷 政則	62	男	神奈川県	1:29:05	0:19:42	55	0:46:18	46	1:06:00	48	0:23:05	31	38		M60-64	4		
43	531	青木 功雄	49	男	神奈川県	1:29:43	0:15:46	33	0:48:22	54	1:04:08	45	0:25:35	41	39		M45-49	4	スプリント川崎市民の部男子	4
44	544	長島 康寿之	56	男	神奈川県	1:30:34	0:15:55	34	0:48:07	53	1:04:02	44	0:26:32	45	40		M55-59	9		
45	570	石川 美貴子	42	女	東京都	1:30:39	0:21:13	62	0:46:14	45	1:07:27	55	0:23:12	32		5	F40-44	1		
46	549	新堀 隆章	59	男	神奈川県	1:31:44	0:15:35	30	0:44:25	39	1:00:00	36	0:31:44	60	41		M55-59	10	スプリント川崎市民の部男子	5
47	532	若林 裕	49	男	千葉県	1:32:15	0:18:31	49	0:45:24	43	1:03:55	43	0:28:20	52	42		M45-49	5		
48	529	後藤 将志	48	男	東京都	1:32:49	0:20:32	61	0:48:32	55	1:09:04	56	0:23:45	34	43		M45-49	6		
49	504	亀井 侑	18	男	神奈川県	1:33:04	0:19:05	51	0:47:42	51	1:06:47	53	0:26:17	42	44		M15-19	5		
50	512	菅 航平	26	男	神奈川県	1:33:04	0:19:34	54	0:47:11	50	1:06:45	52	0:26:19	43	45		M25-29	4		
51	520	千本木 祐介	36	男	群馬県	1:33:58	0:17:30	40	0:49:21	57	1:06:51	54	0:27:07	47	46		M35-39	1		
52	551	三好 一郎	59	男	神奈川県	1:35:17	0:20:08	58	0:46:35	47	1:06:43	51	0:28:34	53	47		M55-59	11	スプリント川崎市民の部男子	6
53	576	芳野 尚子	61	女	神奈川県	1:35:17	0:19:05	52	0:46:42	48	1:05:47	47	0:29:30	56		6	F60-64	1		
54	557	芳野 照久	61	男	神奈川県	1:35:17	0:20:21	60	0:45:54	44	1:06:15	49	0:29:02	55	48		M60-64	5		
55	561	関口 修一	65	男	神奈川県	1:35:59	0:18:13	44	0:47:06	49	1:05:19	46	0:30:40	58	49		M65-69	2		
56	535	川浪 康範	51	男	東京都	1:36:28	0:19:54	56	0:49:13	56	1:09:07	58	0:27:21	48	50		M50-54	8		
57	519	中村 勇太	35	男	群馬県	1:37:26	0:19:00	50	0:53:22	64	1:12:22	61	0:25:04	39	51		M35-39	2		
58	513	上羽 隼平	27	男	埼玉県	1:38:39	0:19:33	53	0:51:19	61	1:10:52	59	0:27:47	50	52		M25-29	5		
59	516	池永 幸平	30	男	神奈川県	1:39:25	0:18:15	46	0:50:51	59	1:09:06	57	0:30:19	57	53		M30-34	3		
60	572	立川 千晴	44	女	神奈川県	1:39:48	0:23:02	64	0:48:07	52	1:11:09	60	0:28:39	54		7	F40-44	2		
61	566	大橋 徹	79	男	神奈川県	1:49:00	0:20:16	59	0:54:59	65	1:15:15	63	0:33:45	63	54		M75-79	1		
62	565	沖村 政則	73	男	東京都	1:51:04	0:21:54	63	0:50:35	58	1:12:29	62	0:38:35	65	55		M70-74	1		
63	555	高木 敏夫	61	男	東京都	1:51:18	0:24:48	65	0:52:35	63	1:17:23	64	0:33:55	64	56		M60-64	6		
64	563	大橋 弘一	67	男	神奈川県	1:51:49	0:28:49	67	0:51:14	60	1:20:03	65	0:31:46	61	57		M65-69	3	スプリント川崎市民の部男子	7
65	521	井土 清貴	39	男	神奈川県	1:52:46	0:14:34	18	0:51:43	62	1:06:17	50	0:46:29	66	58		M35-39	3	スプリント川崎市民の部男子	8
66	573	四宮 三嘉	49	女	神奈川県	1:57:23	0:25:11	66	0:58:28	66	1:23:39	66	0:33:44	62		8	F45-49	1	スプリント川崎市民の部女子	1
DNF	564	百塚 為靖	70	男	東京都		0:17:39	42									M70-74			
DNF	523	近藤 芳憲	40	男	群馬県												M40-44			
DNF	524	三浦 慎也	44	男	東京都												M40-44			
DNF	554	鈴木 康隆	61	男	茨城県												M60-64			
SKIP	530	永松 聡一郎	48	男	東京都				0:44:07				0:29:13				M45-49			
DNS	522	神田 智史	39	男	埼玉県												M35-39			
DNS	540	藤田 悟	53	男	神奈川県												M50-54			
DNS	553	池田 勝次	60	男	神奈川県												M60-64		スプリント川崎市民の部男子	
DNS	567	岡本 花梨	28	女	栃木県												F25-29			
